sXuVdXozqYMrioX5jDn88Xw7hbogoDw7vysJMTRrcYKdH2RT07HI9OZ4i11CVMQpatex01KFrXeF717j4bva8L5N8hTqSoJTic1v22gZAgY= 

sXuVdXozqYMrioX5jDn88drOwi67IAXOAryyxEe1FF+TDiAtNDk3RJCrheAdn7CMpaSetjpnztx5I4ju+riLwtOvvsqPYjV1hMTMuroF2QI= 

sXuVdXozqYMrioX5jDn88VWXLo1i0diI8or9esIXQH8kl58+2FWZB/MS1WGHTyJ52Smt++J4nZDmkReaVLxX9Yz4OWhBEP11w65Y7Dnssrs= 

sXuVdXozqYMrioX5jDn88VWXLo1i0diI8or9esIXQH8kl58+2FWZB/MS1WGHTyJ52Smt++J4nZDmkReaVLxX9Zsox0weZrJpWQ4wZaiEpBs= 

sXuVdXozqYMrioX5jDn88VjfnHsFa5qcnFzZb3zn1XsjPVViee83mcynAPhflFC1AkD6PqiVfLywDLgp9ytMfQamwisRaQu3Hb6fU3bXHTA= 

sXuVdXozqYMrioX5jDn88VjfnHsFa5qcnFzZb3zn1XsjPVViee83mcynAPhflFC1AkD6PqiVfLywDLgp9ytMfe271nMbnVo0I1ACmHBGwdeIDLerRg7NUIUC/hKjTPed 

sXuVdXozqYMrioX5jDn88R9BYUnhOQi+eVfNEMsTfX2IEC9/+XmwpvX6QUyZZqSUkmPg4BMQmy+/Ezxjz4O0GY/CUwcQ5A7VnoiPtrz8k6YyRehIetoUAwgtap7v+UmzwEBUx5iaGyCAPy7M0HlUUQ== 

N62h1OksqhwNky9/jXG4vKetuNEMsvuzK+PanipLaLONVn3YQ7JIddDyZe0zAYPOd7t2mvsU2J+Xzn48ywnnVxSGQf8mVtStRSJj3jhxXV0= 

N62h1OksqhwNky9/jXG4vBBF6xCSxdpgBfgRs2QDib/kYmUJ+KdBjrkSHcnQYs6QKS7gcStiICHaBsJVGMTg/Ps4Ze/cyHRmGNEzLCJKwGU= 

N62h1OksqhwNky9/jXG4vHbtL4nsu5e4qeIomeGSyqWbF2ngbdkvHWVzftKLnsUkivWAoF+PGaXQaPjIhS2Rt5mogZifyyfLq4irmCRL6nw= 

N62h1OksqhwNky9/jXG4vFgUNMi73tMmvH9MgfBJFqhqSvKMzl5VI4iGOISYIKtFN8mc08EBHhVHwATTvD1xw2G0AiAr8K4olHC69WG+V74= 

N62h1OksqhwNky9/jXG4vFgUNMi73tMmvH9MgfBJFqhqSvKMzl5VI4iGOISYIKtFN8mc08EBHhVHwATTvD1xw620haLPx7HDGw42CYBraYY= 

N62h1OksqhwNky9/jXG4vKBuhCgxOTd2mW0qKypa14zlUXbM3+nc6sAxvp4BjdIwgbun089wtfmQhzodIQFaRvDJ+9N4E4dq0du06+lgYak= 

N62h1OksqhwNky9/jXG4vKBuhCgxOTd2mW0qKypa14zlUXbM3+nc6sAxvp4BjdIwgbun089wtfmQhzodIQFaRpg0neV6QyQfYupXtmALnagXVWkPoNvEml0VSBmOdRlw 

N62h1OksqhwNky9/jXG4vJqosrdSlHig08fvEN+WeJiqAfOFygK1lvCisCEckkof4L7u0Lbz8h1NNp0c6dOKnx8w7a9kVW+4GkWx5wq8/0Wn+YeQfDl7bZuGhiGlXf/3p2/dOCryxQWX3vQrh2NeTQ== 

G0YKa5JfNjlSsDpkjSBweoa7RvzVlT0n8E0VKQP71j7guDJkiOWPVsWUqBjllZDO6LH7PWtW1hxbanHENNSZuvOSbMWQQDBfcQCHDQynscU= 

G0YKa5JfNjlSsDpkjSBweh0r94sQnBT1xqtjRMzHVcs4xqQxEXNqmWwkOCrxvWouZkcUSA5P0EaqnlInjGVynwenWP8UrwnaaGwmediD4aM= 

G0YKa5JfNjlSsDpkjSBwerlxRydknZP4nYxQYS1Pes0pbr38wcUyQIqodPF6X/BYiSuGivonqWNu7tzR3bk3HkhiTNn19brLA77HdhWkSyQ= 

G0YKa5JfNjlSsDpkjSBwerlxRydknZP4nYxQYS1Pes0pbr38wcUyQIqodPF6X/BYiSuGivonqWNu7tzR3bk3HlsHbk/OR/wVaTWg9yKRCVQ= 

G0YKa5JfNjlSsDpkjSBwehv285dv9u89PsJHSKWWBQTgiS6pEAiXKsGjWU67VIOJz9rylhJ1d7WyLfsnNey2QLqJ+NmQ4fAb53VcWvcn55o= 

G0YKa5JfNjlSsDpkjSBwehv285dv9u89PsJHSKWWBQTgiS6pEAiXKsGjWU67VIOJz9rylhJ1d7WyLfsnNey2QCR07TvHHBi9GRleUeXV6s4= 

G0YKa5JfNjlSsDpkjSBwehv285dv9u89PsJHSKWWBQTgiS6pEAiXKsGjWU67VIOJz9rylhJ1d7WyLfsnNey2QPXpJVy8NYMA2/sIwzYTxOvutGiFRRcVEZowqsIb37X8 

G0YKa5JfNjlSsDpkjSBwenPEZ/TusMxw5HUIqoSKsBVpMQgCU7O7Zq7B22r4Vt6DZiJN6VPBcIFZb985OQiJ6crl2XKXn05qfwKbYzDYne+qlqDnOAC8XlOY+zcCp5TfEjtDpOxyFEtJSesK9V+mug== 

ZfpleG4WpVMh8GGX01VbXaVaVZYC/5PAoqN7FlCpl8/ODgmZfuKXuO/0HpGrDWeDq9Y6uQMvCgAxzLNG9D6VtsWCt3Cvum+BGAzJcJdKhNs= 

ZfpleG4WpVMh8GGX01VbXXzKyL/HSsjE9rS4czaOsXBM7hzUXDVfpKltZmWnE0WcfwkAA4QuOa8sisgAYWDaoDOScA3p7JTjQwcvQVgoHIg= 

ZfpleG4WpVMh8GGX01VbXV5gB6bO0Vp0yM3qCqawInJsQlzelgU4KyTusxtl7PwMKAtNGIXUC3GtT/klz4vIOueYbJumA+2S7/jMwq9Bp8c= 

ZfpleG4WpVMh8GGX01VbXfC71b0wIgDcaBqtFXYwh17hMlIeD5VV3w63Cm0EP6+7NbMvUPT1yq6mVTmQYis2URpvGp3YMRtkcH3sLkV46iw= 

ZfpleG4WpVMh8GGX01VbXfC71b0wIgDcaBqtFXYwh17hMlIeD5VV3w63Cm0EP6+7NbMvUPT1yq6mVTmQYis2Ufgohrj9yWga4FG5AyoS6Ws= 

ZfpleG4WpVMh8GGX01VbXdLV663a1XAMeKr4aB0wQvQfMpGHDfe+X6mAJINFj1OCnxuobVa0wr0sBm18L+txdV8nySOvkjH/vb3oJ6PCZD0= 

ZfpleG4WpVMh8GGX01VbXdLV663a1XAMeKr4aB0wQvQfMpGHDfe+X6mAJINFj1OCnxuobVa0wr0sBm18L+txdUJ+5mR/g095hkXH2cFBfipz5RMfSFqdMHJKgWRUXPHN 

ZfpleG4WpVMh8GGX01VbXWg8JZBM9dKMuokaBk27qSB4T70v8fVuA7agYLQs/+cKX+LPtz6oo2dimClgM2DP4Y5XT85SI2laPmnZOnwsoyb5SlDO7Xa/lxp5hL+AjJazpzsXQ6HGxmV4knivwz0x0w== 

8dQiZL5ypfKvHpqLYE9vDuNqetC6xrN8+TTJvFKtp5+58eb90Uefm66JSwE3T+8tqf0Sx7TRb630W4fQA4U+tmgc1dWyJ/0EfgxzNiNIybk= 

8dQiZL5ypfKvHpqLYE9vDulJzyW9r1VM8vM8iOHdlhUNS2fbFsryqKNAvx5iBmyEfZDCdXW3ThVPi6y8yXdSXvY0LzIZh3/Wg8+hY/E+H+Y= 

8dQiZL5ypfKvHpqLYE9vDmy9AnYgVdy/2po4JDPIVRrbTUHA4frZ4LsUgpn/Fo2jWtIhPBdNDCKG/7mdyCVaTJLEsQjsO+onaHKU/vUh0R4= 

8dQiZL5ypfKvHpqLYE9vDuHijEwR5eKJXHPdvLJBIbyXNXe4G5F2TPn3L5KSwSbWTKPdJ+zFPZQgot1Ou7h0B/H8JNqDa/5wBhNO6Cs7GBQ= 

8dQiZL5ypfKvHpqLYE9vDnAy9IHpQ1UcS17KenR8ers8KAjsLQp3MwRVtuYtsQuUAVh1lMLs+TGJa8bsofVGtg210pVPATtLba9w0+8ul98= 

8dQiZL5ypfKvHpqLYE9vDqySn2+MT8JcOYyYD0chzz5MjVJW70QMIFyiJhO9Qgbkhal/r5FCQWSaS7Vu17wgEt2Xzc/bTSM0H8DILs4lkmA= 

8dQiZL5ypfKvHpqLYE9vDqySn2+MT8JcOYyYD0chzz5MjVJW70QMIFyiJhO9Qgbkhal/r5FCQWSaS7Vu17wgEvYd9xD2Xu6OXix+dqPKBp+ADzYyjUM/YLXBkSb1QUOg 

8dQiZL5ypfKvHpqLYE9vDp2GhrW/N0YTUo0evUFfppl26aZo9bbPaUFjHkRDCX5F0dcqPBo1oFx6dxLZrfneXvbNYj3NkoHpkid4SZJ5kpGAUVmdKCVXeC37wRrAuc7825QzrXmlbdBqwVZlhi+Fhg== 

SDKTbkuG5+r1UajemGo9L7v8D2LurwmyTz6wZPD8ZbLBTatbXXD0eSOg8NBf6Rs3s7DeR/3hsIZDYUQHu0i5ENN6VBTJ2n8XnTISc0w8iqE= 

SDKTbkuG5+r1UajemGo9L3vE9CpwZYc0Nm37lTf0omT5wKK0HmjoqUxSZz7ubCZaa7TLcVlLe4h/ZAycuNt87qhY/6skUtpssgocmIq8Hdw= 

SDKTbkuG5+r1UajemGo9L3vE9CpwZYc0Nm37lTf0omRQVlVpynX3mbqrbEUwK3hPY1eMh5iUZ04h+ob1c/oE4/MCn/CXEpU0jWAGvjBTphU= 

SDKTbkuG5+r1UajemGo9L5CVi3CZP+hFrk62iEAcKzlMcHhZ4Y3P46c+rJXTtOpvPDMzyC3Tmkjlm2PVmUAgHXzwW370PqN799odQvO0i+I= 

SDKTbkuG5+r1UajemGo9L5CVi3CZP+hFrk62iEAcKzlMcHhZ4Y3P46c+rJXTtOpvPDMzyC3Tmkjlm2PVmUAgHRS5LwumPv84Zg4FIiqPrKs= 

SDKTbkuG5+r1UajemGo9L4uknuXHyIgkVuqP+wZdxn/ywuV8YiWjBf/xNLXER/h0Pn6eidhB4HtZLHQp4pqWVAfufwGxL6pu+9e/QPNU5MQ= 

SDKTbkuG5+r1UajemGo9L4uknuXHyIgkVuqP+wZdxn/ywuV8YiWjBf/xNLXER/h0Pn6eidhB4HtZLHQp4pqWVEs3FWKrfF5ydRl6TisVsPmEAYHTvCxRXGuP3PEJn7HI 

SDKTbkuG5+r1UajemGo9L4mu5zysPNlH9HHKX86/JZscdMwhe6tuAAr0c+Xcz660SptfjX7JXVQ+wnzS7O7kYkMrW5nmcSk3NOKfzRgKDEUQK7xPMjMWzw3SqkOCoGmLQ5xT9qmfxhF8semhHxiH/w== 

qKemCcjrA0XQJsxvyvd4QThfZXXAe5oTA/eAU23zyceynI5i4I5WvbNXjNqKt4THUWO+YbTEqU1Vr1m+aSZGkm5kad2fVhasCPVGHC90vT4= 

qKemCcjrA0XQJsxvyvd4QTcNq4xPe1pShyXwz1ONqpSSCuCtgSj9idTZkYkvW7jo8vHy4eUIraoY+o1nWcRmCpnWC+dLl+Oz/wJ503K5h8w= 

qKemCcjrA0XQJsxvyvd4QWmILYfI9aFvNEK45adN6osLaM7292nJE42FKiLDke1XHLu0YzfBvhn/qsd7RDnjDeYk3T8r3tz7QNxjPF++VnA= 

qKemCcjrA0XQJsxvyvd4QR3bYuSKRODop+UWdCh9zWGD/D7zC8kz5S2t9UX/E9RFnOIXCEWxUUKjDvDDL4JcSqW3EHbB5v4k2Js5/wnV/78= 

qKemCcjrA0XQJsxvyvd4QR3bYuSKRODop+UWdCh9zWGD/D7zC8kz5S2t9UX/E9RFnOIXCEWxUUKjDvDDL4JcStRANuaO4AZe3m3o2rVvkXE= 

qKemCcjrA0XQJsxvyvd4QdbvDvGroONtd9TsUHecBkZtG7niD2XcrJy8thUI9EUrfl2UMANcEDy/0/oYNG7JUcnOkWcl/Y1Wck3G8Jx6tA4= 

qKemCcjrA0XQJsxvyvd4QbZ3b8ohOvYOEMcZeQe7JtVzqpGinjdPrLLJgXJMAidSmomIQmg+eLvoFKMPjGZMFJOKpXt80WErmACDCDVX1FhZe2rm1EF7hbk/AI+6GrqE 

qKemCcjrA0XQJsxvyvd4QWYgz9C0UPTa4RTcRLMrIyFPBM8tlzPO5uVMguijTYNbrSzCCtL0pUEgEKdwQ/oqjfESaPSWTt2yDtmxazbBzq/W1AWZaZ5i2+ktB8e1LvoGk7x1kVuEBFoUloumSso3Dw== 

CK6rif0WdDTxDDFfyREVfcDndvV1aMr08ksBCE9+dM1lRz9kM0CrqIU073X8L4jpVV5LXWW0q9rhNTnDpLIP6rqtPRSDNh8zzM9q9ubIl7I= 

CK6rif0WdDTxDDFfyREVfcdDYsrzXTQwpisyW3JXjTX42Mp6fhGYH8zI22B5mUYdTL+13clZkoVmlhae/+dePeyjLVmUrTPXMUGGXwIOWlc= 

CK6rif0WdDTxDDFfyREVfTgXnu/HnopjltofDIp6fFi4WG1hY13Q2nFDeR+cPLmkjHHyZTcuexdYZkVCKp3goPu2aNhZ4v0Xg2H8dC4CPJ0= 

CK6rif0WdDTxDDFfyREVfTiJRVx9SAL/7MMQYHhmX9MJ+Ehpx7+oTBwqTRExOdpHWdRpl3VBr1czuRGoLEyiD9EaTsCG8YSWLKPIYBrfqmg= 

CK6rif0WdDTxDDFfyREVfV/eT2gU/rseOG/fLvmWvYBQ26Bpj9MdB7JJhPToTWUj9UzIOjzJGIDFWwZ0jkMDLOUsu3XHxCQ73fLeg1Ojf5U= 

CK6rif0WdDTxDDFfyREVfV/eT2gU/rseOG/fLvmWvYBQ26Bpj9MdB7JJhPToTWUj9UzIOjzJGIDFWwZ0jkMDLMpQgCnI6E3LMBW+DiYWeWU= 

CK6rif0WdDTxDDFfyREVfXyjQms+Q1AX7obVzPp1xW556yxWI1F9ljlxh0fDeWvJmCM5R+N1tZ4N9MCQshOpNSy7LY+hA1uOyIoA6FzYHrc0Dut/LsLA3UD9J+5vbLaa 

CK6rif0WdDTxDDFfyREVfdXNdQ/JMEiRMYUs2UZ1vD02LbzlN5TeA9teCX6P/oxdHX81eIKOa72ItRWdyJiwxX7CKHHc56PdDRvwreZHYNSsL9Slv1dlFt9d9LkzGJyoj7djdiNWfbTsCSUneDAAmw== 

pD3d3+t6DBDQioiTsQiatoCDnjRtG32BE03VeVkrEzGSiHgeZeXX6/HvlS9sGbaJRRKiAfserE91cfeL3u6cf6iYRKRjWXoqnbPuYaXn7v8= 

pD3d3+t6DBDQioiTsQiatmWWXbTIZwsXEJdCY1uYRaJvdMnj75H0d/lJU07qh2KW4dn+8JM5bDa5goQVQyv51UB2QSNjuixRB98FYi2lY68= 

pD3d3+t6DBDQioiTsQiatufh2NRVf8Y8tjrc1krEwvHD+Zmj7oCznqhT7Ebrr0ESQ/z51O0A0WUqF3cuQPati8SYuD5iDLhnjTf0iMj8AUM= 

pD3d3+t6DBDQioiTsQiatufh2NRVf8Y8tjrc1krEwvHD+Zmj7oCznqhT7Ebrr0ESQ/z51O0A0WUqF3cuQPati5yoZjKSZPuj3mkkkIW5Rws= 

pD3d3+t6DBDQioiTsQiatlk1iElrawO3F1a0cvm6bGscX0ff/e1GEQEniTe7iabPK8omjUSgexHeVPAB6ahQI91lbloQIFVlNoeySgvYXiU= 

pD3d3+t6DBDQioiTsQiatlk1iElrawO3F1a0cvm6bGscX0ff/e1GEQEniTe7iabPK8omjUSgexHeVPAB6ahQIyNhUdlPNPKKsUyvysH0xqo= 

pD3d3+t6DBDQioiTsQiatlk1iElrawO3F1a0cvm6bGscX0ff/e1GEQEniTe7iabPK8omjUSgexHeVPAB6ahQIyLCwfbxKyzlPL6tSi/9igs9hADjVlV2a0vMYPkZQVd/ 

pD3d3+t6DBDQioiTsQiatuUxiRnbm1+E+LzGT6n/crE1s+998D4wk0z+wDu4izsNNuzU/f3RFYSVOGTl4vvF6h3Qi/6ohcvIvXUNX4abtyStE087hCrQom/CVnkeriFhYzGbJN9TVvRDa1v+R5KDag== 

3Sm3EV/TrOXV8ltQOT5btNfMVLUAmCmGlklVQO0hK3Qb1HEFZ3yOc3KL+TZ3D0fd8LRmH4D7OTVzxViIV49ABdeSE4T2J8y13kgK0cETHiE= 

3Sm3EV/TrOXV8ltQOT5btIBGDlOo9TQQdmQX5ig45RTdJrugdeDknmBr5m6Gwc254G0Nb2sZKNzNwOQ8cOdo7Y9XTA1FIffJDtj3zxCrDAI= 

3Sm3EV/TrOXV8ltQOT5btNdhVrg2RHmNsv1LNzwqNbaxTDcd23HlhI2coxxo0nynGjFd+EwrbNAz46iCohTGKJYAeHQYUR3/RMG6nOuhlxY= 

3Sm3EV/TrOXV8ltQOT5btNdhVrg2RHmNsv1LNzwqNbaxTDcd23HlhI2coxxo0nynGjFd+EwrbNAz46iCohTGKLTUYMi1yjL0rkBv6k6pApQ= 

3Sm3EV/TrOXV8ltQOT5btO0l94UHz+N99qAiD3D73LSy/SenqD2BUgMb/hYo2zcxlaHW5G9S8rAurinAQhRXyV9VzpYIlTX9QrdvkD7SsO4= 

3Sm3EV/TrOXV8ltQOT5btLaKId3Nft+ZAayDOE0/AhrVzAH4+59tQctNoHXeRaCfOgvcdwrVlbN7YEEaAosEyIZVhrk2h6+hckLf3LuU1m4= 

3Sm3EV/TrOXV8ltQOT5btLaKId3Nft+ZAayDOE0/AhrVzAH4+59tQctNoHXeRaCfOgvcdwrVlbN7YEEaAosEyAPOrY3nABHwh9dS5QTxlzYRDPDiwotTZ07kJTL7pw0r 

3Sm3EV/TrOXV8ltQOT5btBvf4W1MKhGBZNw45/vygTK12IOXHMnKlLKNyRvhnud4CeL9t696lZGt9IrW0rCdiWsF1mzgds+Ny6b0N8pIVCRB7BB3ICkOd/5geO61CSjK9YtJVYd+WuvCzj7UrqqWHA== 

86cH8qv3QufqP+wl3dx5kPSG7uDwIjTyA0F24c2vYwZUGE1wxeiAXeR4d6o9GLC1Xl18FHPV/6yjJU9CDSVQQGCVXnbgCUhG2LuysWRTDkg= 

86cH8qv3QufqP+wl3dx5kLYuQwcN60sIdvMP45BJ+u1INvK5B20PA8zpIFe+BU7V90cKP+lOojlOnJyiIuJSqHUEZfMU+gQYWFgvI2ozGbs= 

86cH8qv3QufqP+wl3dx5kNexad6/3hOqMdVkokMCGKU5scpUMNMC7NdwOhHfa+Lgarf1CWKfqaz5Puh01Ihcp4azchre/2J/UfuSQq2NdwU= 

86cH8qv3QufqP+wl3dx5kNexad6/3hOqMdVkokMCGKU5scpUMNMC7NdwOhHfa+Lgarf1CWKfqaz5Puh01IhcpwZz2sAXh+cEMBvMDpQov44= 

86cH8qv3QufqP+wl3dx5kO2nad2dyehBNN38ZCqIwwSApetI/ssTJViS3h0mbSFPx3UVJYfjvctRi4caOWKWr0Nk3Sv+vHb7If4pwADjnMo= 

86cH8qv3QufqP+wl3dx5kO2nad2dyehBNN38ZCqIwwSApetI/ssTJViS3h0mbSFPx3UVJYfjvctRi4caOWKWr3KBB4AgGTdCAj2xEm3GXKQ= 

86cH8qv3QufqP+wl3dx5kM2A5LBFhms4984aH6vUTxZBonX6+x4oieFSOBf/UrPjwcBmZ3KVWVsPrST2nG8R/8drYUJho4tmxlifEG+2h59NupP7y3fIvAAUhjBi8/RG 

86cH8qv3QufqP+wl3dx5kD6PftRePEQUK6peS0jndLl/9VeQ0NwEOmXuyoU6w7GnwNOEn0vPY8ugCzhq1FpqfVbpLn+wM2qeLh6rG2jyaxiBOwSxebIUmbIWuDgx2t2x1SRUYSehV0qMjRdTBc2umw== 

iC7SJKNuvH1j1dTn9ElspH5bjiWNl5qTqbiyiS8GNWOUr9Qic8sne+2xmr9mjETxT5pmsJ3zpaf/R+VvrILa1mQMRVl6eUM/AnRWdfH2XXg= 

iC7SJKNuvH1j1dTn9ElspPvv6VJnCTJ8uGHe9F0Y6ie7qP33ubieQQ0r+vD8qM8pQPoDo0yM8yahUpF643R74KS50KnYoViYM92sVVD1V24= 

iC7SJKNuvH1j1dTn9ElspB/3VrnVvsx/g5IPePgJCr1i7XyimOMGvLSpO1rflW+GAup3LrsBYge26jB3K1IDFNySnp+HANi3OtjM8glz320= 

iC7SJKNuvH1j1dTn9ElspB/3VrnVvsx/g5IPePgJCr1i7XyimOMGvLSpO1rflW+GAup3LrsBYge26jB3K1IDFPuuKwVzXwfegNVse1FzKks= 

iC7SJKNuvH1j1dTn9ElspFnLL5P+YpqCr7tm8yJ61tgBUvWZ511jwDI87x+MHJZjoTM8DrCdnCrN9F0IWfMkTrk5RxKiICNwiA+FNfGzP38= 

iC7SJKNuvH1j1dTn9ElspFnLL5P+YpqCr7tm8yJ61tgBUvWZ511jwDI87x+MHJZjoTM8DrCdnCrN9F0IWfMkTleP+4qa/5zdqHJTlG/FHcQ= 

iC7SJKNuvH1j1dTn9ElspPZ+eVcAtETLyFfI5Yd3ubvTzeO7HeNpjZJWQJr7PjYrVPWGJBDV+DGHX6nVVvH0Lwq9lQnFY6zN5KAYwPrCPEDLT4D997tOtfI8Pw1TKv9B 

iC7SJKNuvH1j1dTn9ElspLwNQxF65RvSp5YQSHdLSjfrshk6eJys3wIEuh755b28Y8pH5sVqyLxzgBAz+NjVM8zcnEIDIv9SgCyOCrAh52Lh+2VCqFZDgNQW5aG3IMxWfWchv+zCTBzK0zphYgy9kw== 

d5hdmGTm7XfIw6JNVhnWtVZ8DlthJeZw1vbtMgDIAPxW1wMbOBMnt0p3vEkFq7qYYhFPCkDv8gKJ3DZdcmJdZLEmd7k/DzsA1yU7g7NVEbw= 

d5hdmGTm7XfIw6JNVhnWtT6C+Q4sA08cVHpYQNBoE/ErLTXEXgKRXiv0xdoSn5Lc1T1AF6LhGzqFY88H7KYnNVYSIG7QuTMbnLgc0rla7wU= 

d5hdmGTm7XfIw6JNVhnWtfmG4i4Yuqr4+1EN15B2dTfJJZkES5zxKvzKC91QbKmGcCNSsTmthSBoTd6CbJBKYbsvVW41h4G04F1CcRGVWGw= 

d5hdmGTm7XfIw6JNVhnWteUsD1OLzBzj2vsYLTlLMplWJQOzysspo4ZN3JBdq02e6g/XQui4sJGNnq/PkS6KUh+aFXe7Tlcb1SnpXdScO7A= 

d5hdmGTm7XfIw6JNVhnWteUsD1OLzBzj2vsYLTlLMplWJQOzysspo4ZN3JBdq02e6g/XQui4sJGNnq/PkS6KUtWjmAtvhX/MJ4fvKVZFURg= 

d5hdmGTm7XfIw6JNVhnWtanEnfmJMASJncjokpsZQVy++EIAkgfOmMBPlES6YO1lM6o9ojFRQihqh/oe2cTl5zc89mjS0fy1p4ejrHnzXVo= 

d5hdmGTm7XfIw6JNVhnWtanEnfmJMASJncjokpsZQVy++EIAkgfOmMBPlES6YO1lM6o9ojFRQihqh/oe2cTl54gjCyufv6sLX+jtt09hXPn8s5q2VF7Yn/F7o8Rek+Dg 

d5hdmGTm7XfIw6JNVhnWtUr2AyPvK7jA+/YryEyXzMOHQmd5pPk9MKxRswxeh93xXqt2n70RzE4OIGZZ8r3VZXM7o7HB2tTC7M488D4yi2sDWf8YUSw4YFNrBqeutZr6r9f5jrCfvgB4x6G0MHV69Q== 

VOciB4T5Y76qQUBiB1D+XoBFShplqQGR6a0/eExDP0clG7dZG52Swb+WCAaB1zdtVEPkvBMXG2jdWvF8z7N5VtJHWPvSijcwO+BYU5rBojs= 

VOciB4T5Y76qQUBiB1D+XhhGyUSEnqFY9Cozg0PD3AQ2xzNMHmqGQAGV2ZbIBzpfmUK4ES1DdDB1gvPHezYZjy5DZYbM5/ekemv00J53lhw= 

VOciB4T5Y76qQUBiB1D+Xnn4hAXW2bEfIO01W7zxdKuIw14Bl+Eu+2GLnGctHoxICa6Dn9+EZ1OCTOldlCEWBP0VXHXIDC0XQQreI6nQPys= 

VOciB4T5Y76qQUBiB1D+Xnn4hAXW2bEfIO01W7zxdKuIw14Bl+Eu+2GLnGctHoxICa6Dn9+EZ1OCTOldlCEWBD6Jklf+vcc+aAU/M06tJPE= 

VOciB4T5Y76qQUBiB1D+Xs7D/xyI0ucLMRjjDT7nguXFdng562HrJ2dSV02tn2zcqcWR0yEPCYU51H34A1jIwY1vxxrc4szLEE5y82eM2N0= 

VOciB4T5Y76qQUBiB1D+Xs7D/xyI0ucLMRjjDT7nguXFdng562HrJ2dSV02tn2zcqcWR0yEPCYU51H34A1jIwRG4YwN1ykT9b/+2OvFownM= 

VOciB4T5Y76qQUBiB1D+Xs7D/xyI0ucLMRjjDT7nguXFdng562HrJ2dSV02tn2zcqcWR0yEPCYU51H34A1jIwarOnrwmDI4U5O0ZXS4cIA/FOAkfcvFKKQqcbYjnDZOs 

VOciB4T5Y76qQUBiB1D+XtxapRzaJLNKgIDNK4Z+yEC+CWTSBTG8Vseo1IVHd9gQbx2QHv+bL/o+dpp7RzCDuIUf/zeYIj/s+7rUyD1C70JRmDsQ9vI1E0dWlcbxKZpeo289pCki3L+GBwDE6pLXrg== 

bFmXxcGD4bX9Wg5OGu4tYXkXt4AxEiMhLwBPr6poN53Wk3yy3IYe6x3O1bIqf9OIJMmd90qanfS3cGQBMo/bLf5Xllp5yDUfoirxRSlkuxQ= 

bFmXxcGD4bX9Wg5OGu4tYcr3hLE0bPzpItc53wPVgysLrGz10rNb90HBkU+9RgH25szQSEP6y4ff/TwtOqeUnQ/3aZCa2SMX8oP0v6BBucY= 

bFmXxcGD4bX9Wg5OGu4tYcr3hLE0bPzpItc53wPVgyuYF/y9ZAzpA7Oc7jLSIXeGWed3Q3a82Py3Sx/MFj/F5jLh6KDM4EhqiUGhcMNpLnY= 

bFmXxcGD4bX9Wg5OGu4tYYJ+EsmdAFD3HEDnzX4gsj5x2i0NmO4b0eefn5JklWaxa9aGrUVZTWFqwPmJY02F+G/wpkO7KRzrXRMdpmgbp8o= 

bFmXxcGD4bX9Wg5OGu4tYetn8QMMk2paRFJz3LznrgGbaja9PsuZhb6Puz5/7Fm/9d2n77dw8fnJk+UBOXEAODjrKXa4TPqryNBqRwvBmkE= 

bFmXxcGD4bX9Wg5OGu4tYetn8QMMk2paRFJz3LznrgGbaja9PsuZhb6Puz5/7Fm/9d2n77dw8fnJk+UBOXEAOAgUtEB0RHSHXJ1LhrNFstU= 

bFmXxcGD4bX9Wg5OGu4tYc4H2QWhoShv4Y/ngWXH1XNStbbeiF4SQh57LrfL6anYo3wskTGTppUYeL/XiibRID5mre+4mEz5n/LG1R+uJZKuc82Wq7IeBTCE3/m0xi24 

bFmXxcGD4bX9Wg5OGu4tYSn/Pqwqi/Iv0X4x4jFJUwtA+HkHxGvo570llzvcHGHKcCrUFrxzweE7nOtOBBhc3uSiRfGWG+9y2hnCootRPfVX8183KycwfA10rLH/5To5mN+dKPXsQ8BHyyG0Mcn2+g== 

2iXNqQD2G6Bll3Wjt3CXyQ7J/j2ohcSJ76qfC6WwuTSFMCvGXmqBhHCLP/Ftutqe/iP7NNJQO6WfLxJUbWiWiH3364UAlrJ+qc0wuIQ7AG0= 

2iXNqQD2G6Bll3Wjt3CXydvNQfF6ynJ7OHscHPXdImfY6oBF1B3+kk0Pl3gv3APGZSWEyYxCaJtcTScHm4W8x3I2iKQWE65Ep/xL7WUhdh0= 

2iXNqQD2G6Bll3Wjt3CXyfHSWniDRZS1TgJoYbeZex6wDo1jR01WbIP8kpsDIzZh4CFt88EH4U9Jp1qhI9YoSCMobz06fVBnTI3DrWw5Dko= 

2iXNqQD2G6Bll3Wjt3CXyYQcgdTyPXnprKnt5gGIfchZGPKkgfBUHATuN34XIg8h7SEs/DpYz+uwAuwClhAKZnQD4Mk5hSrVe0VV9khGw4g= 

2iXNqQD2G6Bll3Wjt3CXyYQcgdTyPXnprKnt5gGIfchZGPKkgfBUHATuN34XIg8h7SEs/DpYz+uwAuwClhAKZpAmeum7jKMsgSUurfdVU8I= 

2iXNqQD2G6Bll3Wjt3CXyWhbqeqS2phOnVILKNKEkQxXGOXrX0SO4rAkYzranwxq1Oa/1fYU9BuZNiKKvhZKzSMiJ/6stRg9y9aZd+onJIg= 

2iXNqQD2G6Bll3Wjt3CXyWhbqeqS2phOnVILKNKEkQxXGOXrX0SO4rAkYzranwxq1Oa/1fYU9BuZNiKKvhZKzWOicCGOiUImbC2z0y1e8E8fwojTRhmyoiE9lrp9HnNA 

2iXNqQD2G6Bll3Wjt3CXyU4pBw3U5OxodvieFxpcvrxuaa9atO6bw6GRLLA9FFtjm4yZEuEPKrjkWmc1wd4vPpeFR3fcRzMemmBdnNsNW6fHaU+At/LxWtVkKV69U6rGax2D521bZnJR/gTISBIkTA== 

C9xUiK9xK1H2gfACBAoRyHcBuk5tXoVhHpmveLrKg/e3O3iW52uO+yc4/drsYbEmw/wxbBq7S7o1c3AQZGCjPLI/OXEg/2zMxZyxgjaZWpk= 

C9xUiK9xK1H2gfACBAoRyMECDRir6lMbbJyBlu2rCtYIdkFQwA4joVuNnUu+8ZlYmmUXeghoGKBOKYPv3sQ9A5fVgx3Qy5W31axPqpMHt7w= 

C9xUiK9xK1H2gfACBAoRyEVg+M4QCNbGPYU3lP/CrmxKjuH2yEiAKNXxdJdkqaZU4JurhUOZq506p1DuK/l9ge7aLAes4Hd5UVGFDm3/1QA= 

C9xUiK9xK1H2gfACBAoRyAuly37NP3Mi8GekArmD3xnOGcOrJ9mYG0FWg7LQG6epGoPEfqBpfYE0dCKGTVUtshQaXq/lPgqEt3jPEAoqd8Q= 

C9xUiK9xK1H2gfACBAoRyAuly37NP3Mi8GekArmD3xnOGcOrJ9mYG0FWg7LQG6epGoPEfqBpfYE0dCKGTVUtsszGwmpRYWBps/orFA0usuw= 

C9xUiK9xK1H2gfACBAoRyG4jyo8nfODQJlJ/du4WqUxN6G/JUU0AC2EzNxlInwaC8xSkol9POkXnmIJk/muC2DcOgxtDe1/QyhJlhzqQ2ew= 

C9xUiK9xK1H2gfACBAoRyG4jyo8nfODQJlJ/du4WqUxN6G/JUU0AC2EzNxlInwaC8xSkol9POkXnmIJk/muC2EAyfEheEKnEWFS/chifs2mjgiBSFZX1JeU+KGBJ0cT1 

C9xUiK9xK1H2gfACBAoRyDtZ/hF/0RXpA3EU4I1iseKFkaJxsIq7f/SUodaTicnH2LpKm6hPSRyE/jG/d08UMcJ1bJrcrH3C35gce4EGhUOE+tQtjSA0B8swhAt2C0Nnx9OdBNGhycz2gHHADFI0Wg== 

RjyGfg8kjBd082u0Ihsjje3DOJFMR5scXtcsgCTpFQz+Sd4p323XrbWxJfzYOuqVE5HQkR/4hM+rD5ImdTYql1bal1QDFy22ssNzdoYqiW4= 

RjyGfg8kjBd082u0IhsjjaDDu0Pr6O6WfCJeD9cX8Uv/6/3j23zyUWFBDp47PpmLNur30H7JbqY35mC+aJs4sRp/RJCryRpFqUyUo+1LrII= 

RjyGfg8kjBd082u0IhsjjbABm/wAAGxcMwQ6Dy3b+gim5jbyVi0Ys/upN+mUONsuNxu9aG7pUTdXCWi0ynl7VNhsUDLEW26yQ6HBN4gw3iE= 

RjyGfg8kjBd082u0IhsjjQ0eFLd4Aseu3NdphUB2jYNNsxnrUIbDEn/daxwD5Fon9q+sp2NFeivUSLR23xOY6Rre3la2/mMV7hycM2y08nw= 

RjyGfg8kjBd082u0IhsjjQ0eFLd4Aseu3NdphUB2jYNNsxnrUIbDEn/daxwD5Fon9q+sp2NFeivUSLR23xOY6b+3O7vdlQwfoHdIIWZanQ0= 

RjyGfg8kjBd082u0IhsjjeqpEXt3RUkX5kB1mgy95zxPDRrb7AdPK9um7CzMJmh/48P0s2sOz3JBlrPttqHXwIBj6rCDCzXJBuZiW1kNQ1E= 

RjyGfg8kjBd082u0IhsjjeqpEXt3RUkX5kB1mgy95zxPDRrb7AdPK9um7CzMJmh/48P0s2sOz3JBlrPttqHXwGF9vCbKI/7/ujzWbVj8TMlDDag7bQE/9fuDtqRjbl5Z 

RjyGfg8kjBd082u0IhsjjSwRB71vr4WutPU/M/BzkRm/8bhLa/oV8o0kaPQ9LqPLWCT6iBCbX6qqS/2cLuO9bFaWRUiQfmgeeYt8CZsZ8zTi6Xk7NeBquSRO6ubhjTV8a6gRfvTCx3EMIIrx3rDAwg== 

MNCieFOwsPZJdiq0ILw6yuk05SJcelXiOd5FTpUiR3LJlKdsRvbC2b8oCK/J4BsFCT6dk3Wg8bC+/MG/yFEk38z8bzgZ+7qRXe15USgzyzQ= 

MNCieFOwsPZJdiq0ILw6yrvXEtctLGImCgxZobqLktC1hiZBOxZYUvzPc7gla8xhXEUGmsFhv7RyuHU27dy10KYKTgOp1dWUVCkM8TBKpZ8= 

MNCieFOwsPZJdiq0ILw6yofEn2OmEQzTOuz2DL69eHk/Q2UwQf9EJj6vWH4xD7TbdnbslW5yEhEeChLqfQH3MR3/oo1Bmr2G2dB/+huef+Q= 

MNCieFOwsPZJdiq0ILw6yofEn2OmEQzTOuz2DL69eHk/Q2UwQf9EJj6vWH4xD7TbdnbslW5yEhEeChLqfQH3MXkC11RWX0bI586nEhqVg90= 

MNCieFOwsPZJdiq0ILw6ypivcHRWZgD6ZNye6iWCkMVHeq34cP/dYDOMEH4HaAky5hUZdXrXVlKxibt0Du3w3v8CIvaD0XHkaziEHzM+uBg= 

MNCieFOwsPZJdiq0ILw6ypivcHRWZgD6ZNye6iWCkMVHeq34cP/dYDOMEH4HaAky5hUZdXrXVlKxibt0Du3w3vIgybCSfGxnSSarNAoevJ4= 

MNCieFOwsPZJdiq0ILw6ynMdVgPm9A5Rh4n9LVhs8OsJv9iIxCRPkFUKAjBrLhyqaZiCsOCp9dUYS0HXBKzAVoDT7e2eh/OykcKeIX+rCvPeB/kcMnWGBTuJDix+swZe 

MNCieFOwsPZJdiq0ILw6yioSyEmgzNzFH0pi/T5BAkgsEkEbzRjKVZPH++4DI5YMk+SZnemaOwXeCkP/SyPtVTAS+K5UV6e133biKyX3WLKskWtShc1Cfpz3a4mvo/UC5HuKfmB/cQk5QEw48SN38Q== 

FTh723y2iNNNjh0pPXuhvfe5uxoiPrN/0FPhKORPJrRfJyExLbJG4J/pKhEsIhLH5aj9Hdj8QWWmETyq9EVju/GRqxtYJmH0eCuDZWQv50o= 

FTh723y2iNNNjh0pPXuhvW4+MfkgKtrsEYPbQE9Jfi8ihPsoX4JxPbekWEquKR4KQ7pyDTGOD56AtXO1MzkiCKlsDDQfjca66vKuhsO/dGk= 

FTh723y2iNNNjh0pPXuhvRM+yAV4sYP6omdtYbZfBvUQk65aLXPFAekDqaCFZr+sH0QrfhFJpiy+Hgwpp9CTSOhziCrFdhQXkvBb8lZEaJ0= 

FTh723y2iNNNjh0pPXuhvRM+yAV4sYP6omdtYbZfBvUQk65aLXPFAekDqaCFZr+sH0QrfhFJpiy+Hgwpp9CTSFZcl8EuR85oScnELvIsI9s= 

FTh723y2iNNNjh0pPXuhvW3Q35BOJSosJL4uaTpVDfCbdoqZOdRjfswhmzM0IYRGwoEXSi+a6WvHmyZz8t95QzAO4PsI+vwrYE2tSZiRWqA= 

FTh723y2iNNNjh0pPXuhvTsk2DVMXPQ11+bgYm37O/7Xq9jQjt/7hV0UZyw2zvqyd5c6OrJAZhPKGb7S4uHpMEh6oV63/qpXXySyo57dynE= 

FTh723y2iNNNjh0pPXuhvTsk2DVMXPQ11+bgYm37O/7Xq9jQjt/7hV0UZyw2zvqyd5c6OrJAZhPKGb7S4uHpMAQGA61euUHfUxY0j5CQDsOmW09ilXsNXreqUcj1BS99 

FTh723y2iNNNjh0pPXuhvd1cWNOIVd9Mu9onnF8GI/9QKPcL9jsP1PRd7ZZUIa37DMUIB4umNUY5TkJIJ3RbgtlzYv2JxhbxIJWBBea80lnu7zOKjjgBQ4u1bF3o46KyP6cisDW5W4g0KICS+bd/iw== 

Zj4lLcxNz1ZX6cQsq1Bv9I7FnO0/OSytRGWBgzIR8ScwVFZ1WsKv/83YT6hsoBiiG2pjLgVwWWnnNl0dB7uAVkYjRztE0Glr8aVwWtv1iNA= 

Zj4lLcxNz1ZX6cQsq1Bv9Ax1uarcBbzw43EuU3WOx/7HDTdjhFH6mkbaZbKgZiBagnlFCpVv1TImali6wzpPAMKES13A1gi7wX//7Vd2IZY= 

Zj4lLcxNz1ZX6cQsq1Bv9PUB+GdHRt5B3K2deeQhyMmr/mF212okjcjUoKcljal91lwf1Ybzf1PedIDuMdW5QTllqf9Oyis0woPZSl5igg0= 

Zj4lLcxNz1ZX6cQsq1Bv9Je7ESsoQ5iNgEMJQYh8yPBO/eAe9YKzkPh7Vu6RYVSsYNfj3dZgJ49hUGcl3WW/v1gGJ+cej75R7g/mgQNGIS8= 

Zj4lLcxNz1ZX6cQsq1Bv9Je7ESsoQ5iNgEMJQYh8yPBO/eAe9YKzkPh7Vu6RYVSsYNfj3dZgJ49hUGcl3WW/v/MsWrVPPgoz4WEkgil0xxw= 

Zj4lLcxNz1ZX6cQsq1Bv9Hi1r+tfeFT868bBKmYBrMbRRz8lmm1YAWR/xhpH953GQKyubvoH5belQFpVyERcju7yekOWiSmhdN2Try7JwL4= 

Zj4lLcxNz1ZX6cQsq1Bv9Hi1r+tfeFT868bBKmYBrMbRRz8lmm1YAWR/xhpH953GQKyubvoH5belQFpVyERcjnZb55eS8JjS2DhOyZlFOY/vlJmxIi99TFShq0gCLpgf 

Zj4lLcxNz1ZX6cQsq1Bv9CU2Wt/fLyEGmw0rCoylOzgMk/RwGLUmlMVaT6Ju1KB5aJazgdbAoL8swA6tgRn4YwJAGYRvuIhrB1nLtR7Ns+C3ZGNkX2KDN6Um3EKQUbbniLEzKI6hVtshFg3xmKkeNg== 

FIynctFfcLxUozfuVCP0n8bApEzLwMvb5zWXakcv3KFld5afhyzlbl8q+YnOjQJXTKVW81xRmkmV4nlXP7FxyASzYC7Vn1i850BXuQStnDc= 

FIynctFfcLxUozfuVCP0n4pTD3Gi+MD+FSw6X5YMNQ1lDI5QS70pHSm++zrKkY4euUxztl/znqh3EnW/j5qOYmxKHEQREJBt7+7J0Ku7FEY= 

FIynctFfcLxUozfuVCP0n7cR9eLWVvvxgPDbZbe5qsItJ75u9JX0aw65pj7MdHp+PCMnrEHwjlZGyqq2Y3XF7AVXCp2LaHTIXoCYkjBmStg= 

FIynctFfcLxUozfuVCP0nx2URomClyRCtCWyVEIUhR4lkNIOfByb5d/J7Am++InAzXbccKaUzx1KpnDnIp2wXvtXG1mVrBDPrOkHHg3xd2A= 

FIynctFfcLxUozfuVCP0nx2URomClyRCtCWyVEIUhR4lkNIOfByb5d/J7Am++InAzXbccKaUzx1KpnDnIp2wXrrPpaFR2sLCaUKwJxlQPk4= 

FIynctFfcLxUozfuVCP0n1noNNisfuFDJMXKFIMOTZ8QKZd9AtJY2yDUsOl5VkIp+oKd7VDZ7uPFt3id7nZcGKU+vYZoeGLThirtU51iLIM= 

FIynctFfcLxUozfuVCP0n1noNNisfuFDJMXKFIMOTZ8QKZd9AtJY2yDUsOl5VkIp+oKd7VDZ7uPFt3id7nZcGMq/rOeQu5NOnihZRMEgmITuW764ihZZx7j9zR3hoO6p 

FIynctFfcLxUozfuVCP0nykqqErNFWX6699H11OfJG4j1qm3oMATcixweHQP3K5k3uWjVIxb0WUtCIjS/AOdvpiMS+tnG9RTWa3WF1HOB7NJHddIay9z72nw4XIZV8I2CX37uEpRGc5amgAtVvhM0A== 

03afrIacijwjYQhrnt7RfRICZgsIUOGfzKVEmqeQUJfB531dck8/1QPpLvNMT/UxM0c5ZBvYh5HcHeQ5blaPC46LrkCmpzz5AXOdQ0pHrus= 

03afrIacijwjYQhrnt7RfYbtaieBl2pKE7UDyfYPKV6BDcZiMRO/KqqNtJMvqO5cU2Ur54jatzExI1ZWTIux9ZnUm/bppwNCP1Elmqi1Tmw= 

03afrIacijwjYQhrnt7RfecSgKj8ZXL5Psd7VMlUqgB79hKeUM3QcUXpoav2lpr7qNNSdvdsssTmSLXwaO+JLhTzjR5qD1KvLB/24BTdUcg= 

03afrIacijwjYQhrnt7RfecSgKj8ZXL5Psd7VMlUqgB79hKeUM3QcUXpoav2lpr7qNNSdvdsssTmSLXwaO+JLoqh7LRyEMJRVCFx3Ei6g4U= 

03afrIacijwjYQhrnt7Rfa5URb9MXaqkobDNUPsaG32TVK6nVeklbksQkDmkq/I9tCul2n+9PF0Gss2kGBVFNI/DQSJOrX9lRYmdL71Tdk8= 

03afrIacijwjYQhrnt7Rfa5URb9MXaqkobDNUPsaG32TVK6nVeklbksQkDmkq/I9tCul2n+9PF0Gss2kGBVFNHV1eXqx9TTut3hYlN/an34= 

03afrIacijwjYQhrnt7RfTFdnObKR42D0QPhSnBWNz+x8qRcDuBVErWkalG7rzR27siYZCo41wswU8fwZ+2V/2clnW64aal8nr06LTB+L+dQ3WlrNJsLaW4o9fWvlCV3 

03afrIacijwjYQhrnt7Rfb4BX/i+k98KyNYwzNwUzAzJ+6hT0ayJLPUhiVOar4j8+UX/O9r7mcD1lEEYKm5IGFjm90j3+ptXHyGzaQoW8+3l/jbYZBaJPs+rNYr8qbTLWf8CJGUUz5/pXVznmyUU/g== 

D3j/qBjq3+jbi5ciZpA0p5HVTJgskPUjFPufx57F6lHot/BOyYCfW1h2fqHC/wPD8ofUEJ6VNyuuMOmCj2LqzSmZXpUyCjwvVO+HmfZVFyw= 

D3j/qBjq3+jbi5ciZpA0p9croVBnO6P4EeJj9RawsZ3hmNTMQ+kGp87h31ZpSmp+Eio8RUoEHfJr4cja18H1GW3e7x+hQbG3IkRpeK+XAQk= 

D3j/qBjq3+jbi5ciZpA0p5i0+dTuGdva51/IiihtYLLZkzeYzULHh0ivszdj47XO6hPG9vG2JMS2Z/S7Jt5R9F1blWItf1dDKHRt9LKBiIM= 

D3j/qBjq3+jbi5ciZpA0p5i0+dTuGdva51/IiihtYLLZkzeYzULHh0ivszdj47XO6hPG9vG2JMS2Z/S7Jt5R9Hz9K2RwQERRDdDWOHxiuG8= 

D3j/qBjq3+jbi5ciZpA0p4jzeKIBMWDp+lVOb7Ar1hvVE9nJ0UG6cRtorm3VO3l0vjgMCf4D5mldf5/wyLX5jB+Ob0y6FGPYsBhRBcGqU6k= 

D3j/qBjq3+jbi5ciZpA0p4jzeKIBMWDp+lVOb7Ar1hvVE9nJ0UG6cRtorm3VO3l0vjgMCf4D5mldf5/wyLX5jBj2X1NSVQfT9pjdvNYSOFM= 

D3j/qBjq3+jbi5ciZpA0p2SJJsmlUkok8nf+FhExxf/xSvJUMS8bHjIVDspEil7GpkFIjOl0StgLp1SphCKOKlALyk7XQL7/EL0SPJGormYKBYiOkC83EMGZ/Xmkn7bp 

D3j/qBjq3+jbi5ciZpA0p4rVEhepMCB055x684lIVR92+erQzKTdFZG3JYNVk6fcWEUECjcJFtJS4eYgEdZWaO8R4KqpLd2F7nD6Ka2+HkesapPJVOQnymOWUedb6hgydJkdY76kFgMcP368Rybc0g== 

5e6f8j4jpknnNNndDw5h9OY2nyK6C0wLfV1/GjZyjDyh3STVo3iEOjEvisC8w2CQchaFWzoRVtoWE88UD4Y9KZbJehGY6sk0VocfEzIMAIs= 

5e6f8j4jpknnNNndDw5h9IgGZOh13SVlw17g+F0imUAz9ivAigDoSEzVu9xWi0zolMpDJ7aHgjp91DTWuMM8g81tsCeJ890J+i4OwIFHrGo= 

5e6f8j4jpknnNNndDw5h9HJ0OyIN/zTkWd586oWHJeOROSEAMTlpfYiU8vVW7eUA5/l2A9HHx5ITyytYWnK9aCPC5NAyU0wXDn7cCbIJ2Og= 

5e6f8j4jpknnNNndDw5h9LTGuisX09BVDn20m72rgR9tvaf/UZII+g+Tf9xqjB5guIQJpx0tt6KC2A/T2SJiNM8W+UhxhXUXGYaZGgY9tKY= 

5e6f8j4jpknnNNndDw5h9LTGuisX09BVDn20m72rgR9tvaf/UZII+g+Tf9xqjB5guIQJpx0tt6KC2A/T2SJiNI4RtWnwxPjNFmA/dDr2xKk= 

5e6f8j4jpknnNNndDw5h9FRg17yddRJo66CM46GlUWRcJmmtVtBXVs1pRIV2wdX75YUSv8GPdm5vulJffeIZyoOn6z8ay4YmkTi4lAVYuME= 

5e6f8j4jpknnNNndDw5h9FRg17yddRJo66CM46GlUWRcJmmtVtBXVs1pRIV2wdX75YUSv8GPdm5vulJffeIZynhQH41KLvCb6P9X+CExnkoHHPM6FFd6AhTJPBVeIbx+ 

5e6f8j4jpknnNNndDw5h9PK4Q7yr0/sYi15lLD8I2MKKwLJ4Ih8+j+8g8Ury2ywYuk8MzjxKrDAeKaGgb+Itl1ykoFosKSA42jWWGh2Bfo1DgYKrnnD3CTFWhp8JgmRfn5fMWDrg7tt10je719c4tQ== 

DaM8OXes6UUvIjBgJvATiF0MmNJluxtdz/pSz8U9KJc/7fFk7Pp7YmkerWP/nZ8Co0SuDds63AXVj+95tnIUDJRbwcI/CCvEnbsTP2eCakI= 

DaM8OXes6UUvIjBgJvATiKg2rDpm9sGcC0CUj5jZxO45Gz8mDH7dWYk2A+t4IeIgy0RlCMHa8fGjs6QVYdwyfRNzr9XSc0TugxIrnBUaXOc= 

DaM8OXes6UUvIjBgJvATiJQkv8qnaE62LDJJrvINOPTYxhsSGPWiYHZffxKd1vn8TZpkk3hdP1QJPxFNge5m96oFj0lIl5E1/VHXil4Bv5Q= 

DaM8OXes6UUvIjBgJvATiKcEMKWdFj4+t5XovjQCs8EvQTS0Os9Xmubv+owpyXMfSA8GWlTJJSeo6umQpfVF55zVj77x/0q8S4xtdMzwPQw= 

DaM8OXes6UUvIjBgJvATiLhFEWZswnWB2rJVYp/8G8vXaHAXokFsgWLXLsukiAyh7fROIkU4COqP2WK0Das2vKk9dJRoREzCxYHMlw3Itiw= 

DaM8OXes6UUvIjBgJvATiLhFEWZswnWB2rJVYp/8G8vXaHAXokFsgWLXLsukiAyh7fROIkU4COqP2WK0Das2vI3ZrXYJ2nhM0i5tT+9pfOA= 

DaM8OXes6UUvIjBgJvATiN71ediO48PRW/9bDIGshLeJqkzFT/MOiM5ffQVyQzI4+xAIg45aR4ZT+Sxc+1mXb9gk2b/UuJ4SFU1Q7AWtp+nMq5rXW0DLWanpPZ5qLFzE 

DaM8OXes6UUvIjBgJvATiOikFx7IeOgCP0Caxoaup/sgH7fyq6jNeQW9h8iK2Qg290On17F4D07nQFJ9kZjAUu3YxxoJYGN8R9WMq+Rtr/l46rDStbJWItlGmYhq9WjeVUZgj48wUlkEHZclB4rtSw== 

jSpO0C/W/o+tlO4RfAjKri1JAogqf5CmzDpx8pM3diSez8iUaTCqpQnZ5gTPeogL+3nr2tYiP4B1dA1r1M+Otcjq7Kp9dr6r2vOYqReTtN4= 

jSpO0C/W/o+tlO4RfAjKrjit83mkaCgIEGSRKxJ35U6XmnKZAhJaFMiFEyOYMUw9iMmKCJq0hhe4fIyoZGcWE/gez1gCE9ZRCPOihMqCQdA= 

jSpO0C/W/o+tlO4RfAjKrjzNNXOo3krZcYauQp9qGkdl3H4oYkhsSHwnKv/I8ApMuingvMN35LVFcwVWd/HL21PY3dsp9lBvebDa1ymWlmw= 

jSpO0C/W/o+tlO4RfAjKrjzNNXOo3krZcYauQp9qGkdl3H4oYkhsSHwnKv/I8ApMuingvMN35LVFcwVWd/HL2+/OzE8CcXz1b8O13JMPWh4= 

jSpO0C/W/o+tlO4RfAjKrrlOQ9U3eTpBTPaeLJvgne6uLJYft7+eFkZAMQhVbXav6sPLvAeaLhMAFs+6Con/VDS2GFO1aoe/iF+MP/xwI2E= 

jSpO0C/W/o+tlO4RfAjKrrlOQ9U3eTpBTPaeLJvgne6uLJYft7+eFkZAMQhVbXav6sPLvAeaLhMAFs+6Con/VLQTD4pnyyHCQK9NFR2SpFU= 

jSpO0C/W/o+tlO4RfAjKrrlOQ9U3eTpBTPaeLJvgne6uLJYft7+eFkZAMQhVbXav6sPLvAeaLhMAFs+6Con/VAjd7j1xb0FNfdVNm+bctElG1fiQUrW9V4q+jYW9vG+x 

jSpO0C/W/o+tlO4RfAjKrovBYlZOE7Gkt49iLdOss2itZ60baQNoAlO6fHk4fQgGTRKODApnagjHUmfoyOufVsJ5a+pz4Zs7bI4/HrmWvtHooK3pbGlbB3ClBfcGTdm6/d0iC8kiG27gEpXBNtHx7A== 

rv9rCqY6hKBoIy+R1B3behXa2kUuhgphzg0ArlWlW31xh7JFTUKsZUL512R6cLZMCeIlonh313j35xsUH9n6xbPFDl0i7I1Q0tdlMkPIP+Q= 

rv9rCqY6hKBoIy+R1B3bekvIMBudOBqaRYuU0hIrV6XKiM88VEKvYeSQl9qvRpp3l+7yNSzTzBYqAsJ5et6xXvjgxB/3VlxQqKKsaK7mcxw= 

rv9rCqY6hKBoIy+R1B3beq3/BZx5dNTFfJyZy567FXe6DKzhnUZ+XUMY8ADlcLnTZ/yAk87sVq2dNML1EnqbQyTx/FFTg+PdRbLTG/sjiJY= 

rv9rCqY6hKBoIy+R1B3beq3/BZx5dNTFfJyZy567FXe6DKzhnUZ+XUMY8ADlcLnTZ/yAk87sVq2dNML1EnqbQzpqgMtaXZLpSF8fL61XhYc= 

rv9rCqY6hKBoIy+R1B3beq3/BZx5dNTFfJyZy567FXe6DKzhnUZ+XUMY8ADlcLnTZ/yAk87sVq2dNML1EnqbQzX33fT2KQs8bGHUhAdcf4E= 

rv9rCqY6hKBoIy+R1B3bev5/dKuLjlzpzhjKaL4xSfETtL8DWFBtSGDPD/mXm33iXZQjFvNaM3aogLcc0kLU6SxVXC3HulhkxqRp7MsivfI= 

rv9rCqY6hKBoIy+R1B3bev5/dKuLjlzpzhjKaL4xSfETtL8DWFBtSGDPD/mXm33iXZQjFvNaM3aogLcc0kLU6cm64Y45Fig+LXZPjgIDYPgz4gMSbjPfQmRn2xj0yf84 

rv9rCqY6hKBoIy+R1B3belvkDQUlk0VqSfYm/7ha2GiwK3+XCinV4uZL3p08Vu35uJ5BgDeSWz1paqxNVD37IJeybB93kA/q5h+SMQIkAYKr7mbg3BpM/YLI2BPbxRjUU7CQjDqFO8FrbhIiPo2+PA== 

5L84L0t6gV35Qyc+TysIz9Siw964JosxHa0Al8YbHx0b8g7JKMbS+E167H9lgoryhf93Au20y4IVClw+842fYnwTCG14X2uwiZNvTa8igyo= 

5L84L0t6gV35Qyc+TysIz8B2ooKbegOosEOmFMmmL+V99A1FB3poNf132452xqa1F4T4n6sRb2NDCpmxhPD59NjyA7be3O9skB2Z/0Dk8ro= 

5L84L0t6gV35Qyc+TysIz/x9foHKjvu9Bh7D0L+s8HyBBjoK7CCgQyfZassR+yJsXAUVJ+LgL3lel5u4scB55o7hpoh5vVTFotysDZY9LIE= 

5L84L0t6gV35Qyc+TysIzzaI0hrk7oxkGdRTHWBUduONMGuFXWrsuEVXnmtrVpz2oMHdxM7bKlnk95qEylZUIzNiFrXMUMEHEt6XLDdy2b4= 

5L84L0t6gV35Qyc+TysIzzaI0hrk7oxkGdRTHWBUduONMGuFXWrsuEVXnmtrVpz2oMHdxM7bKlnk95qEylZUI80vti46Cb8OSdiyuhDss+c= 

5L84L0t6gV35Qyc+TysIzw6hOjKSkctSIPTiL4exTeFqQ7dyHHbPa171NECOlH7t5FewbbPIjxqy77hKg/gtWFXDf/ohFkeIuCEHjnCfWFc= 

5L84L0t6gV35Qyc+TysIzwjSJ+KQZBPOKWj4+2wS+V1MqZhLhJfC3uD94DfeL8G2Rgi6AGQLgh5PJ1QsygAM0M0v2QuNMR18mdVpssOuQbNetQNNALGUqmgFW3k0IT/K 

5L84L0t6gV35Qyc+TysIz54XJk6H6+qdDFty/X/x0H7hAdxLznC5AQgGTkpOK+h2IvmJGRxVt7FftNLQ4v7XScApC6PCnB6UkJESghStPQtw4uuWCdvzGgeLfrgL9DTYwSab+WvQvT1MONmw+VgURA== 

xkhMOYJMNe+ZqXuS2I6OH7vNUmD+JFdizdnniWumOBrmvpu2N6UptWeJjbZHYKxwIRnF73G16qvo6qCoX39Z+pIol+2Q81Z3cFyzR1hdXa4= 

xkhMOYJMNe+ZqXuS2I6OH0B1eM4JPOSBOl5ofh6kLJEkWdo3vCh4KjEcfTEnVRbNUaRianWRGpxf6DWJ1u+KLQ12anGfcYfk0eLSag1Tp8U= 

xkhMOYJMNe+ZqXuS2I6OH8vJ9M3BmubdnPhDP58MA4IZIYnVyPeMNkxTGuo33g+YYrdjoVMy43lDrZ83FoGlI2Del2n2/vMtknmoV/EMKYE= 

xkhMOYJMNe+ZqXuS2I6OH092u9B8VlrLfYwSMnoArshvbGL0mq2wZf2QWbOv5HYQEE4symmgL7H2y/8ARFeVV1JbqQoqt1yRIa7s7dkoCZg= 

xkhMOYJMNe+ZqXuS2I6OH092u9B8VlrLfYwSMnoArshvbGL0mq2wZf2QWbOv5HYQEE4symmgL7H2y/8ARFeVV0SSdWO3a6S83baCVgizbvw= 

xkhMOYJMNe+ZqXuS2I6OH9GtAP4TPwFR3YS32s6QhBdnYvvIrWzYi7C4wanRNhlZFUHNOI0H7j9c9c2cSqPLOlfk8aAdn7bJ6xavx0EzGxk= 

xkhMOYJMNe+ZqXuS2I6OH9ISHY2nzQVZVKRGDGmirKRL//RvFhyXG9M45ztwB10jkfBCznznNCLl3Qg9mALXwVqyxrQ6he2lnj4+sYhsikUa7QHq/K2aM049e7Ad9rAa 

xkhMOYJMNe+ZqXuS2I6OH4c6dydDy1G7n8EBykx5Ox3HZOQTMFPnSTEC9Bf73qZdSngezxtJtfAE/AHS2dc2I/zIl7jA0cqXyPzwseId4Im3h2hgDnGjDF7ox+JSWYPjss9IrqokRty6QH2Nt0xJOw== 

xSJQvA222KOGSB+qyfmnCUCjXQtw4aCYg0rt5ntjeo8eOdI9PNfSzdCD7kSqaThsfNNymesotxa9gOO1pfKFN7HFyY4zcCGqJegsJPBloNA= 

xSJQvA222KOGSB+qyfmnCTwp40O0rAiI0TER2G7dWaG/z3P7sh7vYKBckrv/k1Xr/PPoOKPc0KFymoPd/Ef4S4ClEDpka/c5tZIhOak3/BM= 

xSJQvA222KOGSB+qyfmnCaNKYQfYFkG/qpw4cbrdOBtiwOfUSd19fdHUfqEPMqsvd7ekAXCY5Tp61skNH4oPqOoXTqbh09efkwlqyl298jU= 

xSJQvA222KOGSB+qyfmnCaNKYQfYFkG/qpw4cbrdOBtiwOfUSd19fdHUfqEPMqsvd7ekAXCY5Tp61skNH4oPqKSDenPt3l9w/XeTC9TaaOo= 

xSJQvA222KOGSB+qyfmnCSzoIn9oc3Wfhdm/HByA+6iHCSlaR/BzOfq5Z27Zij83WAE9zfWgqEcKPUA05vswT/TCUL+52dKjk+husfuvm0k= 

xSJQvA222KOGSB+qyfmnCSzoIn9oc3Wfhdm/HByA+6iHCSlaR/BzOfq5Z27Zij83WAE9zfWgqEcKPUA05vswT5L4nTBnTK9uexZh4GFax+w= 

xSJQvA222KOGSB+qyfmnCSzoIn9oc3Wfhdm/HByA+6iHCSlaR/BzOfq5Z27Zij83WAE9zfWgqEcKPUA05vswT8r486OErP8hbZNEy50QU+gTMA8jb1w3vobjp5yzg0MK 

xSJQvA222KOGSB+qyfmnCcdK1LJ/ePaiLsh4Nr3uOzJ+PqwoW/RqKvOcLDAuEpQjZfS/qCDOqQfycUVkNTbuZzNm1JNiMUtT/yhRdY/f/gIfTfwBjEQx5mKkWKn6g6t2owojzobOwDf7cAQGGcetcg== 

iS7sRu7pZqlziee6Fzab8sOb5TYZzn+klrNR95Gpx7Uaq1pPmcrsTIJ18fhhr7HtsZZAWxTmGrtfFHl5S6nO6j/HnWUM68qLyurpJ4PO+w4= 

iS7sRu7pZqlziee6Fzab8lLK423tueH10zrMAd3EjYF3DbL9j2aW6knDS8C45px3+0gZ8PuDijxRpM/coyWU70wPbq9N3ZtblSFq+o4F5UE= 

iS7sRu7pZqlziee6Fzab8hocWSYW9aEWwf4ExuOQ97vCiRJ3P295DWNIHZXcyzPZ11tQ4eup/qiAg0yxUM66oNSZNnOGOBWV4tjzLvQpz/o= 

iS7sRu7pZqlziee6Fzab8hocWSYW9aEWwf4ExuOQ97vCiRJ3P295DWNIHZXcyzPZ11tQ4eup/qiAg0yxUM66oDZMzsauunWZRXVAsfuOCYM= 

iS7sRu7pZqlziee6Fzab8jlQ6yKyq8a0eMtt6tNV1yvfVlWJ3JuJjd77G+pxbHJHy5Y8/9LGlKtXmCz9prxswwN38cmP3vHxQ3u7z0WnB4c= 

iS7sRu7pZqlziee6Fzab8jlQ6yKyq8a0eMtt6tNV1yvfVlWJ3JuJjd77G+pxbHJHy5Y8/9LGlKtXmCz9prxsw5n34twMJInsme8apvEvcwQ= 

iS7sRu7pZqlziee6Fzab8h5M0LGLu3J2+f1jMtmlBxgN5ji+fWJUepFlBNh13PdILzEsVeowiiAAymO/bqa86qKEDGEwA3eahT0jpGJvEGHBw5JglejIEug1xmnT5pWm 

iS7sRu7pZqlziee6Fzab8vt38FpZUacLSWOx1X/y/3bv6g3x8NfP8VTNIxmy4i8NIguSwmonoFnvRtILeEhbSvl7PFRH0Z5hePc9RtrIPUA9tSBy5JHKPsad2kQaroOmY2RJIoaWNahvxdG33J9PhA== 

u9i13sUa00EM3FmhEXyTleI7fF7YF6+F1UySB+mhoqkqqsszW/bImZMDpV8QKHYqEMAXD21oIGPEoA9lwof/VIcY4MfhVc2AIKMkg9KYI2A= 

u9i13sUa00EM3FmhEXyTlT40srsAgRlY92M9QtJeeX8vYC0yilOV4FNTSrlGEu0q5h04uD9+7P/GThSCZF2O819LqCuZ4qs48DmxDQiqswM= 

u9i13sUa00EM3FmhEXyTlSsVP1OaDYFVT9+Twyukiji7lFORmcvmCiXsgVQiAt0yPQd0vYkL25vVwQvfaO9X4YOO8Bb2NF6zZUU8StxqrCU= 

u9i13sUa00EM3FmhEXyTlb82iQLGVTE/RGhFLLY6rYg3Sa4Ewn3pa9e3FYDgc+rU6tciDJr1YxkK+yM5xoKzALawcbqjFkO6K2mZb5zMDx8= 

u9i13sUa00EM3FmhEXyTlb82iQLGVTE/RGhFLLY6rYg3Sa4Ewn3pa9e3FYDgc+rU6tciDJr1YxkK+yM5xoKzABgS/20BJPdGFi3r2QAUzQg= 

u9i13sUa00EM3FmhEXyTlVuSf4koWlMFRM2zO1+lIGmEUFweMy9/eU4zJ4eNmMcbpbLDiDc0oiR3SvH2fC13Me0cP3ANSkMAQTvcbQ4+IfI= 

u9i13sUa00EM3FmhEXyTlVuSf4koWlMFRM2zO1+lIGmEUFweMy9/eU4zJ4eNmMcbpbLDiDc0oiR3SvH2fC13MRn8ULZgy6XhgzrccD3N8BF+8UDHKp2NMDcLluBF3AbK 

u9i13sUa00EM3FmhEXyTldG03fTFVsE1h7D8Cpxwk3d3Ek2+oib0GhZQAf+EJ8l/4tFwbULlWbc2My7sqUidSXh4sBW/yNxeRguzyRaCEL1JWgVe7Iwh1CtEPDnmcQlKZHs26gC3gR2FU3ACgI8LBQ== 

RRuyh/660XhQ8D4kbgGzk+XfQCgKuniZikP1qz0tRSyXyNTwSeGO58/4AuDVDcRsHkk1V01Mach6Z4VYjgt4GSy9GX9TlqlFvC+CwoqKhVA= 

RRuyh/660XhQ8D4kbgGzk0LNNihvOB/fSfuFdSbAugwf+/NkVZCKG3ArCFO6vZdIHptHLBiST6Hk4fy0PCGkHVEplNPn6HYykr5WbbYpjNY= 

RRuyh/660XhQ8D4kbgGzkzMsMmNAtloqAgGNsroVIxJMk5UrUhKDGG0btbaMrzRnweRCv5EzMMNf1L4deW77z1Dbd+SAi/nRSr1trYDgmfU= 

RRuyh/660XhQ8D4kbgGzkzMsMmNAtloqAgGNsroVIxJMk5UrUhKDGG0btbaMrzRnweRCv5EzMMNf1L4deW77z4p93WBj9Yfy9b5QubKxt5M= 

RRuyh/660XhQ8D4kbgGzk2d9kD/KTQwMeFunXEyCQGsqFhaaBSPcPZDLZFoeUiSe7ujoaOPi7D3sHv4rurlTg4HwmQD7B0P6byrxmj7bGqE= 

RRuyh/660XhQ8D4kbgGzk2d9kD/KTQwMeFunXEyCQGsqFhaaBSPcPZDLZFoeUiSe7ujoaOPi7D3sHv4rurlTgxakY5hlfAsLIreBG/o6qF8= 

RRuyh/660XhQ8D4kbgGzk1p/LKRPBib2/6qfjaGeOT5BNyh6MxaOeeq6gagzdvJHH3jzIXPRlTn+o8WsVQKOF5tJaEr1BCatKsfXg/J9zY/DBXmQouWv3G7ov9uQhxic 

RRuyh/660XhQ8D4kbgGzk5TnlORe+xrMJMA8gZWX4v0TDT8LLygfj21jIzR7xGt7dw73fVUI9ehhQ85Nh3gF3cLH8SkPF1WbOuy2Cui81l+qABydcFcEtG0RK+DYJGj0pDtknddJ8DJXHMu6a4bJJA== 

F4nwP/TUEGvuF4uqGisP4FAfkjTRLSp8/2AmOuEeUclXjzENitCAoJYlRNo2zV49CA34N0gJwbGy30EYJU1c2n1mTvh+LTgzlkfhIA/+XRw= 

F4nwP/TUEGvuF4uqGisP4IrVP0C5feF8Db2nMG3uSbosdtRs8YEbEAtQBmdEglUfWYYBciwIw7S7Oathj0EtzxaddaQApcxxfi9e2Odld2Y= 

F4nwP/TUEGvuF4uqGisP4G4wIaAgeDD/6bNx1dScnso1zEz3CBzR/tqZXooYgd/Mbx1LvBzjDf3Cx6Oai6cI+E3hLx2KZ70IIoBxPHDObB4= 

F4nwP/TUEGvuF4uqGisP4G4wIaAgeDD/6bNx1dScnso1zEz3CBzR/tqZXooYgd/Mbx1LvBzjDf3Cx6Oai6cI+M18SyJHSOYQLXiRlQJjksA= 

F4nwP/TUEGvuF4uqGisP4EtvXfSZCsdmMUEvu4UiTaVBHL9lM1o5Cm8i3wtxoM+jgskiz1odQXgn5z4c2/aUp2xKKjEEvvIlYrXO0/fS/rs= 

F4nwP/TUEGvuF4uqGisP4EtvXfSZCsdmMUEvu4UiTaVBHL9lM1o5Cm8i3wtxoM+jgskiz1odQXgn5z4c2/aUp10WcfC0oOfMM+/X35fWu2Q= 

F4nwP/TUEGvuF4uqGisP4GNCQgqkx1InmhlyeL7dRUJ5evc2Pw542ntjGlrCBaNhv7lrPtPQtj1ZWokeGOVeGKgO8aARDfSPK9gr7UKGHeRf/JoQ2+iso6+hYqnDxE15 

F4nwP/TUEGvuF4uqGisP4DUaCQX9Tf6WjZ+f47zUCa6/3xozM9NSRbHCYESztZI4MgNzN3K9GZWMRVtD3nBxIeMMxeulJRWfcOv0K7v64vlf0HKN2hPkIa0fzurfIUeSmC7LPoPFUEIOJ5UDGHKGrA== 

pfYTWjTvOrufC+R9hC2lUGu4apRe0w8XDpiqKiJcHZ7rkTNGD/fAW2klBWg3wKONL7MQFkM9IqXrEwIWob64aBff5Ze5ACHIFPSfmc1N7jw= 

pfYTWjTvOrufC+R9hC2lUB3Uv/OY97rjyDY8qYCvSeiItUReV+11MfLidqGFOmmvLQTSkDVrk2DI/MwE63bZ3v0dnDU3oaXQWblRlW+zeYU= 

pfYTWjTvOrufC+R9hC2lUOZcfMou1FoDAp9+0gj4LY5QWw/uj4nODJf9jQvFk4LplqxWtnqOw8HCztGD/UK5j8menFgFvvHJ0RanhHthF0U= 

pfYTWjTvOrufC+R9hC2lULT3D0cFHadFeqwn+W9mvzC03D+6U4Zcl/fVw995aRWciQLqPAxm3LqQJXZySQQT+zYjU27RO5L1X/6wxAp0ZT8= 

pfYTWjTvOrufC+R9hC2lUIOSOfuY4eL9joCKJALAxG0rjVRi2f5+sKqhLVZ+aQf3NZ9tOoIfJP2ia8mLe+3UJlrra5ouwRUdDhUsY1ubTRg= 

pfYTWjTvOrufC+R9hC2lUIOSOfuY4eL9joCKJALAxG0rjVRi2f5+sKqhLVZ+aQf3NZ9tOoIfJP2ia8mLe+3UJoAK2iLn1VjUOs7OnovTEyY= 

pfYTWjTvOrufC+R9hC2lUKrwMUoe9Q8sra6VenMYjggwxZjYcMZyAxcGht0KfZT0JFFKQJV2hyg1mhRo5J6Ev9sZ1KTVsHNzJFDkB111fzQaXVEmcHUadm6OZ7y00C68 

pfYTWjTvOrufC+R9hC2lUKruqd+Rs1VQbr+xAz3CeRS47SCRj4oqHUX1GyriRNT6VlMakBqQb8zCdrer0WBy/k/ceMjL5ph9S+WCu0vmBWRn7H1Qdjc8KF0NIip6q51Ei4sPkrJuk/i2lmfSbuxwQA== 

Gsd22qzyIcotdSueRUvhTTo6279C0RDaS5IhnLPv4vVskOVIfZz6djuojYPNr3xeVpezq2eowtANm/a0pQIvddJmraKl647tGxlk+pSAkWc= 

Gsd22qzyIcotdSueRUvhTXQkLX4GX84RKc6oFnfnuuPhX6BjxderW+kJzfIQLxxZkw7FlW/JG9q8K4/AeMSHlwoZOFjQps7kfQ+GqwYlFk0= 

Gsd22qzyIcotdSueRUvhTWgFGHQX1ku4EwlyeVJpDkbdN0kkUgF9k/SXHd3nOYCzQXRsarUf7UOYQB2yQTixrapeFL5QwvZgpDssXcjg70s= 

Gsd22qzyIcotdSueRUvhTWgFGHQX1ku4EwlyeVJpDkbdN0kkUgF9k/SXHd3nOYCzQXRsarUf7UOYQB2yQTixrb5C4Lk54YvOQHryNXBexQc= 

Gsd22qzyIcotdSueRUvhTSmtDrotC+KsJCY2ybbeq943J2H9GZu1U1ZbOykWxndGPcOwCa8Bfg+8Cu8/jwrwxD/QvKawqkzkoL6JBcdm/fc= 

Gsd22qzyIcotdSueRUvhTSmtDrotC+KsJCY2ybbeq943J2H9GZu1U1ZbOykWxndGPcOwCa8Bfg+8Cu8/jwrwxJ4hZKFBWbdy5Fo6hEmoSSI= 

Gsd22qzyIcotdSueRUvhTSmtDrotC+KsJCY2ybbeq943J2H9GZu1U1ZbOykWxndGPcOwCa8Bfg+8Cu8/jwrwxHLnW1aLSLZkJ5F0NtyMUwI2I4rtyRn33eV+PYhe4RED 

Gsd22qzyIcotdSueRUvhTXiB+dEcwQ3c0D+hd+gry8Setij11wkD3W0L0/NseARHz4juwHUb0aq2sXosQC4U+vfuOE0HEJbvAvnZcLYq4n2xiPefM+S5TfhU2XjOhRA2A1oqNgyfAnMHZL3jGiJ3Uw== 

wdbpPLki5ck1rCEfCpQZGqLEKifd2HdLm5VNJoGVR+rqHCkkmvWMEE/mduHNoiR07nzXRi0crvj8yeUvpWFbfyZ2k+j/PkgYrmKbbGszF9k= 

wdbpPLki5ck1rCEfCpQZGj79LjEfx8Kb88Ad4WNT8SBq9TOpMb1bTc/g26rzOcXAZyznd67tw3xYkK6HF+I5t6CS/DLdyimVNJFZCQWCxbY= 

wdbpPLki5ck1rCEfCpQZGj79LjEfx8Kb88Ad4WNT8SCtORiRqIEBGo5i3dLdlgdCqcvGgaLtuBAX1y10tRxgfM4ETNFzaaE+Oh+ak4ef5qU= 

wdbpPLki5ck1rCEfCpQZGmEUDwwySvZZ1BMiXlQAisA4t7YXdFFOQvTC2g9QzAiyrXO3YnmhDRZOwLiIdnnMoRgJSsuUFLUyPXMBr5mSrmY= 

wdbpPLki5ck1rCEfCpQZGue0Q6BXfAeOLLzrjDUNhSep3MHNSXSWiQpWEy6ynR2IAo6M44biPIFmyj0UmWKN0eqkn+joXoUUyGQho5uLhpY= 

wdbpPLki5ck1rCEfCpQZGue0Q6BXfAeOLLzrjDUNhSep3MHNSXSWiQpWEy6ynR2IAo6M44biPIFmyj0UmWKN0Y4RtizFlB2Fmr4goPiHz+s= 

wdbpPLki5ck1rCEfCpQZGttOigiXkSc1T2/ZITXZCdSmM08zZxdzcb0Che+s8T4v9mySwZoVAVaZJqwjwpWSSpnddSlmnZ0eExTh2CYH07+Xv8N3r3r25onQVPVLGqIq 

wdbpPLki5ck1rCEfCpQZGmqyw8er6dPvCZnos7k5n7790TwlfTpukLOR5SUcsmJmWaUkoEBN/F2JCm7A2fC/ZSyEz+2V/vgLAJoVlBoOKFlOBwdL25zYKCYAROZa6T4zNN3VdtmHwvzNIas802ao0A== 

QtaJcMlo1QVHzffpE3MpzYUpz3EkjNtdd6kykaaMYgb5rQhP07p07kPYqZdDzRqksUht4oPLY5EfCvq56MVWAlP84fSTL25y/9hGcd87Ud8= 

QtaJcMlo1QVHzffpE3MpzYycHcz2mQG1knuYq0h14Hu6nDgFS7/oS0pvrCcnB8l12OV3apYnt++Kn/NCConD+tPb2a9ngin+cL2bC5dc96U= 

QtaJcMlo1QVHzffpE3MpzYycHcz2mQG1knuYq0h14HvA1o38VriVjeqYg44hmT+g7PsatVfGRQAKk0QioZjby8cAWn68k+Yl8l4gqMnAD38= 

QtaJcMlo1QVHzffpE3MpzQr+FP1kipZoUBBbDuxmrwafW0AWjhuqCG7tbZOkHticzbW4tvALVuAQEa5sVRFAvKlfbrTvaTuUtXf372rlVCA= 

QtaJcMlo1QVHzffpE3MpzQr+FP1kipZoUBBbDuxmrwafW0AWjhuqCG7tbZOkHticzbW4tvALVuAQEa5sVRFAvBCsEzRPy7BnijUOlHhkOBU= 

QtaJcMlo1QVHzffpE3MpzaEUwGemQ5HT4AnC7C7+hVQJ0OEcZoSAPHp/0jNpWqrJsuqq0/L988OZWGPUyggFoc5Wt8N+45nkchIpq1rDFNE= 

QtaJcMlo1QVHzffpE3MpzaEUwGemQ5HT4AnC7C7+hVQJ0OEcZoSAPHp/0jNpWqrJsuqq0/L988OZWGPUyggFoVH3463sVzcsPv/ZcMbOWEZXmdUcKnT6HCWR8mYmLhut 

QtaJcMlo1QVHzffpE3MpzVx2NkCi/basgQlcaOfLHXqHDjVantJ8T3s6wVgTj37kiagDJvWsna7hIRGJElTGCqq+r88GGZKbOA3YvUwLqzjQaZ1XT/hi4Cwxu0pbTjSrYXUYzQMPmoNJohAZKMJ1aQ== 

YYCRKmDA36NTz4jNsGTwlH6jYSLUEw4mYx0hKUwSSJmjp3kkfH+odMOt7YAivDUZfP/4q9v6i3YLsldJMsaHiJHt4SxeJmFRFiRx+l9CqCw= 

YYCRKmDA36NTz4jNsGTwlBSw4zCYzCLD8Lo6IgRznMZuxTqWeCTcaLOCDdPxSexVUaBfepYZbmfN1df8stxYOoxM0y7LqMXBybjUqT53nyQ= 

YYCRKmDA36NTz4jNsGTwlLyYgzSAgoG2NDd+UwGmbRCrWVIs86PLiN7HWfrJi/Yx705oFI6PxnT4LY5DUShBtCz+0xiFevWUmlDL+iPn1Fo= 

YYCRKmDA36NTz4jNsGTwlB1DwVpb4+O78S55LaEmnPmxaKFeGaR5izFHF9pOEmPpMgplFKA7kRpcCTwsvLqTvOZgIPA7dH6Ak/Kuc7K3uwI= 

YYCRKmDA36NTz4jNsGTwlB1DwVpb4+O78S55LaEmnPmxaKFeGaR5izFHF9pOEmPpMgplFKA7kRpcCTwsvLqTvBt60WIvFY4JEkuMhNbL3o8= 

YYCRKmDA36NTz4jNsGTwlIwDUIbXpiTmGJf4TzkG4lCpUg465EDWx+dAfo3gCMGkCSQMnLTNnUXTDlKTVJCE51XvJvXoi3OwwSJmOlZ5xRo= 

YYCRKmDA36NTz4jNsGTwlIwDUIbXpiTmGJf4TzkG4lCpUg465EDWx+dAfo3gCMGkCSQMnLTNnUXTDlKTVJCE55Z8vl23aUfIeR7WKaNB8FLv3df0ZKwbVlEdio7AS62Z 

YYCRKmDA36NTz4jNsGTwlGC9a9QrdjurK6sx0a388VrCRkdS+iAkOaaYvEq0mqSxkX7ttV/fgMShCIusYxKaxxxIisVO8ZYEO+DoUHKXwOmuhigItVvyQkjDHAMHR7tsjbfQPzLQhPjfAkp/CYDadQ== 

DrevIXEWUUfVfg/LcGqAikjbZQXO6GJLr050+drMtIj8ACUr5j9MBPtML/qPNh6UneBhxLkycKbn09tK/37f/OQK3PDi+vEBUsZT8REO/s8= 

DrevIXEWUUfVfg/LcGqAikhiENHiKUHUWVM2e0n8ONiy7xSSnOvGNA+7BE+ihKpYStPvHegtkJ20n1p6sLqzSxGN+CRrsdZrUejzlJrCjXA= 

DrevIXEWUUfVfg/LcGqAikhiENHiKUHUWVM2e0n8ONgCFB+4MDHC7ubAVrH6wktsoLR8Ukx/PHjBajvKhat7CbeK5y6JNjvrU2PyJHBXjag= 

DrevIXEWUUfVfg/LcGqAigT+P+uQhpo8hs9leN8/k1jcZuorY16zeEbpKC22RKvJ7u7afQAqHn9okycxAFCaGRLi+8f/V0rGSb7nBbK32mE= 

DrevIXEWUUfVfg/LcGqAigT+P+uQhpo8hs9leN8/k1jcZuorY16zeEbpKC22RKvJ7u7afQAqHn9okycxAFCaGcl5a4gG9YYpbq6Bjn1Cl5Q= 

DrevIXEWUUfVfg/LcGqAigT+P+uQhpo8hs9leN8/k1jcZuorY16zeEbpKC22RKvJ7u7afQAqHn9okycxAFCaGWLLQGrOOwpfH2WewsGBAMA= 

DrevIXEWUUfVfg/LcGqAivHPA7k3494JPjprvQUgt91UIYEc/s0HjxtLNJgYs8MD0KLQECGM1dgy49H2mb1dVllZCHUOT9qO9g9A6+nWS5i+H5UuzU4/TVMpsxPfyT/A 

DrevIXEWUUfVfg/LcGqAikJEkdk3LefBK59Yf7D9jbsgvzIrRbOXPA7h4WlyXbusJyFcxkQX9CLxW48XrOzrbMFmwn9+K/8kSEZbQVWFceo/3Oh+UTqkDXv6iRXWOsTHZMbe+WoDzAqUs3/raTC+kQ== 

Xc0oXJs7b4/W6ZqwrwnNGCgrVzb8z88YYlItpe5csljSNkZu8llmFwuT2Y50sgTa4VuGJl1csanQi5fWoJEdthayAAGM1EXrikyFwnr6wBU= 

Xc0oXJs7b4/W6ZqwrwnNGBqoRsT4UkR4l90OGtfFaqNdTVM3czs133OlLsbvcZYJ8WsXf73qjSoW0yJDG1wYD7aolbYmzod5KMEh8J0tssI= 

Xc0oXJs7b4/W6ZqwrwnNGBXkfiWNMfWqlbgtxMKHT1CMKZI6w8emh23ZrzBzumoYkQ1xPrTJ9murc/fSCNmtzi5gXqijWs8Gj+fwePJMRBo= 

Xc0oXJs7b4/W6ZqwrwnNGCfodZhMF5tu/CCrPtRQgm0NOTz/fYXh50EaEvbcU1PVeI1GRDy52pv0GI+sH7QljeyPeFy7HkC9eQ0+dSZegU0= 

Xc0oXJs7b4/W6ZqwrwnNGCfodZhMF5tu/CCrPtRQgm0NOTz/fYXh50EaEvbcU1PVeI1GRDy52pv0GI+sH7QljScOGkuMgkXVHB06QtRh8LM= 

Xc0oXJs7b4/W6ZqwrwnNGH7veOnmEs1ujI1SMWdC1/c0PKTwiNfmaGBktAXKAD/hB0Y0KLdV5FecIkCJM8nmR6UkEftBNhsBdiJwfmKoSHo= 

Xc0oXJs7b4/W6ZqwrwnNGH7veOnmEs1ujI1SMWdC1/c0PKTwiNfmaGBktAXKAD/hB0Y0KLdV5FecIkCJM8nmR7UEfJ/W9wSRa7EfaSMkrW0AEj3T632gLojFu89saddb 

Xc0oXJs7b4/W6ZqwrwnNGOi24NowUSUTNujH1RexHTy868rMzMT02VfnBU1X5vRpIZkY/xnKDqMLMqYHFJuGU5sJ+3giNLocQ3F6et3i5YJOJEPyRT+eOnJBPoZqij2wSnlNGV5/UMiB1oEi3yhVXw== 

kLqPEXVSDUkY6xrn12PRKVjAoz6xRKf7NxfTjY1OfcBbCb8bCeAFqsuHtT/grxgBPA5f5MmwgX3YqE0FubR4Ez//JkC8mp7pXapiHIxtKuw= 

kLqPEXVSDUkY6xrn12PRKU0+dfx0rIHo8sL/eNaDnZtsdLPWq/bEj29PR+Kgpm8ai0DZD1LfbsFE0x8EgYesfzhXsNnVc1G9+mj1bDVk2rQ= 

kLqPEXVSDUkY6xrn12PRKb9X/NUx7yMefWrnTzIGagaObk6a/dl72fHXOscUBtp/8g+el0oUyklyxhqCDHKXC+w4lw3N8IUl3AJQiPSygr8= 

kLqPEXVSDUkY6xrn12PRKb9X/NUx7yMefWrnTzIGagaObk6a/dl72fHXOscUBtp/8g+el0oUyklyxhqCDHKXC3nxYFwHv1/PSF024QjPGlQ= 

kLqPEXVSDUkY6xrn12PRKSEbFFJ/VmJlaWIGSi/f0GjSFYO+S9e34iOQg0UpIb7j4MylLCi9weK0izZZ+WsTdI8A1dZKZEJUORk7MMgiKjQ= 

kLqPEXVSDUkY6xrn12PRKSEbFFJ/VmJlaWIGSi/f0GjSFYO+S9e34iOQg0UpIb7j4MylLCi9weK0izZZ+WsTdHSziCsn1XzlAEtZlRKs38Q= 

kLqPEXVSDUkY6xrn12PRKfWPu6lFYBc+mbg7y3YqPvWAfl2xfuWM7wRsIICPLGIqh48suZ+UjUh+3iQ140yzClfXk6hajJvOrAC4Bj8tFfDxU+2p8px8FW3q39JVYjbM 

kLqPEXVSDUkY6xrn12PRKRI2vsDQPidYH9a9FZIvrmhoOSc1wPkEzrZm8AhUb34PYnutqI3Qsx3UB3UcOXRLFaTx2IlC1HzGEPWSsPPTRiZ6W7A1nY8TJ+Pvx7OsuWpw2Tt2weh51E5XOlmqal182A== 

NkxSQ+xlFrb9YL9c9P37fuydQFGLsLn9+ISM3+uJ1wo2zYjMfTMFfnVknQuT59/PDWLg7667VPVcG4qK7HfeYrydXaohC1XrarO/uYXyxD8= 

NkxSQ+xlFrb9YL9c9P37fvXzo7MWMZQQ7OU2+ssqt1A9b/P1GICu18SEw4KJsaQr18nut5WkeO2wgN7ZYiI7l6bnA1+BWvo6rceX2aqNy0Q= 

NkxSQ+xlFrb9YL9c9P37ftPZ/eAm6ecKugNkpd0s1D7krHCoFiGB6dKzuvxPfwUM2VhsQSQKZlvtzWch1F7RaGHhhCzhrzjoALgb5ziuK8U= 

NkxSQ+xlFrb9YL9c9P37fnFR+xyLPmmWqgJ3lOku3H+sykT8yKLHbNxyY2lG0ydRVBFwIW+QViWph25oSMiCF6HiP6J2JBPVOwV8X5KMH5w= 

NkxSQ+xlFrb9YL9c9P37flXOAX4Up4Sxk1x+yMNsiNch2K1aBN0wuGMR3Hl9PJU0/d3Z/gi/+FUdI2jLugzXlUfcerVQE2ob9WEwhp2qcJM= 

NkxSQ+xlFrb9YL9c9P37flXOAX4Up4Sxk1x+yMNsiNch2K1aBN0wuGMR3Hl9PJU0/d3Z/gi/+FUdI2jLugzXlY94dGy5OF9Is4eopSVr1Dk= 

NkxSQ+xlFrb9YL9c9P37fqHd+bhhASXz2rLDxVfAmUhxIqky1VCl7EFB9nJxvc51FfSk5I8ce5E+SwxL4DLyBpTd5T7gft0rkInUw6s0f/e4Lh/kMQ4fEjv6co4af7pv 

NkxSQ+xlFrb9YL9c9P37fsd57nyXQ8fBjZhfSHqD+zdhGxskdmpUMU/Y3GT3Hvm4H5Uy2n0DY9ut6PI957QkWA5nHchorbdty5CxL6yImBLUorZ6ROwypvs/597ilQr0gTBBR+0INjD0GgKmF9zT9w== 

eZhmD4BYUcfTAVFPIpD29duImtKIA17aNP+UJsy8rr3Vn+L62GQpcStgD5FrSfl1pk3++xGtKpSzVLkx2ioa+1EDkL9mJjZeUzF75REgQmQ= 

eZhmD4BYUcfTAVFPIpD29aa8zWkKITDqwSXgLn2OJpxJsZnocIlB9zg9+U/nPKfogpOeplSu/N0kgAPEnVr3Nvhyl6CAALUlK2OSlO9w6hY= 

eZhmD4BYUcfTAVFPIpD29WEtn4/V7jAw5pjQVJH7iCxbZaJM4Aij3QxaZxbsT2xtvPbze0pSCTNIVkfNGDAyudcGRMzuuPEd9F/3aSt3qzI= 

eZhmD4BYUcfTAVFPIpD29WEtn4/V7jAw5pjQVJH7iCxbZaJM4Aij3QxaZxbsT2xtvPbze0pSCTNIVkfNGDAyuW+p7AgwRDAwmSmjhOdK2lA= 

eZhmD4BYUcfTAVFPIpD29WOjsaD3PNbtr8krm4F0XpmpHyxG72WL2LMqmLPOnYY2Q6y2afS3vgxgGSn72UkNf1Qbm3c3loLP1KpcfZdi8ts= 

eZhmD4BYUcfTAVFPIpD29UEQxgFBgFEGffPobV/D+TEiexWrkyYkQ35dKpNdn8hYF5MzrcjSKtixKlc10RYDzp7jU/sWvlAgY3CMg/4EOrU= 

eZhmD4BYUcfTAVFPIpD29UEQxgFBgFEGffPobV/D+TEiexWrkyYkQ35dKpNdn8hYF5MzrcjSKtixKlc10RYDziHJ7GOhcR3/ji/Aa+lgUin1M4CEE+0m+jiy8QhGjw7/ 

eZhmD4BYUcfTAVFPIpD29YowXteQXIJP4SVsXl+LpRokf1i+B3vKg9dAsjfQy5tjkjYDTQ2RvsG2lT6E2+kB30dvYxHKLUnL+2gVVVOMyYqbsOl1pz4rWizA+S1KGAxhQNkQzNfdBpvBVYXE/y0IUQ== 

A0SRoGF6dHCLpHlf35gS6D1PS4LQebqRbSvLbAOf9VB/EGaeDtQWXCwvrSgN0HJcwh7uHeLSr22a9+/srRrG9ZBY5OrvCNMcxz68wiEluuM= 

A0SRoGF6dHCLpHlf35gS6BC8/S9qftEScHbNinoEwkZwOxjvsgg1I11Wobn/pzygwejGipnjT/CHbDUz1go/dHO1ZzXggNaPji3UAuzx8KA= 

A0SRoGF6dHCLpHlf35gS6Bpv+62VCBYgfA6/KUPC+y6gYIvPGi2ojlAoa7LZL54wQO1nWneb5roPIUJvDI4lFXJaVf5Ga0ba+ItLhsZezVU= 

A0SRoGF6dHCLpHlf35gS6PtW2jyxlsuLJoMEjrDtKtscTWZ+W+ttoBntguPOnssmy0uPTP6RszeN3FCGYrVDj7l/RUfNp5KvuJwzWxbJhi0= 

A0SRoGF6dHCLpHlf35gS6PtW2jyxlsuLJoMEjrDtKtscTWZ+W+ttoBntguPOnssmy0uPTP6RszeN3FCGYrVDj11XmEjVzuqkAHCns+YfmKA= 

A0SRoGF6dHCLpHlf35gS6DkulCz/8Tqpo67ublkEb+T0SLKlW0OsfOwbkJ61Ak2Bne2VdChdh0wdeHYg8p8632wkWxJZvqM3TsDvofP4Z9k= 

A0SRoGF6dHCLpHlf35gS6DkulCz/8Tqpo67ublkEb+T0SLKlW0OsfOwbkJ61Ak2Bne2VdChdh0wdeHYg8p8631zXoQxEw9THibyO2WI78AIe0Va9aW5W3d6KgUJasIyu 

A0SRoGF6dHCLpHlf35gS6PazUkqQJtTtG5kx8sZ1OUuvVC7A6KN2AfDnEMEakyTXA1ezxLEn40GoaprSN/qRf4z5wU93fL5OxxYmqDI4cHaheE2akZkIrKtV9Ubcup/nSGL/vU0mUeB3kLG0L+fE3Q== 

eF37LY/D8CgQprhca+rBr7w1F1iod0x2aqTOXtEIsh8Hnn4S5ycCrY+/LvdzXN4RBDAOk2HbcYHedXJy94YjKlTAlipNdWpVcJsLqVmO+ns= 

eF37LY/D8CgQprhca+rBr03bdAdnGIZz6ezcSGbSjyw8qLjjnh8A6ELhoZyqWvfwMUoK8CdIrAcTZPY7JJWREf7RygrSS8vXzRc+Zdl91Fg= 

eF37LY/D8CgQprhca+rBr10PtbSoP3/QCK0BmDafKcFlHJFbvI5yeW6KfJjkkh7JNgmF7ts2vSKkOeqo91vb84giaV4JfC2eDkFMbNWxFbo= 

eF37LY/D8CgQprhca+rBr10PtbSoP3/QCK0BmDafKcFlHJFbvI5yeW6KfJjkkh7JNgmF7ts2vSKkOeqo91vb89TaTJtsSCYhbjgTIEZ29wo= 

eF37LY/D8CgQprhca+rBrywvrWvTqVSmhhk5Jt6hWu3wtc2Gw8VOIJ9A9GtH+r36bBjCCKvlNv4rmCLF4i5LrMG2YVBgRmMr4EukWAwz1mU= 

eF37LY/D8CgQprhca+rBrywvrWvTqVSmhhk5Jt6hWu3wtc2Gw8VOIJ9A9GtH+r36bBjCCKvlNv4rmCLF4i5LrAHFMjlcvSle6Ie4/NTu+2Q= 

eF37LY/D8CgQprhca+rBrywvrWvTqVSmhhk5Jt6hWu3wtc2Gw8VOIJ9A9GtH+r36bBjCCKvlNv4rmCLF4i5LrO0v+iLZDvutyelAabrWipviX9tqlNeTrlTn3qRE5fGk 

eF37LY/D8CgQprhca+rBrwpwf5X99rI+7AwO021Tqvk2FJg44clclp9ydagq9gaTYZg9eFTz6/nnHc9qkQXpSo9zAi9bkRogDkjNxwlRs3Uv0Ez5v+aeFyrmhSpymqw4byMnGN24x91jP/ETgTj6QA== 

cWLXXSftqqmwKmm1wQ7Extg38dODb5BG4olt6Y1UZB1dQYg5ccWwl6QqgQNjEH7pMRF7H9dP+BEAE/1BtraUJOIBAlm3r3NjBTBL4lpTq7s= 

cWLXXSftqqmwKmm1wQ7ExsEBLpIWVjV8yqY7W1LDsh0SOPFeNVXFckRNud3tDwUNDlcNxp1tI6n6fhWTGBttxmeYt8Dv8x4AU3DEayqiYLo= 

cWLXXSftqqmwKmm1wQ7ExsEBLpIWVjV8yqY7W1LDsh25Y4SZadmSOttOzak64jklD9oWFWGY0vr4Ox+XsQGmlC0qmJSV5aRb9BZMtqoDtJI= 

cWLXXSftqqmwKmm1wQ7ExpDrSV6HxBYMt+FgX3HzaUpC+NCTpsL1breeQEbsRrSybhw0lyVuZXN2BR+GBnaUVPQVr4QzmRKMjlOolSBWHVI= 

cWLXXSftqqmwKmm1wQ7ExjnaNIdPal/DGyZ5JiCmtzCZt69XCaSQwkpXPDhiLH0HjAt1eMnmICeMhdDNtoPYikTV72D5687cYgSAcJKzraw= 

cWLXXSftqqmwKmm1wQ7ExjnaNIdPal/DGyZ5JiCmtzCZt69XCaSQwkpXPDhiLH0HjAt1eMnmICeMhdDNtoPYiu8P6Ail83EtSkfCyW+4BPk= 

cWLXXSftqqmwKmm1wQ7ExjnaNIdPal/DGyZ5JiCmtzCZt69XCaSQwkpXPDhiLH0HjAt1eMnmICeMhdDNtoPYimARQDpO0i9Mz1NN4BGN6oAPrfREr0NvUPNat5uhQ83o 

cWLXXSftqqmwKmm1wQ7ExgIgteBOLdBpq1182bOXN/6PnmndeQ4x/AaG3OL9H6xx0FdmL1rTE/U41t/5NqiL/sHtomsy55hpZM8Yhk0sMDMVGlNVehNzxINfd4Ov6ZvmnTQuZ1dbNVtd/e0M4dCpOg== 

P7D6iPlldGuZb6j6OLtHdasscDjs266zwI5LOFQA2Gr36aAmvyMcN8gGKd8Npzs1CpEC568jhKqJ7NXGT1R/cTkomLKkFlHa7eFht/G6qBA= 

P7D6iPlldGuZb6j6OLtHdbrc5JOyM5rKY3TUWElngIaHsxbqVcQUJbWlMLXUGb3RB6xxe2/boBA2VVBk2Vg9lb77tM0+I/v9auzw71XUkRs= 

P7D6iPlldGuZb6j6OLtHddcvUDc4q27dCFqX74DECjr9qNQc7a6kY5Df/m4kF1VXx3KRYSNrZ0td4dPA8JFu/TNkxxvszXboV+EL18cVGCg= 

P7D6iPlldGuZb6j6OLtHdbCBdzxoOSjIxgMN23MMtxS84rLjevrlsLmuTeGnPqQ31nacFmWp7xxaLDT+lm6eB0xUCOky+833uyq3Tr33jco= 

P7D6iPlldGuZb6j6OLtHdbCBdzxoOSjIxgMN23MMtxS84rLjevrlsLmuTeGnPqQ31nacFmWp7xxaLDT+lm6eB3q7op4rrwS9dWFtyNFi4Pg= 

P7D6iPlldGuZb6j6OLtHdSHMxKYX2CLP95xXbF47+ZD487LqI1gyNUurqpWHOpBCX65/wGiIMO+zPHKxU/vgBhAGWy4sXnaqpgyyKfw4zyA= 

P7D6iPlldGuZb6j6OLtHdSHMxKYX2CLP95xXbF47+ZD487LqI1gyNUurqpWHOpBCX65/wGiIMO+zPHKxU/vgBnD7ur0H2RiE77sQ1kXR5zH6lL2NLiolRAAIIYdics0Y 

P7D6iPlldGuZb6j6OLtHdQP9v6Fa8qJ74Nx9AndTI4JYuEhE4bWidulN2WF2Xsesp+uXxaEc4DAwTQkpIcWd3Vqji+Pj2My5Elh6wC5N0ZcXO2MPjIo2cTVMnfvpsShBdgHNaQIwIZWday61wG+1tQ== 

jpJ+qGHySuWppVIEMIFh/kqHz/sfk1zkvmKlRLSXj2y6bH9COYH3etvRo+mkSZW5ib76fvZhiaPKa+tB1xiiTAzuUD2681Vgs5KqmeA8904= 

jpJ+qGHySuWppVIEMIFh/lgfEAaWArZxrpqwrY0pHIkpekZIJa4jzPuP6B41ZIeRSjChlL9CdGdKqlEKWI/qLt3xnOnYdUn3Jy37qg6YYEg= 

jpJ+qGHySuWppVIEMIFh/ixWzWyEI9QQogFxzFm0LEJMuJ76fN0x/diMfiwKoAswIHVbE5mkSa0GMuwr9yUz+KLBt9AtII7Rz5DhP9VLaAg= 

jpJ+qGHySuWppVIEMIFh/kWJ0sTujgYPG1KkQ/4EB54SkC+VDUwVu/8NXE0L9LTeiIRTicZ+5m+mQ01bfIcszw4R+myOQXra27yYLyOg9EY= 

jpJ+qGHySuWppVIEMIFh/kNknbj4CAfWea32mbDu4rZkhziPRZ60wuu+tNfQNKun8tM5aInE2VdZTxNIYwgCThGp1KcehJyV3KVqV2WCaos= 

jpJ+qGHySuWppVIEMIFh/kNknbj4CAfWea32mbDu4rZkhziPRZ60wuu+tNfQNKun8tM5aInE2VdZTxNIYwgCTvyfGYEwDAptidMZafC6vn4= 

jpJ+qGHySuWppVIEMIFh/g21IiJN8jOWSCk3SwvX0ePkXcAsxJRGqK+NNB6BBJSiZ4ndDqj3vf2jMxypezWa2X0vgIjhqD/aymwmmL9LPlCxe1EPCMRZcBMOWYiIvYwt 

jpJ+qGHySuWppVIEMIFh/otSEMziE7wnOZhpRq7Z2BHPUNqgbe0qhm5oAbU1pCrqi4LGm7WRtFVE2R+SLgEB47dO990SrdZfQTbmjsL/CLldP0q8LU/ygck1vHGWz6U9pXdKlmWM7kjLYxVgWqZTQg== 

X3w1qT1ToqfPgCxIRkMdYq49HszedHzg9MwwRz3/xQazVs6HnkeiIBxCS7ZUoePacgYqkXKjWaoGTrjg8lEEXKO6YXDKlyoYV4ZULHE7vR8= 

X3w1qT1ToqfPgCxIRkMdYoZ1G2JDou8GCnYI3AaMaJdihkOhWCKGcypvfPWnOq8LKf49IRYS7j0ChqpqDxoyXawkNIgAaFe513oaJE5xqM0= 

X3w1qT1ToqfPgCxIRkMdYjtnxwOiKzHRiyC3x46aTF4Ln6gQbcNla5VTHpDWkup2LH99eyqxBgpVxiErbDb87fwzQEnV4FZ5Qcgwmm27fFc= 

X3w1qT1ToqfPgCxIRkMdYv3aPDsv0mxKXuGsWyI+4ebgNMVT+egRFdX5dYWuPiwmI82397FO88qbbsFj51AeOiY6HcoqQFLPDwkaNgqmdX0= 

X3w1qT1ToqfPgCxIRkMdYv3aPDsv0mxKXuGsWyI+4ebgNMVT+egRFdX5dYWuPiwmI82397FO88qbbsFj51AeOpESH/zoeZO64Sx9lwoof70= 

X3w1qT1ToqfPgCxIRkMdYjWInMKZc0hLLI3s7uoyAbsdVn0SscvHJGRRMZQn6YQWOiWkgq1VVLSrWNl02Hq++EVPi9+Nfj19XVzGe8XhhfA= 

X3w1qT1ToqfPgCxIRkMdYtUhhsSDj0xhkVvIWlzuWiYi6fPtv7mwIwK8zskvUl9k667QyBvFRtnbMPKkDctA9+GGnVjqTPSJ2aQu5fByOHokuhTj7tPjqCi7JzBxf6+N 

X3w1qT1ToqfPgCxIRkMdYt6aVk+AgUw6VkA0PU15fQ8jOs6dAToTA97ujAX33zg2M2kdFOhtLrbSkVfDeYxxLK72cIVPDnEex4k7bzriyXn1PEyH6DY6CSYr+74NhhzhdFlFpE6spHmPAhdIOJTdMA== 

ASIJSMlOlufsmNrZlDnxK+HQr736+CRuGdcuJeafxBZJrMdXxk3JsrXVMNFYsqUH0IvYJ+mti6c+9JkhouSA4mVKCLv02/x5Od5TFhAghEA= 

ASIJSMlOlufsmNrZlDnxK6n0bdBHil+pqkX9gt3Kr8wjewlzTX1iCC5Gc7OxxCuWlniPodp1kR3b748a7YEG94Rm6CE9OJVairWYI/xm5AE= 

ASIJSMlOlufsmNrZlDnxK9kyzAjBrnDlTpfIdPQjPv0MvHH/L/Wdjf1EF3u46ZWF1+PrivDO00SGTBvoI7zWeo2aiCwt9FchUWcaFzquQdc= 

ASIJSMlOlufsmNrZlDnxK9kyzAjBrnDlTpfIdPQjPv0MvHH/L/Wdjf1EF3u46ZWF1+PrivDO00SGTBvoI7zWenbhDmv/XKBILJu7ldsfn7I= 

ASIJSMlOlufsmNrZlDnxKzU37Ci3RJHeEf+ULQSbvuON87UPNZh3ZhMUuAJASawh4wynwlxvE1WyPOeuxitnf17Fan4DOo10d59sHb3CAMo= 

ASIJSMlOlufsmNrZlDnxKzU37Ci3RJHeEf+ULQSbvuON87UPNZh3ZhMUuAJASawh4wynwlxvE1WyPOeuxitnfw/NGW52JTEs8nwOKAAumYk= 

ASIJSMlOlufsmNrZlDnxK7NkYk9rNlkjD4vLXKQ4lkQrwLN6gBKRlU0BtLpOpr+I8c4Kfn7+OKCKBfNp2OyFDqW3GbD3OJY9zMKSkWh8/7OQdHKOFZfgI09fHVSKGitZ 

ASIJSMlOlufsmNrZlDnxK0V4ojn7cjwEAaENMmE/gW6AOFhnvAGUU/Z16uxPNax1e5tWEerxJdjVnRSSBpsOw1B3Uo1YgB8blkALY1aALD0jlTbUEdLzHs9vOod18oZ/u3NRTEqdWIsKbAx2E0a5jw== 

eNSBGuDmdhT5xioxAoN321eqb9ewu1Cn/fWjQS4CO5apK8CJIr6n9vcykBLn2efs2yYth8aHSxjpbxEuk/cGE/nRA+4g8Vvu794v9j3Vx2U= 

eNSBGuDmdhT5xioxAoN32yUhzA+6E7Ml/PZHVrWlDTF3sULelD8AVnrcjNJnRI2J/5nzKdZtTkom+8/wYpHmMI3j+VTljc2QAf0MPEgiIJ4= 

eNSBGuDmdhT5xioxAoN327veHg6/jO++hMOWogziJaXEBy0bCfkh7MKL3SBYo1zOyShGcEgMiAI/cKHgW/lEZ9jhMASkmpBwY4M2Oh5k/vo= 

eNSBGuDmdhT5xioxAoN3216k+e6S+lVEXkwk/RPc9xKP+s0boy3+RxjMN6OkzeZYwO3f2/v5lJeEj28UDG2CBJw7OzuuKYtqg+4nbdwds9A= 

eNSBGuDmdhT5xioxAoN327hXUeK1vuYG3LbE0EChUj3SDmNG9oNo+fP/KyOVEOE2PT2IOEcDQzohSzh7If++vjCGMchLr8J5KmoXhdfUOC0= 

eNSBGuDmdhT5xioxAoN327hXUeK1vuYG3LbE0EChUj3SDmNG9oNo+fP/KyOVEOE2PT2IOEcDQzohSzh7If++vr6XXvxc51+HSefwqh94luA= 

eNSBGuDmdhT5xioxAoN32/z+cqH9K/snmOXhqdZ05F9d+PWP8AMUpoZoITtrfPc2dlkgln5mpAyTsaklwuC3iCG7LS3hQo0B3mDHrtTGj1kyDmS0+8RJ3RyT1mBzDbyg 

eNSBGuDmdhT5xioxAoN3293StyJbx0nG85Rt7kn6NDNhF1mIo1F3bDYl+kR/KQLd2cHQedgt7foAdGzyjxcOvT57MCNIyYBVv1PrTLuZW74OqhThDyLzFK0H1HMCQoY9L8sa3D9sLk1FO031T15vxA== 

l4OlcOF8jTFl0fOFudrNYeMnLJ9bNwXTxz2768mEIPkM7cJxinqqW4K9OFDlNz5rm8UPYMsiIdKjy9NDeZ8Xg7wsta+dTtqyl9c1mVBFIM4= 

l4OlcOF8jTFl0fOFudrNYVncrQ4UNOYSWsZ6mQN5nR6/U+UT8DX5gHSBGLg5i/SL9kIQr5hwYBRH0AKQpEJWbKI/ukN0vmk9DOzzdPJroKs= 

l4OlcOF8jTFl0fOFudrNYVncrQ4UNOYSWsZ6mQN5nR7yX48+ODuLhGgQU2YqUEickJ7y84cfRBLICp4Ckiz1Nea+Tu0+F3U/EZHRKHqtrAY= 

l4OlcOF8jTFl0fOFudrNYXEZeBNhW/xiExb9pFgAfhvPzNpxmZ8CIDcGywXdVe7QKDFsZOuePTa8JGKMlVXTw5g5Vi8Y0zQGsFJBgaEMUDw= 

l4OlcOF8jTFl0fOFudrNYaHO7ieI1UCqzrhoj6xl2gPRwYMsgMgc9NLMwvpWgDiJs3vH1slZxlZhE9rEUTExG+9Q/Qo0PA3qM5GvwVYpPjg= 

l4OlcOF8jTFl0fOFudrNYaHO7ieI1UCqzrhoj6xl2gPRwYMsgMgc9NLMwvpWgDiJs3vH1slZxlZhE9rEUTExG7u2sUn3+nZn5Qp7DhQtFvY= 

l4OlcOF8jTFl0fOFudrNYaHO7ieI1UCqzrhoj6xl2gPRwYMsgMgc9NLMwvpWgDiJs3vH1slZxlZhE9rEUTExG5yTFQHJIm1N+4yo+d4fGO7PD6YaQ6O24ce9Pjn69S9G 

l4OlcOF8jTFl0fOFudrNYeBWB2rwFfFRl0xmTyKIc10+IkuWvnmd5hN33nZOb9l+uVSe+lXAUKb23LWSMOHdVQN9xuO2AZAQatF2wJf/efxgZB55jiG5TBxS1V+sQCpHmaL23spBYVa3onsSDvjwiA== 

dOU5lR5Xq6OAf5A1wW5++MDWdel19i4T6Vc1jvxAg3AC8wO5ce4bG1cL0bCl2rMm/Jf+ensfVNCbgax5qjw1HPHNfPXmqNPpc9Ctqn0QL0s= 

dOU5lR5Xq6OAf5A1wW5++GGu7/A/HKQwND+g0XMeNU6yI5AWw3rFwLoF7JZWY+MdjRv8Au5RQe/YP6QdYkITqCK/1dXHYik5FkBkEKBoTlQ= 

dOU5lR5Xq6OAf5A1wW5++I6WS2oRbBXK7FNqoeBVAt1PnnLvdqxJrV1KhMdnEvYbHIW3XkPEbbVwGW+js2hK7CIeUJWF+iJXB/fKWUmIe6w= 

dOU5lR5Xq6OAf5A1wW5++I6WS2oRbBXK7FNqoeBVAt1PnnLvdqxJrV1KhMdnEvYbHIW3XkPEbbVwGW+js2hK7DY5L3yptF7t/hAERMoeUfM= 

dOU5lR5Xq6OAf5A1wW5++OnrwCN2XSgfpvzFl0kGDIpONTmlLKKxd3WrUNfJoGVbb3/kknJAefJWe8mq61g877vskFlxLhC09tO7TWNyVyg= 

dOU5lR5Xq6OAf5A1wW5++OnrwCN2XSgfpvzFl0kGDIpONTmlLKKxd3WrUNfJoGVbb3/kknJAefJWe8mq61g870CzveGS0NEFTaPUqfLeia8= 

dOU5lR5Xq6OAf5A1wW5++POSPJ17OKkGDvYpLHOIWaCh4AcicQPcn0DfpzYBN0t7wPVwVvt9jdMGAbKbbECMVGZxHSZYbqaP8kVmY4Vi4Ikyh3N8htDhR9t+snDbPN8u 

dOU5lR5Xq6OAf5A1wW5++BPTm6kyDat9TbE6ZBuFJVh9AYmAdcVhUhcW/E/B36XXemFQyKyXhevZuv2x6tLdsG0h8nfPph2iDL39cgr5vl9aG9M3WFYylRvTEd+0iXUEYCRcX1Z9rzY/4zdOQG14Tw== 

hJ/XnKIxh5qdUK1X03xZMIfK1wr3Fpp2PavIY6SP3H2UhD65UGMahi3Rs5D5P1pWOpGe5nxj+F+FFGbvkM0B27/lHu1mzqtpCmm+nwjF8nM= 

hJ/XnKIxh5qdUK1X03xZMJ6gdZs8zyo3owvl2+5IR0Mx2x0d3J+3UAX7HTYLEnCdTVbaXQcWnWWaeCkel34OlXKnnTeRkOLpW0TwjH5RvcM= 

hJ/XnKIxh5qdUK1X03xZMM29DT7Q+uLihf2GmLWSKS/Ny9ACKMIyzUnc2LGyRPADzN/sSfe477L5uHbdB0LsmK+MQTANITMQz/wbbjP8oa0= 

hJ/XnKIxh5qdUK1X03xZMNUHRxNwO1bT+Wuh/wbBin9x8EKLQ9a9bu0V82I/n0F1emxQuwIgneThhzmhKfrCxjqjHCqRpgwEom9wYZhZngI= 

hJ/XnKIxh5qdUK1X03xZMNUHRxNwO1bT+Wuh/wbBin9x8EKLQ9a9bu0V82I/n0F1emxQuwIgneThhzmhKfrCxnprRY+f/NH4Xq4bZGecins= 

hJ/XnKIxh5qdUK1X03xZMOXw1FPhJUX6oruNrF74O2gBt0ji80DvIlBKH8X70bMD1LMulvYZnzVDAQfnfST0Qb2kkkMIQPxl3IISSmmnooo= 

hJ/XnKIxh5qdUK1X03xZMOXw1FPhJUX6oruNrF74O2gBt0ji80DvIlBKH8X70bMD1LMulvYZnzVDAQfnfST0QaSb5NIxGVCzVqXYhc3HrB/SSIv3rrUnhVEosAcb0LzR 

hJ/XnKIxh5qdUK1X03xZMGhw6voR6gmBg+tjiGVznKmPPCqQK4WfwcZhiLFa8x+MUhIupjUu0Oi84RV67mZmDsd1S+MF2bg5AYzq7u15+t/ZLkxrEw4FT7Rx4odkEYIsZ+FgZdo+B+NVMo7mWtIrOQ== 

NxVRm5z1HhIN6IKv0RYrB80z/wEdkwxfN6EsBJCQm+hQ7TAod9Gwjy7ztbAdYoPTyFXDJHMzNEtlwpEa+ba3he5JRMMnhn8JuuO8Sj1Pfbs= 

NxVRm5z1HhIN6IKv0RYrB4hY/EZacZL//2Z3IWMcDPGtzBeEx2ItTaGwsdSwy8GcFySS78UQKE64VojVnNENS9XwmxsTYRHj4mJ/NtWD2mE= 

NxVRm5z1HhIN6IKv0RYrBy9VlueX8yOQJWiLGls+ux41rEetynxitE3pRwGwsVLOK/uLYeaOz0Ks3g2MWbtubxGNKbUMoQvd66V7zxrYKn8= 

NxVRm5z1HhIN6IKv0RYrBy9VlueX8yOQJWiLGls+ux41rEetynxitE3pRwGwsVLOK/uLYeaOz0Ks3g2MWbtub8LDfIua+S+HXLIE7SN/jPk= 

NxVRm5z1HhIN6IKv0RYrB4L+YbjmDhlslNVrFoq4TYIUUzJKnSd+BumaYvQSHrimYx8C1shwgs2/TpF+bN8klsZH6JpBqlzNF2rX3YiRujE= 

NxVRm5z1HhIN6IKv0RYrB4L+YbjmDhlslNVrFoq4TYIUUzJKnSd+BumaYvQSHrimYx8C1shwgs2/TpF+bN8klt/t8l03/sL8IV/FTiDxvMQ= 

NxVRm5z1HhIN6IKv0RYrBzBgcPHkfvh75IVUtBWdlmcMQe9/q4wuqNjczsOZXA4RpZ3LbGKRk1I5pcNrxGOuakUlcbNiCCJNYp9rkCxDyq7tpq+9+eZdXUvQFL4kRhJW 

NxVRm5z1HhIN6IKv0RYrB9YtJcp9MD53E0fkjz/dzw1P8gLv+1eEmk9on3JSOEmAHoBbIq5tp8w5csTxQuEqZM7uLyA2t5iXnJ5AfGMNMB23tllgf3G+Zp+yHHvuw3Pmb1HrtFgfWJEkA3HExZugGw== 

iIWT5g1azzKaDyIeHWHkWHQfGbbGydvE+TGcA3jcExAwdj4XO5SteZMJ6+S+AuWEegoaA/O11Jn52StYVsBvrslkSDpM3V5mSLYxfl9PQMQ= 

iIWT5g1azzKaDyIeHWHkWHEUpqf8XchA5Nqd34E4APyDkBszl/wmxs3Qz6oLFCQ6Os/b7OLwcNtPnFpd2FOYiI2KjqTbc46FNlgi/pUIbjs= 

iIWT5g1azzKaDyIeHWHkWNPaSysT533t3IVqsxsLwRCn8RJY0oLarW62aY60z/xeARFBTyveQhHfSWAOhgoqIabcgNvL4iBKuqH9EdjsceI= 

iIWT5g1azzKaDyIeHWHkWNPaSysT533t3IVqsxsLwRCn8RJY0oLarW62aY60z/xeARFBTyveQhHfSWAOhgoqIRb6vwATBULYvJds2moxuB4= 

iIWT5g1azzKaDyIeHWHkWMO2sg4eQdXygk2IwenlsI3Zq6uk7nUP6MR0lK+ioBA17PjR7Rk4bbFycHedYV5wyGQpggZzedI9ph088axqy+k= 

iIWT5g1azzKaDyIeHWHkWMO2sg4eQdXygk2IwenlsI3Zq6uk7nUP6MR0lK+ioBA17PjR7Rk4bbFycHedYV5wyGlNVhj0kU6C6hzxaRea5Ic= 

iIWT5g1azzKaDyIeHWHkWMO2sg4eQdXygk2IwenlsI3Zq6uk7nUP6MR0lK+ioBA17PjR7Rk4bbFycHedYV5wyB3Ji9FPVTg7aawFTPt2A+beZ75fRIwUqFq1SEFBh36k 

iIWT5g1azzKaDyIeHWHkWC8ZAazdHxjfh9W7SIZf6Um+Ow66C2G/sxKeBVTZrDA6XytnA5LXO3AW+W4puh9aR0imvbyDgClPVMfT46JSw6y5Wq3ABZS2VpjYRkQ907oe4WGK0CjgfHe+V3PaauYJ2A== 

tYOyrsr8AMVjmRQYL7Gnl2dtGyNet8R76q8NKT47dseKkpuCVA5P1QPfgh0mHIBXQe3JkBTkMN+4ZOH66Xzmv6o2J50Q//i1wbI7FU4Y4ks= 

tYOyrsr8AMVjmRQYL7Gnlwu+UtypWlm/ns3jUmJmKgq1JJcrKbi6TqU699anP7M1XTxJkKTjaDjdFOvWDNGeCe2SzSOu3PD/qbkwSQJI/F8= 

tYOyrsr8AMVjmRQYL7Gnl8RB1Z8k+b0i5FdcbR9IUVIybQjTWuuyffc1ULSePuoAie7A38FMOva0jnyp6mapY9QA2tzdJpbtasBSHUfDTK8= 

tYOyrsr8AMVjmRQYL7Gnl0J6O1NqNNti56dt78B5Tami6BXWUlbmdQSRrvxHX0MTJWFmSC4hL2c3Mua9PJKJ//YDSAOvXEEffscWv+t9MJw= 

tYOyrsr8AMVjmRQYL7Gnl0J6O1NqNNti56dt78B5Tami6BXWUlbmdQSRrvxHX0MTJWFmSC4hL2c3Mua9PJKJ/xHGdnsiRyrqlNLjV9S2RME= 

tYOyrsr8AMVjmRQYL7Gnl16mn0HUYziHkKPtKUJ/9yThr/c40B4kvVkd44xwVlqbl3S4FWtWxycCnD6wDfzdvvV4c56XlMuqC1IXUnep1gQ= 

tYOyrsr8AMVjmRQYL7Gnl16mn0HUYziHkKPtKUJ/9yThr/c40B4kvVkd44xwVlqbl3S4FWtWxycCnD6wDfzdvsZd/7WMA+mkgG3m0kAYSGWWL3YkskuuZSy+7lYQWu5r 

tYOyrsr8AMVjmRQYL7Gnl8ppjTRLpWx80IxrUJxTZkSc3KYzKpByZsONayQnidaXFbTDPxSeisW8BNo7bfVLrnbYIIKfP1diIjA/v1ZOjuyaZtRzbGW69A+dWDHPOAvKY2QFQc5mZ+t6asiTcC9RaA== 

vps5V5ZC6aOdhkRuZ+CRjDeV2dZ9IEHXVrGuqW0bYfWijfu/5Mt/GlKISuUcTtaWVdZcghKh4E9KHromhCpJfFZ8VWWF5wPIKB2dlGsawEA= 

vps5V5ZC6aOdhkRuZ+CRjGBH4q8X8+pU2fK/v4ukyooFvlbrnofMvdWzUmOZAVIpI8QJNOfWmo8mKSUhA1q3XCoTFzcDKgIOzlO1oMNzB1A= 

vps5V5ZC6aOdhkRuZ+CRjBWGOvzjyMbE9op9OuNasygXxO/t1nISTfGRSN1BItCGXAATzza+2YHFMTOpl+6iG45HrYhZV4VXhh0KWVoEk0U= 

vps5V5ZC6aOdhkRuZ+CRjCoWQPnxtB8+uQotR6IlaLKrn/CyQVGepnT5SDmO23KHwjWWmw6covTbKGdc0FuaKnDAZzRtDNQr4PqNq2ZofBg= 

vps5V5ZC6aOdhkRuZ+CRjHQHdwcc2ah8zMB014nP83KanbLWaKpXVkR2BBRCY0dT0PDiU84CXL6MgnRfDjQ0j3updVNRFUZfCR7JE/ClXQ8= 

vps5V5ZC6aOdhkRuZ+CRjHQHdwcc2ah8zMB014nP83KanbLWaKpXVkR2BBRCY0dT0PDiU84CXL6MgnRfDjQ0j2R5pe4Rk98Z1Kaqsby/RIU= 

vps5V5ZC6aOdhkRuZ+CRjHQHdwcc2ah8zMB014nP83KanbLWaKpXVkR2BBRCY0dT0PDiU84CXL6MgnRfDjQ0jzzz65p5hyF//DIcuiHK3C34Fn/5XClMbCA4nUmKJ6f1 

vps5V5ZC6aOdhkRuZ+CRjFYO2dPpskinMNXhHB657YZCkAKmvfRY16wYONHGy8OYqBuqCp0Oihhd2RFRdWvW8AWrZulw3HQ+T4ecMPcSaA5FIZLfa1hsFBeZ/TNRWgbWLQm6q55bwkZEKVC5O+a77Q== 

JCfnOAj+6F2wHybcEKAkvhuKFotxJdOERgHjfCZHfNoMfq7Cj+tQE2CLQKiigmbR8q2wMInfsMCWTSfkcGQTk6EgmZcxxxtd+rN/zmykSDM= 

JCfnOAj+6F2wHybcEKAkvrqgQntYwN+NYamy6eSRDQOGECMyC4gxyfsDm19Zl0z5hWBNKPAZUtzyio4xMmIPgmNj+R7PnFbR7KFVF0P7Zys= 

JCfnOAj+6F2wHybcEKAkvtLxiaAYhmhvfXKlHXe5wP7Tn56Vr7K4ppoCKJWyH2Qds5otFts4q/m2Xol8vk8YD5XXI5da8knbed9N854TGdA= 

JCfnOAj+6F2wHybcEKAkvhBnbVQ3/l87HioyVle81nzILwUtEC3Fu7C6ykwLq1mpjfyIgd+Ztkx6tjIBXjPJQ9P3zT1favNrTcQzW8KLAv4= 

JCfnOAj+6F2wHybcEKAkvi8lzy/eqtofLTIg/u9gOkiaVMwqnGRLafsAIRQ7tyAvgpsfwTg1Ti92rq0MyXUscOukHsYXgURILLh3Nw5C+uM= 

JCfnOAj+6F2wHybcEKAkvi8lzy/eqtofLTIg/u9gOkiaVMwqnGRLafsAIRQ7tyAvgpsfwTg1Ti92rq0MyXUscD3heNc9ryZFsdV674jzgZI= 

JCfnOAj+6F2wHybcEKAkvueFg7ZpFwrqAbRCP48ozUQkSALq9ln9b5aXdNRrT9mtN8q4+XiC9/fCEK2JVkUbc0lWN9Qlev52DZOaCfAUgcm5gLbh5f0xw58du7q5cTue 

JCfnOAj+6F2wHybcEKAkvr7+JthP5VcTaFCWN76SpV2lR8vkS1sW3dntwJmjKC0f2sKAkVwsq0zSDcQ5+bLoFeWuT0n22GjDKjlm8MoyEIjUnR7rR7czGq6FZKWib+1gQpW+6WAimqV+Az1WW20nNw== 

pmM83NTLpzsJrzevU7d4wAgznS8d5CEUcs9V4oELuBbWhlfCDLkuJ06gA7lA1JqFVVA2yXlVyb7CCmFiwP92hUWB+af4u7pGGxlwWASyDWs= 

pmM83NTLpzsJrzevU7d4wILlQondY1M/lqzSd9oaTdXvj/ff3ALJH9PrVfNNgHapkAU8eVHe7cw0lvAXO6+cZ8/KoUvcbyaTtrZU6m9nRCU= 

pmM83NTLpzsJrzevU7d4wNM0rX8ub48eCjj9Ep2vBPNt20T8U1jv+78EcAHeaQBK3dfdkhBQA8RuJaA2Rdmh6F+s4fBeUDNxaReNXq0uwZk= 

pmM83NTLpzsJrzevU7d4wNM0rX8ub48eCjj9Ep2vBPNt20T8U1jv+78EcAHeaQBK3dfdkhBQA8RuJaA2Rdmh6KbgdpSwWX1Q7i0E3o7nMW4= 

pmM83NTLpzsJrzevU7d4wEdGIBr++qQv9BwoDL0mgqUMLlsv/uXdXHdqGu4h5Su6S86f1xbZvz5NJAcWtrFB0IbjrS+4UhqH9CLU0+IuKN8= 

pmM83NTLpzsJrzevU7d4wEdGIBr++qQv9BwoDL0mgqUMLlsv/uXdXHdqGu4h5Su6S86f1xbZvz5NJAcWtrFB0O9uThtzasVUifGo+Ycb7nc= 

pmM83NTLpzsJrzevU7d4wGT9i4xazhfXZUHWfBydH+L6MdmHMFHWcchfZzYNcaL+G/fOE7r4BFVlx9XDaS4JHk9MrNpjfiRCB32A03ftEp4htIkuHRjqash35nyusGFD 

pmM83NTLpzsJrzevU7d4wGT9i4xazhfXZUHWfBydH+LmlasaDPAyuRH8Y/pYSYvmJYUTN/HWRkLpEyE0poBVxUOzY6XJvGIb4C5OO6wCxCNkoKRjuDqxO1p5BYcNfJZzCHYEQ1xS5zWZg/zTe4SJdw== 

e776mWI3eL6oM6DVFEJPXfKwHibKcsVCVcman4YwwHnpVLmkuUQ51Siy0sArHRJGtGgCKvcSq8Xv8DB8eEeQXc4ZXnJB0Av/etoLDDCyytw= 

e776mWI3eL6oM6DVFEJPXbrO5aWOz1Pr5GtYJ65TuynZYDmu2qT69SQFhDNGLfpEYPixxFQvFxJvfWSgXdgMqNOhFV0zbDylW3YKi5NVaDw= 

e776mWI3eL6oM6DVFEJPXb+PdMjHdgWQIv/GRv3A7Zsn78OJC5md6y0MA60Afyed9FSs4HQUrCqvS+hA3OXb2hCc78tmEoUUj/17yJjuhbQ= 

e776mWI3eL6oM6DVFEJPXb+PdMjHdgWQIv/GRv3A7Zsn78OJC5md6y0MA60Afyed9FSs4HQUrCqvS+hA3OXb2vSlM2UAQO04yWWdHqUK0MI= 

e776mWI3eL6oM6DVFEJPXY1//0MDC2mffSGS3Ch0qYX7PO3e0/GjLmwl/6dyRugqFo8p3FigOdvjskHiu2CPQPtMUQNfhBheheWo787vADE= 

e776mWI3eL6oM6DVFEJPXY1//0MDC2mffSGS3Ch0qYX7PO3e0/GjLmwl/6dyRugqFo8p3FigOdvjskHiu2CPQKQbIurm+jEfZhdYCtbMQkw= 

e776mWI3eL6oM6DVFEJPXTLVQiK2XL7UY9tZstQqu/DnL1U2vakJfCNZ+qBAC1Tu1BPbDzYj5J6exuol9oC0I1TA6Me8HK28RyDrmkakMC+UdcaR6V1DITFNHTI9B2bK 

e776mWI3eL6oM6DVFEJPXTW8nEMVusmMbqdi584DjJDPhp4pqfGRq1exbx1oY8qIAy+3u8JSSOxcFL8dQC6N4YHIxY5ut4ZZhvBw1rwYfJRB+id9RrforcyRBsU6rRz4Udbq0p2m/uhhC/qULb96kg== 

jMHnm+lmNk4lvgPMzIlsuAzW9AWLz1GibnpLgYyhOZ76XrXwfatV2OMW7b6DP1yqSvpkSAPmHxXTuhsZtUaMpnInGe12KlhJNWze36HuC/U= 

jMHnm+lmNk4lvgPMzIlsuHpDIZ9GVRZ8kzeN/i7hYsTzNhgdnvtpiBxDr8PIiUwN+kI/uuia4V2SKz3hLxlKgccjnYjAfp13axWtVxU6FlY= 

jMHnm+lmNk4lvgPMzIlsuEqlDgovUjvcxFw4IqAfMwf8vuwIOFjGU9fWFrgfkb42ctlQtjxBdkED0A1B81NwQjqCN4JYfu9BuVCHv6X780Q= 

jMHnm+lmNk4lvgPMzIlsuEqlDgovUjvcxFw4IqAfMwf8vuwIOFjGU9fWFrgfkb42ctlQtjxBdkED0A1B81NwQtzIRdBoQPTJKekLVMeqt+Y= 

jMHnm+lmNk4lvgPMzIlsuLN/408odM/PMts7BA5bzWq9vBw7PfF3SIY1ag2cD7ZiQjBI/nC6395ItGWYDb3vnDIIlAPf7cAkv1z7mSx3ppA= 

jMHnm+lmNk4lvgPMzIlsuLN/408odM/PMts7BA5bzWq9vBw7PfF3SIY1ag2cD7ZiQjBI/nC6395ItGWYDb3vnL0JzrD3zOqeFofdltho4Eg= 

jMHnm+lmNk4lvgPMzIlsuOJdwSR7ocJX7NiMgQ4R9r0NScU2XtbXBGVnttGxjmt8cXNn8thZ80ZiCisNzGfIK32xEFRTSN3uLNnkscq2ZUU8OOmJaQZRw/chbmbu1/X9 

jMHnm+lmNk4lvgPMzIlsuKxiEMz4cbjMRWwbPQmIdSNvYh6Na4hUqP5I9dBiKG2KWm998zTXYBWuYr8DaT3k7bKMcG5yZPLHGcKKmggkL4FzdKliLbvg/t980xHkVyns94GCLwBnR4i/xHOXZYAylQ== 

NBG7SXPUgC70i/7qBpORKaN+KfdM8ESUH0nQK/PYAkQeNBcZer/SR8hyi1nwqJblr3PGR+Q4rJjWJNj96Hb5Pj0fsRVoW1rrd+c3ziS7miY= 

NBG7SXPUgC70i/7qBpORKZVE5FVQ7wGYrZOUbnpSm7HTBqvBObE+Nm9z04jxOSHZ7em9bWyc07A7QjyFVkfnap3V30+msrkkoWwq9g0F+8c= 

NBG7SXPUgC70i/7qBpORKVcuDf4MKDfvaCDwUOJy76AReSOFvuWjjAreSR5sZwtlSoFK1h13k6/kaKkRrG4HLbNufEuyrEzQw2bztj4XsnA= 

NBG7SXPUgC70i/7qBpORKelIEtVj2+O1WnJ4gX8LwaqHs4IiT95gcCTNs9T25j8k0y+J94Ig4N1ADYLlO1qcAnFOuwJrKAOf46Ip4Nnj6Zg= 

NBG7SXPUgC70i/7qBpORKelIEtVj2+O1WnJ4gX8LwaqHs4IiT95gcCTNs9T25j8k0y+J94Ig4N1ADYLlO1qcAq4qYqqq9tBxJ07Apkk7UeA= 

NBG7SXPUgC70i/7qBpORKTPvIXXfZJu3CDtNa874xIRQETZG8wkjTHZ0Q2vQi003PrObMxZ+bFRfBkX9DxVGuwaGr5QE5lQbp85RZP33hD4= 

NBG7SXPUgC70i/7qBpORKc5uhZCYQqnBv49qKjNKXIGItx9j9Iq7Vazz3OJTHkaac4J9IaIQQRNtLLgBxtYXcu4VV0iSKAoD+vm07+cbhNmPqGD7EIPytPF/Z10M2pqh 

NBG7SXPUgC70i/7qBpORKT6EQI2a7WfgiOhPXZBqiJkRTMAYWQAIMP96GZMRt7HcTlqti+N4c5hBO1Rwpf/UCz2/UKXGyy7DP0UvUBCb9+o4a/9Rwc40996nC9fq8t3XnHCD1VER3Co3hicdtNgRmA== 

P0V3X5oeuvZjnaaEZafsWYiU7xmxj27K9THs0IP/U7lzfOEtl2zS3wOy8h+LLJsbhuphxcCvXLR1XNhpZcxEHOeWp0ZCaXWC0jgx193gAxs= 

P0V3X5oeuvZjnaaEZafsWZ6RtjMyB4nndi1u2l9VZLw0jZ4Z7dOKcxDy7gPFd8bkpQBJlbJn0ToxvUC2L1UrDWixPtQAywCKUMYznz9aCfs= 

P0V3X5oeuvZjnaaEZafsWej9CLYxf10mzSUULILjx6xPwjusuj1yn0J8saY5f518Jc+55uigJhWhpcg3DFQkuRPt8mWe2anM5ihYybQ4low= 

P0V3X5oeuvZjnaaEZafsWVyqMhVSPkBEYfBoWLItkh6hjQIvp7/8nFUDBRu+bmQ6FOyVYTj6Js8OYMt9XdTQLzuEE1GyVSqr8kodflSrGJM= 

P0V3X5oeuvZjnaaEZafsWVyqMhVSPkBEYfBoWLItkh6hjQIvp7/8nFUDBRu+bmQ6FOyVYTj6Js8OYMt9XdTQLyVSJZu1SGB+CykuWMXxfGg= 

P0V3X5oeuvZjnaaEZafsWVyqMhVSPkBEYfBoWLItkh6hjQIvp7/8nFUDBRu+bmQ6FOyVYTj6Js8OYMt9XdTQLyLHJioxF56LvNK1z5ju5aw= 

P0V3X5oeuvZjnaaEZafsWS4B7gJlNa/SquDcQiF46oTYAEFw49lVGWa4USz/vl0k/RRKhxRVZ6x7j4bnDgiHic2ScQNqXsJ/Q33gDB4PAC4kCVKgvyILED774dg8YTZz 

P0V3X5oeuvZjnaaEZafsWQ2UjQJcxKCUnsnpQOWRVe4rMc9UFnnb7jP7T42P/NoJVzNuwddVugCuC7GQqAT2e9cZtD64ghK/Puj2nIgkztWf9cnzldCbGvfS0fXWDuHz7KyJ0jBQwI8Z2rF8rXiwCw== 

W5w3s21uHJyNPAFm2fWXEDpbFGlQFlr11lDt2qKBVuZwBWxX78MkWURpXPS/c/fP0YDBnaXMr2rd38OqoqIoRcfn5YK9pKXrEe6VDEGlpqo= 

W5w3s21uHJyNPAFm2fWXECfuK2BcVclBHQZX1UBLhYuWCWwR5oVY350u/kImIMu+p1oZwjCgpDEBE6B8IuqNnfr6xFoLQiGEoPRvCl/JSa4= 

W5w3s21uHJyNPAFm2fWXELFBGy1hpSMCgknV0TzmTNnj//r8nnltAQP87ZvepXLJytqNFQxcBp79/4gDeV1hZUlZCe1ggDwZr6kCl7xgT70= 

W5w3s21uHJyNPAFm2fWXECXpFpD326xtEP1rCF7p2D2qc6nROxhN5XV0QkFk3jxsm1zccX0p+UppWzqHDduB/BpwQ+gsaaUZ5YrLfKLWYb4= 

W5w3s21uHJyNPAFm2fWXEABAjPS1N0o+7XBKsaXDjNJ4I0k+8w8iAMXDKBrO0k2Xf29TzY9WKCM9/l11mkilkdmldfWWickeqGl9vsdJ7aM= 

W5w3s21uHJyNPAFm2fWXEHyZVSY8rTtMJR8cB7D+g99thhpdmtX4G9kyzj+r8EbrCEK2vuRYkeF2OLQhva4FCkjjXoOxpCQHiDgb4VVrzMc= 

W5w3s21uHJyNPAFm2fWXEHyZVSY8rTtMJR8cB7D+g99thhpdmtX4G9kyzj+r8EbrCEK2vuRYkeF2OLQhva4FCq/hrbEixbZikrvzfsBC1Q3WqMIrv4AV84utaH27MB9v 

W5w3s21uHJyNPAFm2fWXEBd8/tzaAIc9Z+EtwaJKsu4QIH4CQVHbtK1rtkzaK+fe2cW6cnjysFzc3LKTYY60NIKZ0640vOgkTwoHXhtTBIomAej7hXh6CBMEtINbRN6+wX52b8xd+CqhDoqjd5BhtQ== 

uNXbMZDbUTSjfHixeeFoi8sLojLwpoMC7wNdf1jSnPn44p3IwzKQXXglWyThrEmUFX6zoD4Vs8hBCL1h+2FSRlU/S3/Tg3NLj/2u6BYsz10= 

uNXbMZDbUTSjfHixeeFoi7gQN0tlkRE76jCs2BVachEytXpux+4qAPP/QVwnYiLh/6lB+Zv5cebXRUWsUtT/8VkEJ9O+r9QPr1+fMP9RK0c= 

uNXbMZDbUTSjfHixeeFoi1o9zbCm7GjiHs2oJV7S5bRY8iSfwP2g9ls5VEI9oSWhomul2BU6MRhE6dskSQZuVQs242cz8n76Cc9dBW+W1Ow= 

uNXbMZDbUTSjfHixeeFoi1GBxp9Ghp29d/Q9271Vy6wt2MBVVV+MluFz6RMgA4jwoBYfqVk878rAX0NKDuLMXwMMqMA2g+GkSl5DJ3Ss8KY= 

uNXbMZDbUTSjfHixeeFoi1GBxp9Ghp29d/Q9271Vy6wt2MBVVV+MluFz6RMgA4jwoBYfqVk878rAX0NKDuLMX4duXURdQBM80Stz7PHE/vM= 

uNXbMZDbUTSjfHixeeFoi9cuV8JGZZAbxgChFSkwQxtYMoG6q/Kq7zgDB7nGOdS2Y1ADIkxJw+cTkXNbKBMGcoSSKTuSk0nFTQYHIepl8cc= 

uNXbMZDbUTSjfHixeeFoi9cuV8JGZZAbxgChFSkwQxtYMoG6q/Kq7zgDB7nGOdS2Y1ADIkxJw+cTkXNbKBMGco6DzVXYI95p/ibV0tQ1YD1pYJYpF2V5mKAnS6QZgDbo 

uNXbMZDbUTSjfHixeeFoi0silIK2IAuhgYUMzFrv3yU3y+GhIJkAjemexNj0BnJOl93BjNi4q4PGw3e66d3OMC2TSff35kuDYZdKYkOUbAm9LAiqvn2vMzimSID3uYxEMQKD7FPLW3Ccfemdogu5bA== 

8uXEWJNS+YOhpD0BDEZ4NQ+CgPm6GhUEWhKpCyb7JvQ1VCSifY5qqwbwLi51ZydsAe8aqyiWaJPxC9hFQorEz4xZ6SipgB0JD+MUUt6223c= 

8uXEWJNS+YOhpD0BDEZ4NXJP1VD91YGegtWJak8uUMVJLEfqLdGa1n1+ihDZmRkryesttr2zhQtnRv8pL5yoeOO1aQ5eujGWlKIzqNVdXEM= 

8uXEWJNS+YOhpD0BDEZ4NXk45HssgRfkwbTkqczgN2X/b0TonD/coSSwMv2ds/zr0cArwyLCqw+xFeSa1E1y8Sb4bjFVuhXJpBmgUXAF14E= 

8uXEWJNS+YOhpD0BDEZ4NY0jNZXi5JmjAKunxC+/DYHNuvKkhJePRmqkmbCx/HrpGHljRjdFMOaP1oBVN6TU5h6/PKVzhgC9kZ9JzoxEusU= 

8uXEWJNS+YOhpD0BDEZ4NQjl3TGKVHW2R9sOqVovSRyskzPFTPX88LI8w20/QsSNi4PoYJZWzQQtxCnhzrnM+u2dsS/5WQCxtC6EH1AIuBs= 

8uXEWJNS+YOhpD0BDEZ4NQjl3TGKVHW2R9sOqVovSRyskzPFTPX88LI8w20/QsSNi4PoYJZWzQQtxCnhzrnM+oyliniraWwhEOqYV5ALe/A= 

8uXEWJNS+YOhpD0BDEZ4Nfl60z7wvl6hb7nLfHPQpF3DChqtksYkdEgrFhj+iIjVWoZliHFXZ+B2MFf+EoN5JPFXPDCxbI0HyPINirlqpKwQgs7j444GDduzccZzBhW9 

8uXEWJNS+YOhpD0BDEZ4NRMpb5c/uk6GkrKHmnJDc7gUbvyOcWXflwzQuTT0RRIdPcagNvSIdf4nzBYICXLfAfyDqaSW/Bne31VgkN+tBchBEhExwPYTt7KOu4Mg+7lcHRjK3g6isctffDn4+SKwFA== 

zVspufe2tVkqIEOolL4aKLB4Wou5Wit1m1Md6NssMvoCbwvIEwXV/OKT19SXoqmHRDlfK4ox+FeqfLEpmr2YLei/U6DHXEEjnvUhXIpIghA= 

zVspufe2tVkqIEOolL4aKDCb0FHma0MD/J2S19NyyzKbYws/peevKAaS0WQmWFfkRe/FEhVTHPlGBRhyUJ9SU7sP8AMffDdt/I3QKHm9ry8= 

zVspufe2tVkqIEOolL4aKLqmwl+w8GMFHhNIx3zupCtbNSeqvFGI9g0qNAAmWsJb4JvpKJqklog+KXfxq6bYFCmJD/mxYPSP94sKsLq/2fA= 

zVspufe2tVkqIEOolL4aKDRkrT0fQ+99Upby3x0J8GBxDlwa7v9HwSGnQPiGJyjWCO0ZpW7H0gF9WXdmVhMs6LygFXpXVgS1nT/DFLAvElQ= 

zVspufe2tVkqIEOolL4aKDRkrT0fQ+99Upby3x0J8GBxDlwa7v9HwSGnQPiGJyjWCO0ZpW7H0gF9WXdmVhMs6IrZ2jQ0fvl51FwB2Izv2h0= 

zVspufe2tVkqIEOolL4aKCOp0i4brxNy2/wmXOTa7AJ730crYBXj8QukMceuGFOX8BpUQEg3QjMFWuUhIOwoYDLlPpqXFHBkVPWavFq0YmA= 

zVspufe2tVkqIEOolL4aKCOp0i4brxNy2/wmXOTa7AJ730crYBXj8QukMceuGFOX8BpUQEg3QjMFWuUhIOwoYF2YrcDcMlknFI+AqTVLEeAA67uzJyu33Ctf+C+5aIJG 

zVspufe2tVkqIEOolL4aKHOjL1P5652bRf49BTN1Ul2YYcIwa7FhVgQv6IQLYaEMaDHOnUMCvN6w6giSI3Y6ZJES3m25Mt/8If4rTyvA3ei8IMFMzn78QxgRnmgwbjNHZ2urrglnmXFuOVc79E1dvQ== 

oixxulIWr0W4lhY04Lhgikp7TqJq3CPBB6n9aUDsKQkp+YB5FZehdjFt3oCjQcEWgarfhwdFvmxhHZaU3x0BQTfpbmUQenU3Vmye73n1bmE= 

oixxulIWr0W4lhY04LhgipHYIgqiPLPJACkmL43sbEhyfmBixbOCjoH6uvoO1zOlJlc+I0mo8aJOq7txM5au4669N/cnGx6I+lJK+W/ajTU= 

oixxulIWr0W4lhY04LhgipHYIgqiPLPJACkmL43sbEg+sChhS1RE5kFeB0e5aOOB91iJWMdMd6Goo4rOJjYIx4wSSybFQVMcEgZdTOynCVY= 

oixxulIWr0W4lhY04LhgioLjereLSwzN5K09zO3WWLZR3rdSczGT3+vovEgqeLaANS1IdwbgMYG6BEBAfu7a4tnSonxUSVeB6JweRQZfahc= 

oixxulIWr0W4lhY04LhgimCDaHE5dL5lWMeKBFi4kPxED2IdqLnud20EZd6IWFUhp8S0/co9MGhWStZ6MWjlZFEdinGRPRnrMw56/hJ3ez8= 

oixxulIWr0W4lhY04LhgimCDaHE5dL5lWMeKBFi4kPxED2IdqLnud20EZd6IWFUhp8S0/co9MGhWStZ6MWjlZAqB2MFTlt48B4a2KSpq25A= 

oixxulIWr0W4lhY04LhgijgNWTn0uCTVdYN/6mLp/JcYGYk1VNZ2MvJdpKGF8t2bKJOhb1Jr8FVm7Y48wkSwwhyHjeWKm+OnYGau1bwR+AJ0v34OA/Vg+Soskwpawc2a 

oixxulIWr0W4lhY04LhgihG9bCTJlMy9LEtiMWdNPZS42+XeeT9rt7U/bU/DsqTR0bhwXL96H4FCpl1MToy+Cc8c34cMjYThB0QI0hfJSWuhwnir5LOyvL70+A3iF9M3M4PdAR4PJj+gMCRj/UEHQQ== 

2Ws9zZhX1c9Kl7+W8kpdue6P71oi6pKSfg+1spSaXGoFYmmTr8qKt/RCWb7llyzwfjl+3JLc1iGIDSuhFF/N9U4UWN+XHaqlC/2ezGQ9LRE= 

2Ws9zZhX1c9Kl7+W8kpdubHY92u1RvABllApvmUwYT13NF9QxPYBqzMyxbUtk92uwTyKSnA3ssqQackoYVWMh61RDEkbJCHqbzhr63rb+CI= 

2Ws9zZhX1c9Kl7+W8kpdufk7AvAYjyRXY6Cn3MDQjDIwEHKT7WU6Soreio7Lcu5KJU1BxrduogWYks7P9CYZpkU9Yzc9HAF50wJ1TYP5Hnk= 

2Ws9zZhX1c9Kl7+W8kpduep4CFTL0tocsZTTdbSA+RTwHXUzDZFPQjDn+JmNHyycCdVxoSbB+jXGgZLoYOFucqV0k2THha7vPAf0Nav+J5Q= 

2Ws9zZhX1c9Kl7+W8kpduep4CFTL0tocsZTTdbSA+RTwHXUzDZFPQjDn+JmNHyycCdVxoSbB+jXGgZLoYOFucpr+ScukJD7krtLjyEdZuu0= 

2Ws9zZhX1c9Kl7+W8kpduep4CFTL0tocsZTTdbSA+RTwHXUzDZFPQjDn+JmNHyycCdVxoSbB+jXGgZLoYOFucgQAMpKlG1QDz6VBOlTOU9g= 

2Ws9zZhX1c9Kl7+W8kpduVFz3Rrof+gstcTk2y2RMwQKBcEwO2qcjkJyJDVBC2M/bo8aUY5tvd2IKswF2/JRr7l+PDfaWmbizVeugtVLwqN6ekPdP1DmtEI3xkA3YZHD 

2Ws9zZhX1c9Kl7+W8kpduU8fElx9rI22iitG6ZcsJkxlmGn+/yYn74Jw93bOz5pGMv/DWC4jsHO0Lq1Aid2twQdQZelW84GR4EHbaHaY+oeB7cveR86Fd60NxlVakqluuXGfyet3d82fqmtNPjUnZA== 

6Oq2YH3u0Os+hakV0yJWI1wq6sdgwN1l1hhHGVnAqF2arpLz9tUFxUWxQ9N1gTax5Ir1kN02df22ZdQz5riZ6McY12M0FDUlFyV0o+i7nzw= 

6Oq2YH3u0Os+hakV0yJWIy51Hp4bTq0a+eEDP47dwfhWJC9ETVUbldW/Y6EhkiKvIiyt3vjQusISO/AzJhsgDvcs3uxrnOUpDGPmDe1dlvQ= 

6Oq2YH3u0Os+hakV0yJWI515+Xd2Yh3XH8qG2V7mpZfTNNjO7VPItdYmSenZ0H7irgh5ID4b4nzZ0YXg9Py+DLRUYETVXLrzTy0k+02Q9ds= 

6Oq2YH3u0Os+hakV0yJWIzFEWdbxVLfWkTP+JFAY7DzFg7R/Ps12vVhDMOazRu1MAARutvz8cOupbMUV6zVbE0AGCdOucxU+IrhM2JJ1uYE= 

6Oq2YH3u0Os+hakV0yJWIyld8py6BZ7Qhygrkb3iCc7JeJepiPS+m6ZaTYRDn+eRNe3B4Tp+FArCbW8LE9nZ+UCNR1qFR+QfBA9kpLMliRM= 

6Oq2YH3u0Os+hakV0yJWIyld8py6BZ7Qhygrkb3iCc7JeJepiPS+m6ZaTYRDn+eRNe3B4Tp+FArCbW8LE9nZ+dBmOGJAFdtzv3IlXl0xXYU= 

6Oq2YH3u0Os+hakV0yJWI9RP6TC8RWghlFm8pkbu43KekLHdLq2ShSKUa7gH0r4vz1GS4xVrhipopndjtPnupNUVzbtopeNfT+siT4oi0nxhBaf3b2B5+nQUMHLZ/28Z 

6Oq2YH3u0Os+hakV0yJWI2OWuNHkBkp8Khyb+FfVHAgtD34wA9NwBn1u8Bh/HE6XY/Lwu/S/1Kba+3puIPbXo8hzAfBPlg+nUNtSN2Ygfqu/x1F5cE5SiZkPbpK5EfipCmf3p+b9KohxzJUOYUg4tA== 

/7RyXf5ePwvKqhfUn/vQY9ZL+rvebt3VmF/fpHU4TeNnlLk1CI9wqMtiHaYj0j18DUAstyF4nc2B4LN7n/KdGxNoA7GcaMsMGnshIv6c+PI= 

/7RyXf5ePwvKqhfUn/vQY6wS2dtncKjPI6Zz3rcw6Hypvar8ps3W8WqVcSrhnzF6sRqSpDaAfJr9jSnZl5a8sYQy7ozvE5cXYj+/4B/AjM8= 

/7RyXf5ePwvKqhfUn/vQY5mQBZaFXakL5ey+oIk7uZaRulweHaDmURaaG2gPl8fTcnIi4OEvfLE7t7AeWkpuCAeJ/JtI0PHxlhtvuRuO0v0= 

/7RyXf5ePwvKqhfUn/vQYyITWiPS0NGVJ0q/KUml6lWe063D1WTbS443SujLB56xKsyfsgpw2q7YGWMFXbpgWQdoW9WZNQUkBPHUsaaErYk= 

/7RyXf5ePwvKqhfUn/vQYyITWiPS0NGVJ0q/KUml6lWe063D1WTbS443SujLB56xKsyfsgpw2q7YGWMFXbpgWd3Oltcwvqh7SGmy+tBsRBM= 

/7RyXf5ePwvKqhfUn/vQY8hFp0LHgxVI6gZT4aZq6Dn1ltFxFAr7bqz6/fu+IVGEQzV+EXyTnc83JhjEOpG1LkWaFdiYRPFNdNdLvG7gGmM= 

/7RyXf5ePwvKqhfUn/vQY8hFp0LHgxVI6gZT4aZq6Dn1ltFxFAr7bqz6/fu+IVGEQzV+EXyTnc83JhjEOpG1LhIzbhWPqf2i67Dg9MhEKsxq1HYJr+TJO4lXMGdiJVcE 

/7RyXf5ePwvKqhfUn/vQYy7/f1xzOXIO03Mov9UpZJ6SET+oV4kkC1RC+0hNHgMqgpuJc+PKGNdXCchmbHGqSaPjrQli5fXtexoAR2vgOJECVrhH7Ue26XaWsGHHdz8O//rkaDniCjXpXMkF0132vg== 

Cre1/Z5g7CosPD8+6nEJI6kNNwGn+Ve+d0UPlHzSvpFuwAHU/952gOH9YGFgM4Pgxwwqs5KjkTcwziep9wlGoWB34vZjgoALV3LK2XII+ig= 

Cre1/Z5g7CosPD8+6nEJIz87kFNvm4r2Dn5J1YGWI6cS/ZDR70kmNnI6rMhsBeJWf28QWCp88gwamc6PgpjSBEnfwU7tpA65dx2JbYP5nqo= 

Cre1/Z5g7CosPD8+6nEJI6feMycbylfEluynFOM/vMn7AVzxTm3Ejaqt4ePr2AJdq2Iid64M77HMPJDcl8jQnEBBUl7P0XUz9K1pOItZcX0= 

Cre1/Z5g7CosPD8+6nEJIz+pHS9XLiyRh0sRpz770DaBznVXZe71GoYQxs1DcQAwpSH9t6ZsMlYHNDg6y0wvVm0kWnRsd2SG1UQRYUGzIHU= 

Cre1/Z5g7CosPD8+6nEJIz+pHS9XLiyRh0sRpz770DaBznVXZe71GoYQxs1DcQAwpSH9t6ZsMlYHNDg6y0wvVvFHXJSQc9KuYp/gNQukC3o= 

Cre1/Z5g7CosPD8+6nEJIxlnSOaWaRy0WvLwGRu+c0k+uBDC1imne77mNvnIH329S5GPhMZkhC0NRpTQOaZfsRAlQN48XsiP6ZMSkEP6OIY= 

Cre1/Z5g7CosPD8+6nEJIxlnSOaWaRy0WvLwGRu+c0k+uBDC1imne77mNvnIH329S5GPhMZkhC0NRpTQOaZfsTXA/qb/Gm8vBFSWBQD8ZG41sdZNC25ucTVrxXILcyPL 

Cre1/Z5g7CosPD8+6nEJI/hLrHw6mDd77lKa+HTP2xliVYvWZX/upXbUeSqQtWe9VaxHgjidRreR3ahHHNE2xOHX/G9KWQF2WlUO9HR2BdxnhUohaRTEDZsvxU13UxVQgQfLPwTibJE7L2GXRgRcIA== 

N1gpVrRhOXafuIH6s9dWJEs66hDhUmUcN8aRgRipWUkOPrprHxR89dY/+ueVSuK/yFJFroYhJs50OYpefIR7NUJYKdOUcFoZ6vlPsClGcOs= 

N1gpVrRhOXafuIH6s9dWJNe+az38RMlsWZKXgrm+NuutQx35FR+i1f68fgpIWGh43ieQgYzUgisy6CwKQmH6+DYHZYZ5FtgoIMMmMb6QUvs= 

N1gpVrRhOXafuIH6s9dWJKxiKwDQmVo413qfDx+Asd9+sDbtlK+gP7AwR4vQUBuk+vEBC0ViVfPag707HhMuRrkm8dHgKK64kB+qqY2c6PE= 

N1gpVrRhOXafuIH6s9dWJOcBnT3GgVdTiuZBDd/5YJi8WrKddfw2o4zZRiYuVA8m7fmWAz0X5hW74ecwYWHydIXQ2RrCQN+pV3Jo7LcPjRQ= 

N1gpVrRhOXafuIH6s9dWJOcBnT3GgVdTiuZBDd/5YJi8WrKddfw2o4zZRiYuVA8m7fmWAz0X5hW74ecwYWHydM5AOOwYjl591JCLqODBUkU= 

N1gpVrRhOXafuIH6s9dWJIrATSiVkbPZneyUbA+QSjiEUVqLQWUtmkZkI2wc95gftjvZ+edQgn9cisrrG98A6dS5+W3gJ/os+LAnKsYQqa0= 

N1gpVrRhOXafuIH6s9dWJEdG3MMDk1oUByD/t0OuefSOx+KFm5vwMU+optbFrIqYvzOtoJ3bH19p1yHIowuEJRwhsKY/eQUjgJWjuIEFgdcMcD2NwB4DqVWWEk39daUn 

N1gpVrRhOXafuIH6s9dWJKCmPnaCyjJ3UYV+LK3iEnKKoI4HCbLdeQbONvrfd/YpXSbxflj1G4JVI/0i1pci8J2r4dOII7HVieHegW/kVS5diQMLpGPH3Ux2mvlfyBjvTweCmIkLzqNwQbDmbSixDQ== 

9uQ7JEMAcrvM/EFyd1sJC8zqFqBgoOIu0fa1it0UIDzbMxcDLjAKJX8eTEFrdgdxRrsOoJQW2J3RnMJL4UoZ20/1zY9LcuN/RoeUm2XcExc= 

9uQ7JEMAcrvM/EFyd1sJC56dBK5uQtiMfjCdsjKPvXcfckIOoXDrZkm5t9FYdczFHn5tMay1NSGoUs01RpG4g+1kOBZ8CIU+cYYtfo5AtLQ= 

9uQ7JEMAcrvM/EFyd1sJC56dBK5uQtiMfjCdsjKPvXdeSObyJVoQSq/e+CLHPVViJBo86XLEEt/DPau5tf0bAYqOgCnT3/BZ4jXSRXawh7Y= 

9uQ7JEMAcrvM/EFyd1sJC4/hRjcqb6oRecIetvw8S7pFZgF3Cak4vF5ngDQda7kZ6N1lMD7n01T28HizayNe8q5v+qZxc9B1yQWyCuYPEUs= 

9uQ7JEMAcrvM/EFyd1sJC2IsOIq0kLsBA7DE35KePgDj9nb9kojKLGUWsuiNpj0axeVNMjYxrrtQzM3yg0b5xBjgeuk7Gxuuu0ZHmH3JknI= 

9uQ7JEMAcrvM/EFyd1sJC2IsOIq0kLsBA7DE35KePgDj9nb9kojKLGUWsuiNpj0axeVNMjYxrrtQzM3yg0b5xBVjmIxVLNBAqE7u0X5N0rI= 

9uQ7JEMAcrvM/EFyd1sJCwaEAJelgwBuXXXbP9KDvK8hYkCNFT82dP8rn4LTnGowW3kxHTNovw2OGvN8fTGW64JiOg02PkawyU+BaQWs91n42wmgoeO0saeFtg1PEpJj 

9uQ7JEMAcrvM/EFyd1sJC6URQQAji5ZeXaGyv/3ibwk2rRn0ETbr9QJiSMf51o2nyl2QH51ja5Bdl8vGJeOZOFMhjJzGHXkpsWBVKkNqy+AGq7uYyMt7RKjcuqY5Q72G4wa/z8B43GY/B/uqG6S8Nw== 

deeUyq2lecwoldzZwldvM3C7rp+juqsFlP5nd448XWsVQtltoZXMEnlQFbHWkv6OPH15vNlNoegLVE9TWb7qBdSYiTM41F+Cy7YlZWtzXC0= 

deeUyq2lecwoldzZwldvM3FgGSUvDinNrtHqhVCoo9oO8SYU7gSq1PZqop9O3Oc6QnpTRAjDKoH2sGhMPjKU/6JhxMLSXjvfCco4seD00gs= 

deeUyq2lecwoldzZwldvM/SpbZJFNYD+Y4oglYdA8xuohGJFpopPKtvG5ykv1Y4RTRBRIAiMkkqyY7k1fHw4LQUS4i+IgxLOevpWrP4gqg4= 

deeUyq2lecwoldzZwldvM/SpbZJFNYD+Y4oglYdA8xuohGJFpopPKtvG5ykv1Y4RTRBRIAiMkkqyY7k1fHw4LQ2sZhhy+dZw4sU8xavmAY8= 

deeUyq2lecwoldzZwldvM1R6QvKUmbXp6LLWKcDXBqakEIuFPlwBxVBGQgBxvIZODTNQkowWFT2zsXKfTAt1/x/O3QFGnpmZUIPsGgH1SHQ= 

deeUyq2lecwoldzZwldvM1R6QvKUmbXp6LLWKcDXBqakEIuFPlwBxVBGQgBxvIZODTNQkowWFT2zsXKfTAt1/4BjMEtXQmTh0PuwNTUznG8= 

deeUyq2lecwoldzZwldvMxxGrY+mAWr80byvCYAeSTvuoN+yPuH6HU7qTGCGPxHwYeFjcxvFRj79FLQytCM8PlCGr4VP3SH/+O7/ShkTx/2PXZIRutrMkdRDDZmnGf/B 

deeUyq2lecwoldzZwldvM2w6wQRDSm5V506QWSpiHbsJ3DdOhsZdeZK5vm+bJWb6fkU1bjBvVnegjDrpeOOaz4SJv++wYTjYL2mpgr8vMAlDz+ulEDNxo+Vu9msh2eSGT9QOXgU/vGiNpMc13XA86A== 

ydUJD4QO1Nz/XDbsUu9wKri0DBp38meGGnh9teI6SXMsti35QglAGEGtNlwSYknoNWtAoF82aaenWdM5APxYUnPrZZ3w1QNMcSnGUJDVXrU= 

ydUJD4QO1Nz/XDbsUu9wKj+ppnCNzfw6R0TbeJ5VM4hZgIpZ/GByH6qUzfF0JiW35ABHNlsA5U0O8NBjHjwsQjgtsudOfDixJAOYE1IDlBY= 

ydUJD4QO1Nz/XDbsUu9wKvN+neKnCDxsjSxy8dzfGNZK7m2E2agkvLXCWngfTDGgC3CkzvMoGyfMCJ4VZpqGi897C4A3Mg3R1Oqiq3296Us= 

ydUJD4QO1Nz/XDbsUu9wKkP6+dwivoApOrpqC6tlH5xwhH1N/8Kvza8f7OV8cilVogk9cmNjMksZ7y2T8MWN0GYlOk/iFgDqvnHIStCGOXU= 

ydUJD4QO1Nz/XDbsUu9wKkP6+dwivoApOrpqC6tlH5xwhH1N/8Kvza8f7OV8cilVogk9cmNjMksZ7y2T8MWN0ATckY5yD+5vAUgFP5/bTho= 

ydUJD4QO1Nz/XDbsUu9wKtMDPirmA0O9pERdlJaAmXsUFnZy+Y8omfSy0mOckftgWkWlFNLGlrD5RRfCafjwhzEPhYoOXE0NsLmdenqh54I= 

ydUJD4QO1Nz/XDbsUu9wKtMDPirmA0O9pERdlJaAmXsUFnZy+Y8omfSy0mOckftgWkWlFNLGlrD5RRfCafjwhwsRc0P9lJIyfrWlIxI0u4GAxS2GmfyW8QOk72VKW35H 

ydUJD4QO1Nz/XDbsUu9wKt18qYspLqD25Moo0ISIYe3FXYPnu8Rh2I1eNI/q+naVYA56TX2EbUoPEbT85hi+9NzAvyPS1eg7qVUyjRVsmRYqvq+uV8OaM2D8UoCEhHbVCZe5hmI7dbEMuZ8qui7yBA== 

DL2uqmpRmiIcAAb9wQBy9qebuEdWWYR1GoLHxf2UDAh/PwgPT9dM4EpkGnmgnnbWbLmsYmvKnF4xs/BILJ8QUmk2gAl2vF8Qc74AamE2amQ= 

DL2uqmpRmiIcAAb9wQBy9gv39kv2iecG01girM9cblmyM+lJSsKH549oK3ibpuP03pcSM9B8HZ9AxF9L/Avp1VOIQPZANa59e5bx3dnTuM8= 

DL2uqmpRmiIcAAb9wQBy9seQQ1L6EMibwDjsgE9dPGMvgONWV5/MIGMzda7AiRaddxHEsI9Spf1scVYAZfwwFULmrRaSttvnYn6/ySRwkFs= 

DL2uqmpRmiIcAAb9wQBy9sbqr7YjpKgk6D67c1J39+CIlnf9HMuxGQ762wKSTlq/C5fVQA3n+xIlOW3nr88T+jclvUw3evEAGwgIwByOuS0= 

DL2uqmpRmiIcAAb9wQBy9sbqr7YjpKgk6D67c1J39+CIlnf9HMuxGQ762wKSTlq/C5fVQA3n+xIlOW3nr88T+qg3ZulTuOncV4B3cpK9nlc= 

DL2uqmpRmiIcAAb9wQBy9l3LNErvIJCKMWzSKcbvUV+cMKslGDR4BWJ1gliAiMNE8QlAu94Yzqldik7tn1tpgRaZkZw5OMWz6Ktiy+bSAFM= 

DL2uqmpRmiIcAAb9wQBy9l3LNErvIJCKMWzSKcbvUV+cMKslGDR4BWJ1gliAiMNE8QlAu94Yzqldik7tn1tpgU2CrP8lYLWz6DT4ruSSXvBPj+daKERniKV49GzEJevy 

DL2uqmpRmiIcAAb9wQBy9izzbr1/NZgV8ZUoNc7MCWQRHPCYMY7LMHIavLnwTcharKSOjeKQTdWVFZqJQJr3MdaqG+evZW/xRe9MyaRmG1uyz7NFSM0tDEPrz7S8Vpf27PNAhl9VMmrtyieVtW/Fog== 

55ay3qTF9EXqi1ndIea1Lj6Qd9L2uwc6OTl/uR1mH0B/H9UPUYiK7qRw2n/GOdtQA9C63h7DrcSlFeymvJbPcdyWXwiCT3NNtUilcFxIAF0= 

55ay3qTF9EXqi1ndIea1LnzKUT5VnK9DdlamhTbRwEpkZBh7sTNLmNHBj2edHE383l+jJpMMfVbv17lJMTPjfofqtMbYTHKDlrYrj6Q8FsQ= 

55ay3qTF9EXqi1ndIea1Lkf5AmuGRgIzooAGydx0ACOms5SwlJ9Z6jFLP+2U1zPz1GRQdHingsxLevFJjmFgFrwypRyaFXqL1cPYpa6xpIk= 

55ay3qTF9EXqi1ndIea1LrBAYvjUwmk5b2vs6tgSpjaOru1SZ+n6GD3ewmoWsEHPUeHWlbl8jvOaf8T5bD/KSCqrMUA3cUhmWvOBJdjs7CQ= 

55ay3qTF9EXqi1ndIea1LrBAYvjUwmk5b2vs6tgSpjaOru1SZ+n6GD3ewmoWsEHPUeHWlbl8jvOaf8T5bD/KSEiDnYDbH0Exfz2IK4Cn3h0= 

55ay3qTF9EXqi1ndIea1Lov1Go8m4OIlo455Wy7otzrMMYmJCu8uoGq9vj2iKWSS65GmQHcsnKM9IA6tJZ7uBdNxvBcK3KNg2zd5T+SdkYM= 

55ay3qTF9EXqi1ndIea1Lov1Go8m4OIlo455Wy7otzrMMYmJCu8uoGq9vj2iKWSS65GmQHcsnKM9IA6tJZ7uBQsCa41QN36Zg65tlN6sOpOy/J3Y5c1O2/Al5sG6qfBP 

55ay3qTF9EXqi1ndIea1LiRsFuKzmT56DDMaEHv3Km+VMJp1xlIjF65pkjY/hZYW8YbLBLOu7O7oZjNzr05bIfZ3gAg15XmRU4EfhXSvul0Yl9EVnHoqEeEyVD2PumQ2LIL3sJasqcucvX0Ps5usuA== 

WcUuDtcNaiLUEL2gGH91T8yjlnqF8LuTe8rHTgdketyrQwASLrvlS1jnJX4LqCWrD660moIPvi30/U3p/mrpFmxEX0p3HyNEBv79DivpVHw= 

WcUuDtcNaiLUEL2gGH91T2L3i6XeVIWK2hQrdt8QZ3VHpQIH5jgY7oAShQ/bqoXhX2Qf07669vChYaLURbN48cXqK2JeRljRaGcKK8SXyCU= 

WcUuDtcNaiLUEL2gGH91T2L3i6XeVIWK2hQrdt8QZ3U/r+RBOVv4Izhq+ak7adwwa1rjXUS1tTPBWdco5Aeq6inenc6WhdFGeYDCpU9vNC8= 

WcUuDtcNaiLUEL2gGH91T15q85kp3LE5qJ1BCw68txlYVo0BXsLfCcDNVp9n/7thxv8X8tmjSbkk6+/KsHSHiFawFuzZY8RNR4WWm+bbnR0= 

WcUuDtcNaiLUEL2gGH91T15q85kp3LE5qJ1BCw68txlYVo0BXsLfCcDNVp9n/7thxv8X8tmjSbkk6+/KsHSHiJHZddstDKCFDzd+pe1vYLc= 

WcUuDtcNaiLUEL2gGH91T9vfD1GsE5M0tZ+tgfRl7MI4HOR4Kx/p+h2F+8qDYqyV587Wj3o9MheR3xOuHZPcQjkQP42mkujouh2R4Ppq8Rc= 

WcUuDtcNaiLUEL2gGH91T9vfD1GsE5M0tZ+tgfRl7MI4HOR4Kx/p+h2F+8qDYqyV587Wj3o9MheR3xOuHZPcQnQvdEHVR8Kf9X6LEoGktM/sZORUz133/sco0AVj1R6G 

WcUuDtcNaiLUEL2gGH91Tw9Gy8/Rwes+OQkmZHiQvczDmbdNF9Nvkcmt5YQ70jSFnD3rOuXjgAyK2UAoaY4zz0oy9XZrjS6ua0Jl7U5sSqppEC9ED76vee/LOeUSUsqu0IkPt5I66VlLIuPiBy6+AA== 

AXgnrTt8akGVaCXq2HdJ+7+b3xG9+6E/gwhQMCka2cczls8Rnl7aqbiIrizvq9TDc9o/JediowUm2bWcKk3IuFSY1FYTnaunup+uHu0d5eI= 

AXgnrTt8akGVaCXq2HdJ+3zaS1a3STQJ2DF/vsQPRvj02WAfeauieE8fMEbDuuukgHOHAWKsX4QThpWwK2EaHXfLB/sd5r6Pz1vhIQobakI= 

AXgnrTt8akGVaCXq2HdJ+8F+68wMYe6Ub8ROx/BGVorykhHtJO5RUBBJRMUWnR7EvIwo1qHlXINuJdSHQhxuAvjdG9CQeSPxUvf8MAe3bbk= 

AXgnrTt8akGVaCXq2HdJ+8F+68wMYe6Ub8ROx/BGVorykhHtJO5RUBBJRMUWnR7EvIwo1qHlXINuJdSHQhxuAhT+m7cHGhjJdC2DgjeD2Zk= 

AXgnrTt8akGVaCXq2HdJ++Z4W4hE3lp6rE0tr6t3MjKAAh/OdAVb6CTj2I65N9IIuWP9g5oApbHs+Qr4rVlNv0pHWNoLGM2aQZXR/0Rlqoo= 

AXgnrTt8akGVaCXq2HdJ++Z4W4hE3lp6rE0tr6t3MjKAAh/OdAVb6CTj2I65N9IIuWP9g5oApbHs+Qr4rVlNv5q97Hq3BaG2GWqfHaVK7XQ= 

AXgnrTt8akGVaCXq2HdJ+61viSdefHM7rlGH9xC2jbxYljspyEIvldJZSKvs05AndIUxi34P8mJcLM3MVjbeVFoE+NVUuerZyOuhe3ItzPScHpADX2hElBjXnzPsLXrt 

AXgnrTt8akGVaCXq2HdJ+61viSdefHM7rlGH9xC2jbx0gsRW8/G2fTdKQCVq/JYJHzw+8XZYV3dsgnGXV5brLJgDrk3Bo0/WFollBzNKuNE+LDopJb3g72gf+BKS2FVUASjz974ibA8xgmDcyMldXw== 

K1ziYLhZ20VM05DR/nQvNQ9vUtnWUXgliapeNfimRcRHw4w7GDRHz4IInHR5+QoZyF46vxcv+GJH6w1JGKG6wUQCyYzPFkOWXS4wZ5J2p9M= 

K1ziYLhZ20VM05DR/nQvNTfoj96VkdE3x6hZal+1EKNKle2szoyIAkl96Z5K5KV031YQQfaXp6UJ6wsdyxP8ltmW2awhPIzSsNBit92TXpc= 

K1ziYLhZ20VM05DR/nQvNaeUKa5Nj/iMg2CowvB1teTJJ9RO0qTc2PYBJGBmoA2TaRP54hi0YE/Ud5mMWJyyoHJJSMEVHe06DIj2t8xlmbw= 

K1ziYLhZ20VM05DR/nQvNQXk0ZBPYYJWlVUnCynCW6w3HxwvHbAd1WgmKBU/qDdCJJopXjdFjdV1B4NjgSwzLedEddv5xRDfWJbAzdFr+T0= 

K1ziYLhZ20VM05DR/nQvNQXk0ZBPYYJWlVUnCynCW6w3HxwvHbAd1WgmKBU/qDdCJJopXjdFjdV1B4NjgSwzLQmhDjQ1JTkJeoCEA64ykBs= 

K1ziYLhZ20VM05DR/nQvNQXk0ZBPYYJWlVUnCynCW6w3HxwvHbAd1WgmKBU/qDdCJJopXjdFjdV1B4NjgSwzLffBuLxd/yHkEazJIrixyhU= 

K1ziYLhZ20VM05DR/nQvNfdY3fsTwuSJXp/mQ2IhjAafPxIWPz32S6dE0Rq91IJWxHdOpq3OJAMnwHCqTN+wrROmhctLxW2I397C4G3RetzvBnFPSZ84A0czkz0lp5JU 

K1ziYLhZ20VM05DR/nQvNe72/5zs3y/AcYJCGGn/OI2SzAqh9FT+iyn3zI9vu32AVYn2gMW8IBYEhd//D6FI+md4gPbx9QuBpBn/DMPjXKxNueSNEUxJ1rTn1cHrl9ds+la/ytZlhPx9JtCbmO+FTQ== 

20z4do6gCXKHDv7brSpbKgf16IPQlM6roUsbwZ32LFJGHz9YV7mUDjPFexN02A3WVjI6N1pPVDxWDSIgGFNjYHrBvfidLhimS3ilHjwlmJY= 

20z4do6gCXKHDv7brSpbKqYBNPxUwd60NdFU40z/H0cCBhaTVjHOqefG+qpl7hyuIsXwgjnBewJUk594n5bOTChszYut9Sf8fV7V7k9HEFE= 

20z4do6gCXKHDv7brSpbKqYBNPxUwd60NdFU40z/H0c2x64sJVmvJo+Sa458twQ2zkw8ev3s0AuX2CXJvfXlCGCet65l0SK1ZlzZagwy3MI= 

20z4do6gCXKHDv7brSpbKij5ym4iYXd+749JSVnWXLqrk85rfnfDRT6YA9TUsPGIzP3NUyNo5enZpdQlGckjBIrT4A+kRvh6au79JL3SEHA= 

20z4do6gCXKHDv7brSpbKpjk1b4Ma5OhYLdTkS5NfK9J7JeNLKZnunZSGwbqSKsqBGZLHMUX6aa5ZmpQbCnv1Nr+RTQ7Ct2k0pRPMY6bPgU= 

20z4do6gCXKHDv7brSpbKpjk1b4Ma5OhYLdTkS5NfK9J7JeNLKZnunZSGwbqSKsqBGZLHMUX6aa5ZmpQbCnv1B8XIwVEUuEBXIMPiD4+y7I= 

20z4do6gCXKHDv7brSpbKikBp0jxEvQrK6T5bdNCTK07oHdluWvD5HP7LQmsFOXuPJKfSWvacIxtkwysXixwjEnyosVkO5YY4LgGzS9fvejWGXxcUtxfMSLKpGrZ4QSV 

20z4do6gCXKHDv7brSpbKv6OxCgsYGD3JTL4HH/COzhi2X/+hHhh2f6cMqJjf8G35gOcm+lgnaEtPXsk/Ekw9T0fPmV8lvrNC6qIDYHueJZ0D27dHnWh4FgSjkc8ILYM2fYMAvisNBXib5/68bBe8w== 

jVGoLSM5/QLMRakvx2QW4KbOueeDWbUe7DxxjrF/r3o5Wypg+RmQJ9h8djc0ZIbAje1hdiwlzuyCp5iSC6s+YiNxCADLLgZ2cNuK4oYhzoU= 

jVGoLSM5/QLMRakvx2QW4OWbCTBM2ROdFDRbDYZH5YA9BNUKRVspJSyfW92efnOhWq/y7FKuhJFmgrUeU0Bq3AdWKJhVSrYvdsZjlTAop34= 

jVGoLSM5/QLMRakvx2QW4KWlW2YFTSXO+5/T4Oi280YPusN23YracGrTZQEALrDhlvUt651lpeIeUx3zv9cqvR64cNhk8VbllorH7Dsv6t0= 

jVGoLSM5/QLMRakvx2QW4L+0YFz84bAmZJO6bswytewAy06l+wTNDa3u5rCgnWhMncHyax7IPhUncbuynwFTFdajllnLPx08fEmqz/tWKdI= 

jVGoLSM5/QLMRakvx2QW4L+0YFz84bAmZJO6bswytewAy06l+wTNDa3u5rCgnWhMncHyax7IPhUncbuynwFTFXRJmm7WwarmFqH0LzhY/+o= 

jVGoLSM5/QLMRakvx2QW4IEv9Ylwzi4hJvnQGPqtQW2vIqbfOsr/jlMyKKD7t2kw4BT5sCafVgM8cl0cxTYbOi0bYKCADvFvX55RT7BoUmQ= 

jVGoLSM5/QLMRakvx2QW4IEv9Ylwzi4hJvnQGPqtQW2vIqbfOsr/jlMyKKD7t2kw4BT5sCafVgM8cl0cxTYbOsIssD2OuzORb52nRE6vRdZe4jkIOWjbsBXl65QUAkX+ 

jVGoLSM5/QLMRakvx2QW4NrDZStMfrB7USs9jY64XovWoH76C5ah2bUSmiw2sr9dUQj6bIglfif4R934fcDYvS8ZiRjvj4enHEzhB09QHUBCuMugv/NYUDdl9YsGH4mlATKNc2csLj2agB9bAr7AoQ== 

KogXiB4oVGp/CCnG8aylANkSpHGLjH2Yhvph9M7/3RmT/HV7V+DMwW5oPuRsC6m/BeXl/CxwQddoV/5ZNUgh+vF6GQm1XCzBPo7JxkZU6NU= 

KogXiB4oVGp/CCnG8aylAO1DXQys9k0QKngIzoY/LpLahzQ4czI6ybKOh5FgawQavQ7qELcLQz/8KcMT1tMB4lR3C9Rnta5IBLMS43ceCUs= 

KogXiB4oVGp/CCnG8aylABN68J4AvKGedbVBkOxzP1ZmnEfLIoi4XrgColCvIHTH7PB5dL4od3Gy6O6OhnKKwWeOFs3+pq8JBj4qs17bB6g= 

KogXiB4oVGp/CCnG8aylABN68J4AvKGedbVBkOxzP1ZmnEfLIoi4XrgColCvIHTH7PB5dL4od3Gy6O6OhnKKwdwJ8suIhZK1PgSCypnvKnA= 

KogXiB4oVGp/CCnG8aylACLBSHBaC0NfO32CR/+0673yB5TrPF8h8t8CsC+FS92cGZdHm1cvqFZWVYvCYURmh7yzTwPIv6UZO+CR6Vyp1XY= 

KogXiB4oVGp/CCnG8aylAId5HCZzJTZu/37kpQrmGPZvp3txsmjdzC+maygaT3k4DUPQd5G2l6NRbhcZEhjIzuB8pUjGQVBrIS6pTrwiTsY= 

KogXiB4oVGp/CCnG8aylAOF33VN06kRg0d2ugdr3g3cjte4N2IZTjfPCndO57uc+U+1rwytGBiYTsLb3A+15aavZKgcN1z+AcHp4VNWTkm9vDggnzPIGFaVITbQOZ4vd 

KogXiB4oVGp/CCnG8aylAJbKxp3pZiKIa7D3wRmX2HS7FUyJ/gI5moxFbjkP9KXK6f7ZFWFay/kPUWdRzaz91iJmKZnbGrRLUmWvenq78AJbGpKXVW+WpGFXIojWgraY1NdbHrsX3Eg+JpGv7AAbTA== 

AXuswPtytJh0II7MCiTmGaJbrGyMD2YY8X8RmBfnP/iTC/ekLs14r2Tr+fKdLy0xrSY6Q7NEZGAdoGG13GF6n0Nj0FqwVp9cxIjkxViI4cY= 

AXuswPtytJh0II7MCiTmGSXV1a4HnQOCVyJbFRVECevObjI17PWyuUP9ViLE7EYvkStGoX89d3iEbO5NsuaLkslNHK/zM5ofGfTaXiM9B4o= 

AXuswPtytJh0II7MCiTmGf8jxMMznWB3Msvqo9KFh1YjNSmy2QE+SmJXuCz6ptsGmb5D2yJvMZf1FW3wiUSZN/GMVnHkxT/iTxYu5/cmzrc= 

AXuswPtytJh0II7MCiTmGf8jxMMznWB3Msvqo9KFh1YjNSmy2QE+SmJXuCz6ptsGmb5D2yJvMZf1FW3wiUSZN9H18zfERCSpejfPnK9tbcA= 

AXuswPtytJh0II7MCiTmGZWRsyxnre3paJ3uuChwJHHqE1fIEC5rUKj1EiBhx1g5D/PQvXgcXnOxuy6flmF79r2hjb+HQsfVt8o9q9enY+Y= 

AXuswPtytJh0II7MCiTmGZWRsyxnre3paJ3uuChwJHHqE1fIEC5rUKj1EiBhx1g5D/PQvXgcXnOxuy6flmF79hYwf++/m9sdgdmAC9EhFS8= 

AXuswPtytJh0II7MCiTmGTpRkA3l4x+JcPlv6mwhoVFpI8hiKDLdiQelPDHrfNkspJRjOS0yJdUhdgaCQ6sVIDNG9dIC91FA6kicjm4rqQc/iHeFDLwT81kRsRW/P0cC 

AXuswPtytJh0II7MCiTmGU4ZQMFq3rcM1BTfBOXdWL+gpuZcDyiXXfeH+t7mX9/m1oz2qipfZXj6Bgl+N/zJoGsnlu5hH+4k1s7/FRwiUhP2S/vHNusgTVKhgqTkPFmc9sfmXow7dfOpVDeP6HE8dQ== 

Neo0ZqzfIALRzR9/yOikEp0PQj7r+L5Ahb7Iqum5mXr+oWg1efsgmhyX2ZAtGxBEpNAR4nYvC3o5kZkwHjHeVlQkjq5jw/sp8vseMvVZc6U= 

Neo0ZqzfIALRzR9/yOikEhZAhKsOGHZjopuaKrwy3qTd90SXnkJTFr3hP8Jcj/IKGZ5C4ancRgOMv3XVdlZ1oQ46v0cGA0S20sXBFc3NLqo= 

Neo0ZqzfIALRzR9/yOikEmm0tzPOEtn1SQq6oCJt5icGmrvuDIix4z2vTKKfARU4VVpFRrUvcEm9MoudLM9ZcDILr3BZ8xY0nRiQz9+A55w= 

Neo0ZqzfIALRzR9/yOikEmm0tzPOEtn1SQq6oCJt5icGmrvuDIix4z2vTKKfARU4VVpFRrUvcEm9MoudLM9ZcHr0r8KdluR5DVc+qu3M7KQ= 

Neo0ZqzfIALRzR9/yOikEqwTlulFDfXPo5YA4uxY2b+OtktIlr1nx5FKJGaDvwf/1TFlQ4m85xqxazizYguN3y6HL8pg2EWNeEQUWkdZBgI= 

Neo0ZqzfIALRzR9/yOikEqwTlulFDfXPo5YA4uxY2b+OtktIlr1nx5FKJGaDvwf/1TFlQ4m85xqxazizYguN37OWAbOzsukHI+KdFEIeAKo= 

Neo0ZqzfIALRzR9/yOikEtjW6Sw14+WhlS5hYkZ7EURQKAiCX8DNxFlTRrQmNgu9NhSHdVWui79uzLnbshRb9ErDcz65iAPCJ+lovcpWkZqIhPukKu9WpaKEnIfiB1hB 

Neo0ZqzfIALRzR9/yOikEtjW6Sw14+WhlS5hYkZ7EUQP1ZkKCryhiS6OD6q+3q9GPJN/IMSo/CR/s8oi30MbmoPzVs/sP4qxduZN3P3xUwu7A2R/PTsLRpwcd+G5dZMRdnhP5sZPZCftP9i7ZRMfmA== 

X3Ls3+2xBrt5wCNvNuL24MODVSH3x9s8MEOMbk5tGRiuxAcwcu7RnVD2Clqej0IV6s9qMCOCmigJBDlwKHiOComTqg5D5kQDycnWcgBvU4A= 

X3Ls3+2xBrt5wCNvNuL24AaWAJiRFESI8PTQarb1fTsLtCy28WFYG3YOAbjZE0QgoLT2KhQDWlhD7kR7ZGw7Luezag+3dvJa9QbXO5lKm8c= 

X3Ls3+2xBrt5wCNvNuL24DVZ3bJ6y7SPF+9JY+a5th73qm4l8yBT8y48I0uBh9yzKkhmOdwZxQk5R0NvxBeFBbbJ0edi2S95qqiI9e0iLk4= 

X3Ls3+2xBrt5wCNvNuL24DVZ3bJ6y7SPF+9JY+a5th73qm4l8yBT8y48I0uBh9yzKkhmOdwZxQk5R0NvxBeFBZaXC+ocX0tjxXF5lpak//Y= 

X3Ls3+2xBrt5wCNvNuL24DVZ3bJ6y7SPF+9JY+a5th73qm4l8yBT8y48I0uBh9yzKkhmOdwZxQk5R0NvxBeFBfHVMFix6FKMxCeDVh68LsI= 

X3Ls3+2xBrt5wCNvNuL24GsxQXPnUPcHcZdKRGujK6382wzP69NPy0nQPphkmPgarZ5vShbImD+KXo62AFrkVtHvOxMDUZbILd0kmuKVhoU= 

X3Ls3+2xBrt5wCNvNuL24GsxQXPnUPcHcZdKRGujK6382wzP69NPy0nQPphkmPgarZ5vShbImD+KXo62AFrkVmePtpSYlzA36TeABqEDZGcM5tFVh4458Sn7rt9ID852 

X3Ls3+2xBrt5wCNvNuL24IX1WrqwMF6okfvxHvNBT5njF/vhLd+K20SpPOziR6jaxRhIS03MmTfMb7/Tnavpt/Q/9wBZsbJ8xsDmh+mEcjXaLNrJtUnjqOmb1IT0LEQUzA3jb/kx+nmiLvkygylF4Q== 

NbSLxsZLP/0FFh3OE5w4MBMo+y1JMkiYq5JMj7cbvJpCLxDD3sZZehhKInvNdZVMnjFdkWfsjgSVtvSQe6TZfMv6/OKPS77QV69kTPx2POQ= 

NbSLxsZLP/0FFh3OE5w4MLsv0/ffkJQoePRmG4gZr2X2ZBcSdv/svkLFKpDLcccss+q2+TPcCSVWwg7XlOOPYpYxAQNSLISNhU5PC8Txb2s= 

NbSLxsZLP/0FFh3OE5w4MAox1NGetZWzH+TaGn7xyn6IXIv/a7DGW6h4K0Es5rsfXMrdEtdHOsdxAK1IfB30D0DQHgO7qTrwEzNdT6b7Q4g= 

NbSLxsZLP/0FFh3OE5w4MDWHkOCTtwoskNTvaxjCnCqRsUrfN3QsMq+tiIlodTCQ4TMvZUsbjfvpknkN98L0dVKnM8GDWYpHG/S5i4/phYU= 

NbSLxsZLP/0FFh3OE5w4MDWHkOCTtwoskNTvaxjCnCqRsUrfN3QsMq+tiIlodTCQ4TMvZUsbjfvpknkN98L0dRELeDDjPE0duQ4BEzp7ewc= 

NbSLxsZLP/0FFh3OE5w4MDWHkOCTtwoskNTvaxjCnCqRsUrfN3QsMq+tiIlodTCQ4TMvZUsbjfvpknkN98L0dcJWvXrsgRRZHXFxyayifhA= 

NbSLxsZLP/0FFh3OE5w4MF7GUOApTDMHGRQYJPLsaMOsIUYgfp+eE0eIZ5zCeazmz4UOL1EfYwF1AVNwqK5PXsvzI6Z7HfsLTJhZCmif1n7AS6YQjHt16jTlkGnieWbQ 

NbSLxsZLP/0FFh3OE5w4MHuT/TxlGztlKWkjWqFeJfUQUUJwhUYyK4sfT2bBozwOvl2lnaWdUOhfsTM40v3AbveVOfofcj5PBhJKjOYanqXMGYRQehHOFNi/dKIWhnjT0sHkZS7BTQ9GyACesGuByQ== 

Biikf2uAqfjOgP3lVMEenRg84yq4r0QJ0YJR7c9tEBfEZkHxgL5Gtw3H37DtyYOQ7jF3Xvq/x1E77SrbwzXKX6ND1W6ktrLduGub9OqTtnI= 

Biikf2uAqfjOgP3lVMEenbr5u4kgbycN3Z7lgkQGIJKhbA5Ftq6Wyo+XItonOkZnQC3d4ldKewHElFuFXltdeGWVD2MdA3pdYjzRq07kSNM= 

Biikf2uAqfjOgP3lVMEenfnf31HNW0r7/0QIRVZvRth5XC10aX5cKiwxoqoF56DECjNN6hC1tdIQh3601PX89FkAmUJ1gzGaShfyPq84KBI= 

Biikf2uAqfjOgP3lVMEendXyeYPnYyRjl1YnF+FKT+9VCqEvVkgXvcXi8UVj/WT/Ej0VC5zLV7UORjC9pN/12kHeJ3tiImmvFx8esn20asI= 

Biikf2uAqfjOgP3lVMEenVtXwNHUSzJNgoRQbuVA6aDXRN7aLtU3dhAfFlVf6W0I2rABXNshlYzdMjnGGucUPhYSeIH0k7GgC2w3UyuNGO4= 

Biikf2uAqfjOgP3lVMEenVtXwNHUSzJNgoRQbuVA6aDXRN7aLtU3dhAfFlVf6W0I2rABXNshlYzdMjnGGucUPt530G+fUudg68K/zTATSbQ= 

Biikf2uAqfjOgP3lVMEenVSs4DT7KlZIfo8D48iZCEi/FVX5JjyQtiXZJ9VKpH2u4TrIYiST7eunvqEcJYxQ1Q0YwobZULbdgAP8oLDiQLU6tSbFx65aN4hWVXDTr4is 

Biikf2uAqfjOgP3lVMEenSsY7ylK8WsLdsl5Tq6cxFf2KsO6SRD2NZFEnJrLZJKjoqUgXyc9KE9T+CnTEUkgmN+t2MU7PlobgDxIiiBSY6CP7Q9iF6bYy6KOltKNovkwDiiHbLWuBqUIhEK9Sz74EQ== 

70eroSpF7gyPMNWr2NkneFYO73573mFbyMEAFOc9gBZdnJ6tXmdNigcpOJLsyZU7X3o299n/hjf72ZDocU1s6tWIPxgJCBASEGaq77F4e+g= 

70eroSpF7gyPMNWr2NkneJeDPIPnvPjKOJ1L1wLGv0gVWqLy8HTE9rYuulHikDfGViESbIl6ibH7XLQO+KuZJkGbsmYmKh/7a7pnkfzBSCo= 

70eroSpF7gyPMNWr2NkneEsa8JaQsWRtPX+LmZ3bIQLshfmaWkXUelvKGga3N+IWRzkHn7nKZPbOca3mIgMFu7ZWG+LonR6L+UgJYVvzaJc= 

70eroSpF7gyPMNWr2NknePEbWdpULI40zQi2LhmcLgENkue3WRNexzKkKCyNf7mKPBOoEMtSQFcDZexJ4WpFTM2ukmFZFoZdDTSdyqtFXiQ= 

70eroSpF7gyPMNWr2NkneHmXQ4mkBwlC8zzLH5OKNQOf/FcJwMd3VZKpgGc38LMjb5Dp51Zdpa9LjLmM1VEGeCiTyYjzx2vnD7H73VdMt+A= 

70eroSpF7gyPMNWr2NkneHmXQ4mkBwlC8zzLH5OKNQOf/FcJwMd3VZKpgGc38LMjb5Dp51Zdpa9LjLmM1VEGeMngmZM4FuYpflnLxx/iKP8= 

70eroSpF7gyPMNWr2NknePXDVk9mn7cS7+FBbCUwB7FsTweNLiLwYyCwduxcQQfXAUe0dO53a9y2kYFH4YrSym5sOIMGFjrqhOkFvAOpyJHcb5InJMUngsg+IOAfPB9i 

70eroSpF7gyPMNWr2NkneNYhsgASovkNGs0W6LeUhjZTLTkATP6AqqYKewwW9EX7YVzQhBkmkU2bpqTqohkmvVLKI/A4jxEDYQwZlc/7SIQzDsIo/AypAC1rJ+lfs15sdAUyhBHq/q/J0wkMuvpyVw== 

Y30IvZjcGJ4YoWoqjK5Bd6QHl7xcPg9+CNR/iFIep/8oK8mJTZw3zfACZVUbuCTJh3lh+0QMjBzOJCMZP749+xaCxownpHuea80jRVU6Fe8= 

Y30IvZjcGJ4YoWoqjK5BdyS32BO/kdFa0vLWvEU5GTXS2SeXX/o6kWYlQsxnDUBQHpI+fP/8ntar8VK8ltKsL5HMAbMtCt8Uzi3ie1IZh5U= 

Y30IvZjcGJ4YoWoqjK5Bd5Mor+QFR8c7UK5NDDFul8aARfP/9xTTGoHX59RoHth/5jBGQL9Vo7NRwwjLNuX2gtqvl7zpVj/l13yehiU1Yk0= 

Y30IvZjcGJ4YoWoqjK5Bd5Mor+QFR8c7UK5NDDFul8aARfP/9xTTGoHX59RoHth/5jBGQL9Vo7NRwwjLNuX2gkikBkesF6SIj6wAimf+dyo= 

Y30IvZjcGJ4YoWoqjK5Bdzun7PAOD1pMSkkoiwb/tQP+KVU/wfHTOSsTjw5v/YeEB5H3/65iuPJTLbikhhtDRJTVez6fdkwTUlNINpmQ1Vg= 

Y30IvZjcGJ4YoWoqjK5Bdzun7PAOD1pMSkkoiwb/tQP+KVU/wfHTOSsTjw5v/YeEB5H3/65iuPJTLbikhhtDRMpbKZ4iIEpq9MBJCg+wE7U= 

Y30IvZjcGJ4YoWoqjK5Bd7Af7LCyTQ64K4WvIXsotu8M+ngX6c5PYdFOt553iuEVRw5BodFw4Fdw4++dpov6o0hBOgJjbTy/OP9CBPUwadTRko1ekqY++GE92Pc43t3y 

Y30IvZjcGJ4YoWoqjK5Bd9F02UJEqymhoBlHKVq8GXbL3fTK9zakZZbwQ5fmKOQGO/ge26TOcVYWCvUXSnkv5oEfBP+gaklU/Q6cVb25jO+urH2Xy9iQRTAj9plnOlVor/tcAIzgso2L166FFR7F7A== 

q+WJzjosdeqEDofud9YW67hezfPub3NcSQH78B7AqF4+VuqK6tEDW44sFtx3IJU4xJb5fjIyF6EpDntXsXz0rlYrNe7QMKMJYm61MPma2Yw= 

q+WJzjosdeqEDofud9YW63iOjmUqzOD1IlFmsaHvSb8WM3/tcTlF9UGaXETtrMB5hIwJNQTg+XmoaHcUEoPwlDFdUFPgAFQ1vzQTUhnUOQA= 

q+WJzjosdeqEDofud9YW69U8aj150N0p4oWDJmkrEUPyaMFkXWMjGE/YI+yv495X9IadkmU8uAkFH++vRmgQBTzhCBlE4jiDnURlRSVo1X4= 

q+WJzjosdeqEDofud9YW63GzL+aV0iJSFsCOLNYF1bXHoaNU8pUFJAbZOXZT48OZm52gI3V+FVOrt/zgvnUFJmoiRO9S/0DE6m3knAA+1FA= 

q+WJzjosdeqEDofud9YW61jKPa+kTQdDfdQGcLrRUAfq7gpu5aR0Uo7U0X3VJdCf2O295gAOxs+2TF7j785SV1V+c7mECSRLw4AYkZXHJMo= 

q+WJzjosdeqEDofud9YW61jKPa+kTQdDfdQGcLrRUAfq7gpu5aR0Uo7U0X3VJdCf2O295gAOxs+2TF7j785SVxiY/RcRoIoFev2RYSaC+ec= 

q+WJzjosdeqEDofud9YW68BGaQxacxB1+LfGczEsWCpFjg7XhZE2ORaTH19rSoGWltwQ+Vk2p/UegwQyI3pZ63Eh7n1BtNr8XLcKK3p4HL4aHBfxp/qodCFFRngwjNH6 

q+WJzjosdeqEDofud9YW6x2g+OKmmZe+P7egAdG21/MxE2BdBk4Nrf2hE04wueMPJwL1Lap8JkH5bSEXRA4YqRbfZvJAeoH2EFUvvD/d2ZiYL8+IztZs0bGFBy0u6aWnDzT4sHzFqYoBTezN75jPmA== 

w8I9hBwYakk1Bxa6G4v5lK3ZmojJpPy+3NGhJx4wSHGuGBFvuBADy68/lahlYsmxlIr18uyV3rvt1bNf4DMSzthxyRyQr5DIN+EKUTmAzAM= 

w8I9hBwYakk1Bxa6G4v5lG0l8EtbA9izaKirhDOFqna+znMzzNIC4Dsv/0WT5blV2sqSiKvA2mOTCas5JtiqRnp79UwQPrrVTwoJ4MaNyMw= 

w8I9hBwYakk1Bxa6G4v5lMLODMK7asDOSrT9R8e4pIVV63mZMQE+vPOcH4nh1fzBaJ0nadDRj28b7xs5BmzCAmbWliocfYMEoEYbGQRWkSI= 

w8I9hBwYakk1Bxa6G4v5lMLODMK7asDOSrT9R8e4pIVV63mZMQE+vPOcH4nh1fzBaJ0nadDRj28b7xs5BmzCAkKAFHisvLEianf1J0WKI5g= 

w8I9hBwYakk1Bxa6G4v5lDKTWOeK/39ZR8HksiyO64pDEV4eK4zIKw64aFVDjzXxLUuAi8T+yyGO1es8PpjM0TxAnd0e9rs/cNOo58+DAAc= 

w8I9hBwYakk1Bxa6G4v5lOYgtgG9Gm6mU80DyqCqJ4xInP5bUN0Xn73IkyekfAs68lwqK7UWirLvl97Cf3u3Dzdn7LzcnPhR7pAOUQSMymE= 

w8I9hBwYakk1Bxa6G4v5lOYgtgG9Gm6mU80DyqCqJ4xInP5bUN0Xn73IkyekfAs68lwqK7UWirLvl97Cf3u3DxbMQTFlcPWN22oQOWYiDCDhCSDCC0lt3KT35SUVKdSr 

w8I9hBwYakk1Bxa6G4v5lFq8bXhBsDyyg9ZofG8CmPuhSt10rvECyeWbm5WZoqzp6HioDTJkiwSFicvOAaXMp2NAOg57Jn1o8FdEQ+MKel4yRDo5IWeLXGjEDGmyXzikiDtoEneo3a/mfBh++Q+btw== 

0FeSIX+D6d/CCtaypuiTN3qZMxeFElP9LP0Fq/Qyb0wvwra+X5wIS8pHeklNf29pnmYWRFs3QUj9Lib7+8DB5RGBZB6iNdo9iRGL6e3aSFQ= 

0FeSIX+D6d/CCtaypuiTN2KnnSUIU3JF7g+z4ImJEG2KVjxLovQBIp/IktfdSND4yg+VHlDuM6PYrQlArb8hmPGUdbB42dfwBBDpzbX+MGY= 

0FeSIX+D6d/CCtaypuiTN8e/lk6fHaoo9XNsb8QcUDcZXXTQ/RjsWyYplvy+jGL2Ym6tKTt+3/cDyyoDiLodPu3XsoGhMUuhUP7CWd6YxXI= 

0FeSIX+D6d/CCtaypuiTN8e/lk6fHaoo9XNsb8QcUDcZXXTQ/RjsWyYplvy+jGL2Ym6tKTt+3/cDyyoDiLodPijRpZIJMHmQ3pS87HsTk4o= 

0FeSIX+D6d/CCtaypuiTN5OINaJCjUsJ0c87Mn9ND1vug+s8suaGuC6ct48nSCfq2MoeAJdRP58DkYzMvK+A3uiY4F8qIBZt7ifIbgH0hlc= 

0FeSIX+D6d/CCtaypuiTN5OINaJCjUsJ0c87Mn9ND1vug+s8suaGuC6ct48nSCfq2MoeAJdRP58DkYzMvK+A3jCcRupwALu1EPFxl7CVFaM= 

0FeSIX+D6d/CCtaypuiTN7pS9NiW/Dbgp6h4YKGf6YjuAoL4QJdSz8mr17Fs26n02xkO4jgtcMC+6R7Ytw9l/m2st6eDR3unzAhWHZUM2+F/SI5jwdp40sO5z4Q2Ultd 

0FeSIX+D6d/CCtaypuiTN0wauAedQIMLDyadu5mnkcyOkCoEVXCGBWHAbbAK2TZNCnaOuKeYnIlFFmKRtjBqzTN/eVidtW0rQc+cV9yatQHKQwv53O48XPcQ+CMZIiZ761MpaVTpNzFstOJeOrgHCw== 

j/NChr+E6PBTvZLeG9ZO8gltVGg3cNIzD5vLboZXm+wrjhBicRP/JQLciT+wWpelY6F0tIVeX3we/Uye+t+qtxZuPJVLRReB2V/x/qbjqRE= 

j/NChr+E6PBTvZLeG9ZO8m5RGJXxdIsp/qsFVH2IWDRzJV+6o3bCm6VRLxfmew9OTa0ruvRsW9/51fSEV81b+NFa+5hxwkwQIhzBJbK0RQ4= 

j/NChr+E6PBTvZLeG9ZO8m5RGJXxdIsp/qsFVH2IWDTC/GguYjFo9Xa58QG6ORUqA9PWLWr8lppI/3pAeupPnPiNsGZZGCF9mB9v7vL+3W4= 

j/NChr+E6PBTvZLeG9ZO8qe+Ci9NrPbNZgtXxSls2RxECcZs8ZXB6n9M2QbcdyRvU4rz6G8Se3PE87CYlSknLY5MyQWB2zS8FuUSw/XyVUk= 

j/NChr+E6PBTvZLeG9ZO8iYIMEh9OwpykjlCKQU6FN/X/2r833y3iSWq+Yq7RyKaWqrVzDKy0Ye0+99CciGoxj9plSyfRJA/e2AWRhsFQlg= 

j/NChr+E6PBTvZLeG9ZO8mJKPdcyhQiIAgAhG7mjiVsZPyf2uW7OHaf68Xp4wnpcPMyx9fR+e6ChoE2IR+fNM38buKS7yG4IeaU6keudHFk= 

j/NChr+E6PBTvZLeG9ZO8mJKPdcyhQiIAgAhG7mjiVsZPyf2uW7OHaf68Xp4wnpcPMyx9fR+e6ChoE2IR+fNM+lLtTZ7wnU+XO7xKsSAsdFWgRKoUHAmABMjN8yVQ8ku 

j/NChr+E6PBTvZLeG9ZO8uKgscegjzR65AsKbWioiX+u3emo/Z8eS+YoiJe3MCh817OxWCDtYU1FWWZEzChGzUzLECvjf5dyRMckMpfv5cRiE5VvkvJnBzKsufJCee+l+sbBGFmG69jWk9Ua9XFKWQ== 

pGvC9tI1BhexN1ozhteKrSywCDXvw0vvgrX7cIlDuLQrtskoWskY/KNPFNPMGuVMghxLv8NyICVdhLj7utmgr+C7dGOdxFfHe/rABtcAVgg= 

pGvC9tI1BhexN1ozhteKrfuthkM8VUuMI95k1CEeyK7VZ999cDDElrEh/LxyTpvzn3i+aIsBc8ShEvUHhi5VpkWDGiimo/wM9uCpfFo47h0= 

pGvC9tI1BhexN1ozhteKrWeuTzzCXVYe6Vt0Vkc3XX9WMujmRKar85NHTMSmAaImjVdqOIreva4et2gtfrjAKdubv2i8/QQD8Z2KBioFE+o= 

pGvC9tI1BhexN1ozhteKrezc+gKH08d4kdm0H3cYTTE5wOF4lk1vIM7v4rraDb5N6/Ct5ba6Be8KZHrdz9zSCsN7yMJTySIXL3II+bSQS3c= 

pGvC9tI1BhexN1ozhteKrVTC7F/V5iElfpiWQArfpJPqZQQaYB+eX/cVpCC4kOUU9ntlecRodixqcZhXeeOrNN/wuQ82WjNHbiAKLlI0WeM= 

pGvC9tI1BhexN1ozhteKrVTC7F/V5iElfpiWQArfpJPqZQQaYB+eX/cVpCC4kOUU9ntlecRodixqcZhXeeOrNFUDblw3zSQapgJW8qpRRio= 

pGvC9tI1BhexN1ozhteKrYksYBaWAMlT7O2vLOd9abRWEqMnrDvQLysA1P0+kRmK6DDLzWeCATxVaI5vT3UXACtXG2aU6RBSByxiqyGspe0YzyfF4OhQGSE/Jux/Y2OB 

pGvC9tI1BhexN1ozhteKrfMbXV2f41q8cisuxk2KblEQdHueKR5Nc7gueud4EloWwIi4ighbX89oap1XTeAZr5ADHsmhr7OecMM4GAAZkI6LmSd8Z8Or0A0NyiqbwWGuqZfd+99vI08N9JcrspJWFg== 

QMikmnRLD0CaQF13GZg8dbZHDAkmkqqwFlSEvxfH12LzqHwpIGqUM/OBbTDwABHKs7ufr/3QnfNiWzMjYbiyIfAj5n5WNScfmRmGhq9XA5I= 

QMikmnRLD0CaQF13GZg8dVGzJxTuY4ildbWMMyypbZRkBWLVAwNVGSVGi5T+OVk6iPvtC8jDFwDUZptqwYm2a6MtrzFZ8d/X7+4nV8jW87A= 

QMikmnRLD0CaQF13GZg8dabH+CMCwnsxJVlOaCH1K/t7mXTi77w8X+3it/VJAf1QsTZ7RJgjRaaUmZl5x7D2O3e+hP3cDvF/PZ658KSKuzA= 

QMikmnRLD0CaQF13GZg8deEHTz9N3Fuv31oIY2e9x6eajfKCWa/5HfXLAgHEE2oY7rU8JLd7Ip+0BSbsB9eIyWDVdOpMoMr+nyiHNXwYwB0= 

QMikmnRLD0CaQF13GZg8deEHTz9N3Fuv31oIY2e9x6eajfKCWa/5HfXLAgHEE2oY7rU8JLd7Ip+0BSbsB9eIyUKYzs2xPoZC9skoGcPKByg= 

QMikmnRLD0CaQF13GZg8deEHTz9N3Fuv31oIY2e9x6eajfKCWa/5HfXLAgHEE2oY7rU8JLd7Ip+0BSbsB9eIyRzqX/hoX/JBD1lzpAwTlJU= 

QMikmnRLD0CaQF13GZg8dSh18cKDuuyv3dK1S//7XLLF+DVXwUc9CanmqIDuUApOf7hEFeHZhc/00N0wAtCMRMHzLLuo3+XNxCtDISHjcoTWpndGqjedmtg6+5sr2/TG 

QMikmnRLD0CaQF13GZg8dekU5B1Xw4lEywZ7u/MkRDc9bn6yUuV1urIG/a0bFtk3oStJJWDnE7faOnKTcA9D2CdNQyAfVM1FZhaDffR+ndUt+2Dfgw7KJ00o/OZB49WMaOzDueI9fCVk1AnVoFEO9A== 

JGvCTdej30L4CbrkE9TLZ5dDnqKvWNDKdQfw3jprG7ViKKGgcAZVnBCaDV35lyPidKEbcwTyi1upFrn+ViQ41xz7MwFZCg/Lm0GWApVoeYI= 

JGvCTdej30L4CbrkE9TLZ+Yvxbhs97H2D9pRCpFPLMt6hhWVHiyARE+F7toIeGGKQ8sTv3CRiPtN8K1goMdjcrTM53Vluy92ga73juxCdT8= 

JGvCTdej30L4CbrkE9TLZ8uU3iePk6x+yZLmvqRuLlMr4UkVRFxsdZomqEBJhlblHmcgeJ9TZZKgz+oYYEshRPzuOVnNTzetysTZJFHeSDo= 

JGvCTdej30L4CbrkE9TLZyapjQmEQjIK7JMXP0lRNvDo/p09D5lfZPKit0o5er6rE7EcpJ01bQnxd1CqyfR3hP9Git9JrvSeuzhze9sEJeM= 

JGvCTdej30L4CbrkE9TLZyapjQmEQjIK7JMXP0lRNvDo/p09D5lfZPKit0o5er6rE7EcpJ01bQnxd1CqyfR3hBNPg3MvDp4NE+ER+zMrZXE= 

JGvCTdej30L4CbrkE9TLZxaCM72JvHUWvTSQ3zBlaH8/pGvPzgrxaygssOSOT0J1Hpla/ueZgBuBdKOh6Gd2RBHelpyxMiqltFEitVS2Wxg= 

JGvCTdej30L4CbrkE9TLZxaCM72JvHUWvTSQ3zBlaH8/pGvPzgrxaygssOSOT0J1Hpla/ueZgBuBdKOh6Gd2RI/gRur2pmstJJHZj+GMKtkAPkiqs3lM3P+SR0PqiSsI 

JGvCTdej30L4CbrkE9TLZ6ukOEoyDUXdZAqo0Ztof92vDrNLUy3iPTYr3vep3Zg4A8lZUSPdHP5Ge7GTQW58JiVUqvqXelxRr5h28M0VwZBNfYfPEuoTNePbArJaNFosW0kddZ6TU1+x3feFN6N1sg== 

7huM/DRl+xI+XzcvelXBiYpjsKwbrJ58tnklUJ+6D+t/sGSYVTo1u3uQ7cv7kLF1B/OAjo3lNVjqtUU8MUWStYjctXnN2U2UeGZLkPXSKG8= 

7huM/DRl+xI+XzcvelXBiTm7AgjtuXmXcUkpiptP4IkIdDUGYO5j3PGl4O+By+2MDoYZ/1CGwQo4rqBlQ35TQTWuPkQdvWKqo4Ru3/U1nB4= 

7huM/DRl+xI+XzcvelXBiRbW3YmnI7PRIeV8di+1YypY7QernJp1RWl5YKwJSiqx3/wabUZkPuDhrHIxX7OG+kzNel6fSZym5CGPy+sx3MM= 

7huM/DRl+xI+XzcvelXBiRbW3YmnI7PRIeV8di+1YypY7QernJp1RWl5YKwJSiqx3/wabUZkPuDhrHIxX7OG+lNENoMR05AgDSi+AdQOyy8= 

7huM/DRl+xI+XzcvelXBicPtLTa3ALMX4M/PJB4onT5mVLuf3U3tYrL/N7f4RUTk7E/cZsIXhBR5IoLk+DGP1d0/KWCeLpxrZTTwFEi6BHE= 

7huM/DRl+xI+XzcvelXBif5tLGw3sVR5N9NSv64xOxWgL4hD5JJdUod8hOoyTISIoba2zGNMJywSd++w6YCzhjawqKmG5CfgIZetqhs6U6A= 

7huM/DRl+xI+XzcvelXBif5tLGw3sVR5N9NSv64xOxWgL4hD5JJdUod8hOoyTISIoba2zGNMJywSd++w6YCzhirTBMgYh9edzYJ6W+WQxqHbUMkzHZTHum0bR8Vtz3gY 

7huM/DRl+xI+XzcvelXBiSi+08TsSHgXNmhCcVWEGPLy8IVVBj8eZ3CU9JquVb3x6KzCGJ608Vq6I35hwvPdq24boKPcFZ5OJSrWmBdCJnrgpHy1zLX20iF2SIJzJaJ43k+0nBmn2San5lwHZpryAA== 

FDxtYLCoz/LWlmbByt9n6QAB1h3YRD+cjerUHIAoukdyW+tE7lojPOQso7Wy/Qjr623PUVh1zbBWInvt3L703qZ6xuM7ouWlHwHstdYyv6c= 

FDxtYLCoz/LWlmbByt9n6ZhDeyfHmu6nY+Bs6EE/CDH1TbL14UUipyXa0aduk19Otg6y4vXTAVQgJdRPk069BczgzGFlO0N0RfzRoAo0WG8= 

FDxtYLCoz/LWlmbByt9n6YMRj0UGJXYFptHRfGJOTxkcKjalrUK55MlRbBHvEhnocVk7MlbCiwXYFdXuKvuavgMSGaGRrEGqkFT35pIrkW4= 

FDxtYLCoz/LWlmbByt9n6YMRj0UGJXYFptHRfGJOTxkcKjalrUK55MlRbBHvEhnocVk7MlbCiwXYFdXuKvuavl/cBzxYAhBD+jXNJk4+qgg= 

FDxtYLCoz/LWlmbByt9n6VqJJsYbdgZ0jktkXEWH065TaGW9C1NmcJbodzTqeqIhlW/qIN000Kav4DcPbo07iQq9CgycFObhfaPVC69KDJo= 

FDxtYLCoz/LWlmbByt9n6VqJJsYbdgZ0jktkXEWH065TaGW9C1NmcJbodzTqeqIhlW/qIN000Kav4DcPbo07iXqS0eImLAHt5EeEO1h5sfM= 

FDxtYLCoz/LWlmbByt9n6cJzaHufjKkm6v8D66J3WnAivm8xpRhwEye1idQLFxZF1zmpDot+RTTd3f5on2sXNP9duPd04OftxFrShS+YlcviZZXnB2mvRwIDfkWsBjou 

FDxtYLCoz/LWlmbByt9n6SrvgsFjMr0f4u+2ClZ16VEJBekl3X5f5mzglitU6YK9/bMBkTZbbjtBYjt8jv431Q45e44xbA171wHlcra1vjOHUa3wMEjLMfw4kvdF2tI5DGzIptLprVWIAWl9NmJ/kQ== 

o0qNEdt2hzm5msdDLb340f0HvI/T15FHEvzbGYBfYSFFp/ADUlqySTWpl8AiiDBPInn8iCi4AYkuuK5sVwBn8W2++RzGA+VLWRzTLIAYh/w= 

o0qNEdt2hzm5msdDLb340RtyLAUVTd8GXwhIwrAWjy7v5MRdwk2Ruk94Cpw5RYI0HzEGzS2b3mE1a5eBKYGnKES0hEOgz7hn+Z7Z2npQb7w= 

o0qNEdt2hzm5msdDLb340aTQtPCIR1JxVHxxP0ig7HdWykRqcI13wCUctGxXVbC6zliRu+x2l7L4Lb0j63Nk3uxdPAg4/bYoa/XGIYHNfho= 

o0qNEdt2hzm5msdDLb340aTQtPCIR1JxVHxxP0ig7HdWykRqcI13wCUctGxXVbC6zliRu+x2l7L4Lb0j63Nk3gzQRGcmLl5D1RFHfCKg9PY= 

o0qNEdt2hzm5msdDLb340Tn49zewSAaFjI08AlgQjykCHqeKD5pyi2ishKIDa1l60Wuh+u9nUculz5zCRgrUB4Wbq2I2HHF3RzQEI8Z0FHo= 

o0qNEdt2hzm5msdDLb340Tn49zewSAaFjI08AlgQjykCHqeKD5pyi2ishKIDa1l60Wuh+u9nUculz5zCRgrUB77Zpo1cHr9AQIATURJgvT8= 

o0qNEdt2hzm5msdDLb340f3iWemGRwOKbjvWjdyniRNq1a44Aex5/vtdazpxACquZOY3XLi+cxO0L0OPJJNRw9a3huHoAvxmcLHti7mx8AnF1CscW3X723768vPOc/fh 

o0qNEdt2hzm5msdDLb340d1W/45fudzdWhVlVMhzYgQQZjlCTQkHEkrUJiqViXfZMqaVsMN+sGsMpHu41eh9J4+AvVpcQYdASzcnKybfytGUo/e9tx23sdAkxL2g8DGQbSgOHJjtIw4rHkt1E7CDdw== 

nd9v1CsCKBuIwXANYlWfdTQ5w9lUXee20Ky3UIlGGhl6pgGiMaLX2GAjAcIpZBW6KEmSgF+8Jx6XbF3tWkp1idaoc7VzM6txLIcJJyftRH4= 

nd9v1CsCKBuIwXANYlWfdTHbnE4pXGs/hUaMpzpDQxuFwZtxmA3DvGsqoqo6v0cRpqL/4MOfbXsLtXmjQzrG0iydJ3Nhvd5G0dsB55bUS+g= 

nd9v1CsCKBuIwXANYlWfdatvqSGdu0B7Gy6Mq7ldvrIF+yvyqDLxKJRsI08FQ8IlejvIiYio6makrnOxlAMPtEXhHY8itKGJJU5fimvXwHo= 

nd9v1CsCKBuIwXANYlWfdb/zzX29Yson3JSWLBRJdRtdp1NG5oENPfutw1QFeCO25U+lJrqnltxA7gT9gQ55UrEetyUT0ZNuhv+1ers1tFs= 

nd9v1CsCKBuIwXANYlWfdb/zzX29Yson3JSWLBRJdRtdp1NG5oENPfutw1QFeCO25U+lJrqnltxA7gT9gQ55UsMOEDoM34ye0NcR3QbkfgY= 

nd9v1CsCKBuIwXANYlWfdQs5+/ccf5OYrRMO6rfIIgeNM3nGUM9W0byPNfW0sN8DWcz8RlTmNjBmXfOnqdL/f0GbgeAsonJtGXmJGShzmaI= 

nd9v1CsCKBuIwXANYlWfdcnUrc1TbQI3bmpZEqTlKtCSrG6ct8bAOEAmz3YE725MDVYsnA6ftFlA1lsH3iD8FxCH7dNRbIN0u5sp7i5ieeC4OaX90xoGkGWupYtamaP5 

nd9v1CsCKBuIwXANYlWfdZSc2IzdLt625C4Bw6y8oZz0vusaQp2+9Sm5/GeCPOO1P3IWi+pCOej/43SGDnd01ZRZzxnyqb5Xw1ccTUx8pAXKB+IqQKsPD+0OLGoCa0dsJJuehh9mGeQupQTEPlV+7A== 

Tdlr7KChqMh8UsyftIuxDdWww7lOrI27q5oCJFnnFGp88nPyiWY/g3tAVOw/omF51SawwSJktuCkrchspDCZOfKyeN0WREmPFX1i7fN/KzM= 

Tdlr7KChqMh8UsyftIuxDdHSvjI/hnjQ/J/ZBab87XW0eDpFqEFmxeVVx9tS3cc55HnZTYaXYQjx5iJXwnTazhu+3cvkbCqICCzEDpg3ts4= 

Tdlr7KChqMh8UsyftIuxDdHKb8/MoBV4IuR47VTl1tGgz+QwcNitWLDg7E7Bbbe99AzZugGKWPdZpZuaGX6EZg+LPcBfr8DVUy2Ka4v1Hd8= 

Tdlr7KChqMh8UsyftIuxDdHKb8/MoBV4IuR47VTl1tGgz+QwcNitWLDg7E7Bbbe99AzZugGKWPdZpZuaGX6EZjJwjkMr2AKjzMjeNkzblys= 

Tdlr7KChqMh8UsyftIuxDUCl0XK+SLW5yIxpxdSTBKtFeuOsDhFSfl3nWa/Nv7bKMJhW1kYA01Z8SgzNBzJHtmSUbkMXVWZK0dS48h08MvU= 

Tdlr7KChqMh8UsyftIuxDUCl0XK+SLW5yIxpxdSTBKtFeuOsDhFSfl3nWa/Nv7bKMJhW1kYA01Z8SgzNBzJHtqHzMG8RKd4bSCyDx25I6zg= 

Tdlr7KChqMh8UsyftIuxDaNvVaY63asdn52B7R3pC3oYnnWIY7VD06PvoIElGEPsq9r4WjxljEPuH5ILI/RTO+nTwJH7ilXZrE0sSGZ1blDm5Y+KqTkvlpWeLd91j6pg 

Tdlr7KChqMh8UsyftIuxDaNvVaY63asdn52B7R3pC3qtlkjBswhBeS4bZoVCDLZE4Q3nBiD9b1GNAYhYyGw7AUCVjWtFon+gJ8KDze/RWKJ1k9wpFatTo7U5DTlwI79iKEPGaNIdzmvmHF4BsU0kRw== 

PyaK3NsMVaYtGsa7gPiKx6HY6NLL7MNrDR/yn/ZTZloEDVah+L4Rq4eSEx+9UGEJFBa9gl7Qmj61draC9PmyFVcwzyRonBwdfVuQZ4lobX4= 

PyaK3NsMVaYtGsa7gPiKxxqPlXGcO3GByBr9y9tBGVIXWJANRQ5wf1MPju7hmx45KjL9xa5fZcQ+lvdPZ+WkPdhYCeWt3OniM8rZ5zsWr1E= 

PyaK3NsMVaYtGsa7gPiKx+lqhD7vViyRBWB97TwwLlfmVU1cXGy73Nw3phdrE3BuaFhk5zY8w6ov540WuogIweR5qgUGmaho3dejIlJML60= 

PyaK3NsMVaYtGsa7gPiKx+lqhD7vViyRBWB97TwwLlfmVU1cXGy73Nw3phdrE3BuaFhk5zY8w6ov540WuogIwYyG2t1/K6tFGEk0N+djoc4= 

PyaK3NsMVaYtGsa7gPiKx1SX8wRgtF8ucSDjbfz3B2kgPXs6j10LiSw43kJoXTToTZ68h/YO/bWIIwWVPRKmeY3OShxgXLQRLf1EDY5Eyr0= 

PyaK3NsMVaYtGsa7gPiKx1SX8wRgtF8ucSDjbfz3B2kgPXs6j10LiSw43kJoXTToTZ68h/YO/bWIIwWVPRKmeYR6Ec1RhRvJs2uc8TFpQfc= 

PyaK3NsMVaYtGsa7gPiKxwsC29B0jOuSQciJmt2voO9Vvlfn6laA23fHp2gWfJGqPTki40SVVbpf3+IfXUs7vbnPNqmwot4KTMMiSCiOvqoAVKHgNfs30UrVZaDJcn8l 

PyaK3NsMVaYtGsa7gPiKx6DrYFdODTrcTiczUrvgSZ+B0h7iJM6P59SS6fqnNRN7/ZMSxnFTeOH8sERxfIFhoWq1RownfCijhJkrWyKb7GPEec7XbgpLEEbgxwvXVMqAM1Z/A38qBVaIkHA6eB8y5A== 

eUekQwfnwk7YQonXG0nQW3iujt9wbS9dO8KwEuNDzXhrYVSF5hv4jZZIHm9ysmW34s1xzjLnT6Gkk4rueGmlkUJWVVsXppzygzs4Rb66QxA= 

eUekQwfnwk7YQonXG0nQW2dSP3A6dOijy+1xf53qLSPJukZw7n7v1yuKs0PF37a3XERJ0uOLE6PtGbcELzB6msRsXFKPefPgxGKvDLMfn8I= 

eUekQwfnwk7YQonXG0nQW2+vJ2s4hvYPvfAiJ9neG5h4BfBkDbEiZwXvDMetynISdVBqquhaP284qtlnwY+xTN0AbWQoLCYyV+CV+5m8SsY= 

eUekQwfnwk7YQonXG0nQW4uCynoCeFice+R8XIeKn6BoBr3dGU6CaKi9zJBFWAYDULE9wg4XTeSJbpNZyteaMIknetymaw+4s27gKA3YyaU= 

eUekQwfnwk7YQonXG0nQW4uCynoCeFice+R8XIeKn6BoBr3dGU6CaKi9zJBFWAYDULE9wg4XTeSJbpNZyteaMO7GpIboqD+0GnFX3ye4hqc= 

eUekQwfnwk7YQonXG0nQW+MMpphrg/a+FUrIOgjodH6KYqyDlrpk4aALRAWBLrs0V3EPdpqAI75Mo1xKbLBXoRMVQAYt51zh6eh8+YB5v+4= 

eUekQwfnwk7YQonXG0nQW+MMpphrg/a+FUrIOgjodH6KYqyDlrpk4aALRAWBLrs0V3EPdpqAI75Mo1xKbLBXoYK6umKkjFFvuazHORCxprequ5Ujk9xmwANrLIcl9VmL 

eUekQwfnwk7YQonXG0nQW2tmFlQ70/Fe6y0YUhx8gP2L68YXBT0BjQpvhYdEG8foq+rXC6feKDZQSZ6ewFb0zqWMtAjaLxb0JT5/DAPdzQy5NaU/123K2e/P8XXL+bL1KuLnKHIE8m2+WcUgVTViHw== 

3qN6WvAt6knJHjNRCGdHWFQ7Kb2Aj9K+VV83uqUrUjPaSviPKhwsgbN3IZCKWAebAL1dbZh9bs8P+R1CRIsyMhzrVO4vmSH695hPXn9HkCk= 

3qN6WvAt6knJHjNRCGdHWDso6LRhAPy7yWe5lhb+YX/8rGgcdROqk+7cbphqg+zTgX9+bdfhKypqFsDv88oADtTY1Eegwp48qpdKmjY2KU8= 

3qN6WvAt6knJHjNRCGdHWBpygLxMctQshKcJapIUDhpXxj4rTgBilcUT/QuLO8jcXWmnkiBMfkzGCrY17ufWu7/2PFLJzg/r8Fbnkiq0nF0= 

3qN6WvAt6knJHjNRCGdHWBpygLxMctQshKcJapIUDhpXxj4rTgBilcUT/QuLO8jcXWmnkiBMfkzGCrY17ufWuwju5ZvsvOnpaNqR4L/njsk= 

3qN6WvAt6knJHjNRCGdHWHTZM6URWvk3H44TFUv8XvbqJpj9VAMhgH/9GX9C0v+JWyu5qxktep3CsKcj11+U1qgA+ak3vod1dg8dTjc753Y= 

3qN6WvAt6knJHjNRCGdHWHTZM6URWvk3H44TFUv8XvbqJpj9VAMhgH/9GX9C0v+JWyu5qxktep3CsKcj11+U1oVroXV9MEGMqF0iwRc9qfA= 

3qN6WvAt6knJHjNRCGdHWN6sf7g0rSqI7824NrxH5z82gPLwLyeke81PlnKTRUBv5mJ08zYJ+uK/TTFyyKIRHEJ3dPrWml/OtCQcyKq4EV1E4HUhDb2cffu4G3s8OC35 

3qN6WvAt6knJHjNRCGdHWLZ8A6AEMnOOztWB8/hO8jgcKyHdYXyAXOEaSIL4QCc2YOpROfY+RI29CTuVOPr6wrWXlc1s+gwROJ0xz+8NJsO92wWb0z43ja0nTPl6p7X5QyaSmbxYzavON8ZPqMSASg== 

5YKo/auOOEXX2vwW+8oGcchwE5qLGtkLJCfhBi1QPE6g2lt8ZGg+g8cMq6PrZItQQcP1nmQrYHgDqA8g3eEZFSgXI6VdCEMAohuyHdcF1eQ= 

5YKo/auOOEXX2vwW+8oGcVJ5Owy2Or2U9D0bHclXNOfB9OVfxYFfTPdkiQ8Zc6ZMluAQgPv8qWQfx8dbmvMoG8TQX51XTttNzhOZPZnli+I= 

5YKo/auOOEXX2vwW+8oGcbUrpITZ31IcTNTLMRvm3qO0Y33p9FNXuKPEB6XJSu/R+f4JvbBsyZ81EO91yJ9Om7X8uEXj/xUkS+FxXUsT0P8= 

5YKo/auOOEXX2vwW+8oGcVPSovYsJsEMgFIu+nQaaNrL5x6lZ5odwSJiZxMpDMSmYRiH0e5+K98Tf/QjLsMtpykcqBEaShbJlQK7nwZhh3k= 

5YKo/auOOEXX2vwW+8oGcVPSovYsJsEMgFIu+nQaaNrL5x6lZ5odwSJiZxMpDMSmYRiH0e5+K98Tf/QjLsMtp9VsxViGQDG2DHnXk5bVYVc= 

5YKo/auOOEXX2vwW+8oGccp0Au011hsizmXv5IKVDRGOb+pAEB6pZzeHY9KWOn9Umg34hJd8rrLGOFVm1koTUkLBi0l00FzrohOdFfKTNiM= 

5YKo/auOOEXX2vwW+8oGcWfovP4bZSquKyA1mA2x65nsa7xvm8XXzqFWa7DvYgDXbNikYiFvWw4uGB80FfjWIoQ3dFD0QwpT6QbCRqGLkB4wj16hjwqQtz31TdyKxW9B 

5YKo/auOOEXX2vwW+8oGcR1Q86YGqiotg68RkGbPIrhYxnqW/Ip+0NFlEXCBti3Q2rD8hlvZz6zIZfi4ZNm0Li/w01gDl6MUBBC0o0gMKTLClrN+W7QVqltBv4pDQwn7ZyxCfSBjsUnu76SjydpHWA== 

VpZBc+6TyQ3OmTdTjqu4uGGxT0LnY3qO/x9c2OYApI8hj54xxuNciJyaVMJO4KBgEWTvV8CWfoQtLI3PxlU4rXBO6Lf/6qkwgjo98/6aGh8= 

VpZBc+6TyQ3OmTdTjqu4uI+jT+Cjry3/4N3JliJbJ8ip62UtA18f497pnKBFRMP9qCKjWCq63U7w8xydslychHAdUdWWzbhrRTRk9wpAn10= 

VpZBc+6TyQ3OmTdTjqu4uDK8wFrKiKIk1RieEOqnhzGpqDKx+IfnQDLX+KTdOSoKOl5DmfBx50Kfunoydn5KV9ZdxoFEo2qddzVvTSqAjxk= 

VpZBc+6TyQ3OmTdTjqu4uFres+Bv/b2fN8JiVvuyf2ckSMPphx9YHfqoRNO0a2cRDhGXXo/z3bDEyaHWZMOMCp30aS/RMoFc1u1yEb0QrSg= 

VpZBc+6TyQ3OmTdTjqu4uFres+Bv/b2fN8JiVvuyf2ckSMPphx9YHfqoRNO0a2cRDhGXXo/z3bDEyaHWZMOMCqSsOkVMR+nr0DCyS3QNl/Y= 

VpZBc+6TyQ3OmTdTjqu4uFres+Bv/b2fN8JiVvuyf2ckSMPphx9YHfqoRNO0a2cRDhGXXo/z3bDEyaHWZMOMCoyif9W+Wz7HYhOLBS9Soq0= 

VpZBc+6TyQ3OmTdTjqu4uJFV3zbSlru+CAlEifPYUGA6kXcvJHEAyYtYwXs4eEW1cVxJ75Z421wkmFM8TBhwEv0UsBTNYTUKVr+AV0vdZN3wYbhCQCA4CYEr5QMKGuZz 

VpZBc+6TyQ3OmTdTjqu4uJ5UpArUphkt6YkCQFh/PI9ERChURzMlEKmG3cKiojegLOyBrnnWm9F3298HZ+Zzl0QCeaEUifjvgOu67jIGJ2HUAlCTsSOGzIgY3Xf2bmqCoNl5XQSCP7VcyqwJKoi1dg== 

j+FBg/n1QzE/UT7j+SXpIsEordvF+nWQ0DG9MO3ehUBXkafqEBpiLqzKhl/iM8Gp4BaC3n1vL/H34IgwWfYeNjLpMF88iRYeDuFYK9GPriI= 

j+FBg/n1QzE/UT7j+SXpInU0HIAWj0XzfipcTxNblkStSyKkCNHDAGBw1CQ6I9mCYkiEvZRsDjOqTyz3UP6mo0qKKl21NfA4diZtbMPypZw= 

j+FBg/n1QzE/UT7j+SXpIq5BI11juL+GJRd5Ok6AXf22dUTWKmBK/Zo8w0Nnjdm0Ph/ClDBHUxNDi2aEnIURUf3zJInbRBw6zj5mf+hY7eg= 

j+FBg/n1QzE/UT7j+SXpIq5BI11juL+GJRd5Ok6AXf22dUTWKmBK/Zo8w0Nnjdm0Ph/ClDBHUxNDi2aEnIURUaNlPJVDr4HceMvwqw8vPvA= 

j+FBg/n1QzE/UT7j+SXpIgu7feh1lnb0XYBRTF0YTlJNnr7HDpB/x+3/IigvXhyuG54HqBpTu3Cezigj6dVC5664RQ0rRSYFzkD0cz/CCwQ= 

j+FBg/n1QzE/UT7j+SXpIgu7feh1lnb0XYBRTF0YTlJNnr7HDpB/x+3/IigvXhyuG54HqBpTu3Cezigj6dVC5xO4vWKvrDzLXL9iKY4r+7k= 

j+FBg/n1QzE/UT7j+SXpIjVCr+zCITYufdUc1IW5Aa/xjL3dYsAKwBF/1uhu98WjEUMgDacqeTKNF8j42WsTrd5NUovcCcpIquSGmdcgF62MDjqr/3TzKlQxC7VswGjo 

j+FBg/n1QzE/UT7j+SXpIk/MBjzf21stD5DNkGwUtd9elGP7FanwVrfLrX2AcC484qxppxMe7q93UccS54xiJRbZd34UOPQYN/VsdW5Nl4iNPZLX9pRwOJtHfQabvAHRHa8pokzhDRDorp05yPzmnw== 

5GClgOsuRBr+UgE1OAbUqLASXWh5ZbdAZ3BseUjNulXm3sQsxPT0Y4v4yN85QpbVp1s0IzSSscqHNhRVQ0bW/sWZIlq97Dpvnkr9PkuGkdA= 

5GClgOsuRBr+UgE1OAbUqK7AICCrbcPqicqhDKim8etaGDQ9VECeqi4otk8cChZNWlGHETsm6D8NrGe6rgAl3kKdueIgmc4dYnZ9htbX7XI= 

5GClgOsuRBr+UgE1OAbUqPnl6x9X10Zzh1TD7KOSysVFvwu3TytuCFygJqw1xWlN6XInF/Ff59YLaNxKkxriteMwKkOJq8ScmyetvLo3j1M= 

5GClgOsuRBr+UgE1OAbUqGzmA2u+R/z63Hx0DQ43gF1E6fkYC35tq3alGkv4Lj7jV9huBcHtIeuh3NksDt33yz18gywPO+FBobMynj0CmOk= 

5GClgOsuRBr+UgE1OAbUqGPL1RY1ygPTgQDnPsUMMw65olxZa5PmLIeIZqfdvyodGd7wTdrdGLhKq1XFcxqJGz3nNgGJRdgsXWZvH1LTsbU= 

5GClgOsuRBr+UgE1OAbUqGPL1RY1ygPTgQDnPsUMMw65olxZa5PmLIeIZqfdvyodGd7wTdrdGLhKq1XFcxqJG1W/75rS11BpaQa9nENpLWg= 

5GClgOsuRBr+UgE1OAbUqGyYD1EH7wazpkdLyghIbf8G04/Mpn7GUIUyUHCvpnuNY/VoKU53D+Ip+sIKECyrsJxlzWEH9C4Crkjd/7Rf6o8Pqi6VxkQAbyfx8a1T1REp 

5GClgOsuRBr+UgE1OAbUqH6ADDeS46owVwfEdFZ+20QmhGT1ayJovouc6Tr3Sj3+12jAqShNnepLEtZdCbJQMA2R4GP9F+3ZRYhXtJeTgDt5Hu0y0vSShZC4y8dzuFazOl1eOYQcYIAQ+dpZMQZYIw== 

hT/lG91Do4bKGlUcNhZ63+EuUJRZtC1IWzFsWbn8ucwBkxkymYjfaVT5kLYU8BfxHk+AYfbGLQ1eCc8HJQetdryP5lYOPyudgRnifF8yj2I= 

hT/lG91Do4bKGlUcNhZ631me/1s1VXgNYI3VTW7vROUCMAYzZNSq/lyLjklbYQQPPXRRKUPpv9A10uo/D11yUa+ZVZ7dobzhOKop5y82cfE= 

hT/lG91Do4bKGlUcNhZ636nJEDfHB4fRWae0sshZTTtge3bVfUQqbblKGZhjCe5gQ3Xmik8dHhI4vmqt8jPfNLefhdqVvZZNG6o0NcKpLvk= 

hT/lG91Do4bKGlUcNhZ636nJEDfHB4fRWae0sshZTTtge3bVfUQqbblKGZhjCe5gQ3Xmik8dHhI4vmqt8jPfNLac79/eVh1tns5b0R5Dc7Q= 

hT/lG91Do4bKGlUcNhZ633EiF2A7tENLZ9xzrsKFM1Px1lScnV2VsPsNorBTIqwBI5urWvfxJ8gtsb0ixtOMHq6xcyjj7ody1Qh8Vh/uUe0= 

hT/lG91Do4bKGlUcNhZ633EiF2A7tENLZ9xzrsKFM1Px1lScnV2VsPsNorBTIqwBI5urWvfxJ8gtsb0ixtOMHoRX7tiv2rpYFGJ3/jKGa18= 

hT/lG91Do4bKGlUcNhZ630xT01J8Ma6TAHYdCLQDFtoh2XcjoVPPWOs4vxuZ2SLIzbvQPFts7CRcbFkneIMH2SdAyFOkbP0CPaAtLM70A2fHHa3Ju5rQit58VongGLb8 

hT/lG91Do4bKGlUcNhZ63+lvG3jmmIG0AtJcB5LHgaA7EDWOyj8Nf+onez9fkCkb3NgVRk06Ebk/a3yiGL+RNOGI/8AD7X4WgHF25RQEhbnmdjRJdurUPokykURJUamzT4YPuU6dFHCvQtHbKp6LUQ== 

H3f0gtrqa0IRsWZSEHDhC4xZ6z0+b9meNO6aZsA67284BV7K4F7IQIF8GN33NeEuPQ5KUFleNxqYU1boevThaVtU9z+lL3kK4lsXUUubjLs= 

H3f0gtrqa0IRsWZSEHDhC+9CrGKYatbw1xHLUl/bgdJUdX/MimkDAjZAbCtKOhn199gCwD62Tl1aXSALVOQ9aaEr1OD2YBg9qKEyf3j5wK4= 

H3f0gtrqa0IRsWZSEHDhC+9CrGKYatbw1xHLUl/bgdKVVhlz5qvDxDUejEfvKW9q6mylaxGMllgNraTTyiDEXBVabptTLGqQCIIiGhGSNF8= 

H3f0gtrqa0IRsWZSEHDhC1+8OVSsgffoiMoR/RNO7hRb0xmm+oNeXVpnV4m6tAWi5XtTZc7mlWT/ZEK/c30pkI6+K3LO4ILKbsguXROH0rY= 

H3f0gtrqa0IRsWZSEHDhC3dwn+OQof4PafSJHLcDM8Fz1BWZZTHlRl/xXl4cEOyGezu43HCynV3BKSQvIvMflq/Csbpjorvo8kw7jMj83Jg= 

H3f0gtrqa0IRsWZSEHDhC3dwn+OQof4PafSJHLcDM8Fz1BWZZTHlRl/xXl4cEOyGezu43HCynV3BKSQvIvMflvEd5SuNyQl0vMhOka1Veqc= 

H3f0gtrqa0IRsWZSEHDhCz4Fhq0EYFy5PAHr8zorsloV4eZz5cKyVLYE7gF5c6tpef0LgjUJubaxWoikybhx2wdA9CuVH1qbkz3WdzjK8DrwIPlhE3W35dB7p9A+XdbE 

H3f0gtrqa0IRsWZSEHDhCy5jQ7R8E9fqjjekpyAH1F5mJzWce0Y1QzV/JnHm70mAox+kEM+82RI2spSF3K7TFb5TL3lI24p/Aj2zftvquMEqu5GDajkIwVxgCo1OIpZU3Yzeleunr5EyH9dIJJ0i2A== 

mnujKIcFxXx+uuZUR2f5OYPKBCLjko1VkkqZzKLNVUIC9dXSnLJDczWKEw2sI5Vm+ZBE9Is/SfQ8YUswJCGpw9LGNwVKTmWd7Wt11bXzrEs= 

mnujKIcFxXx+uuZUR2f5OcGLEPQWZKnJ2GS9u2gBZcUh1XyqEZK5SRrIDZ3yhNtLh7Bm3JmEPApHnpg7nnICtopRQ/JujZJXzv92aAY1CHA= 

mnujKIcFxXx+uuZUR2f5OVsy0BQR4x1zFGUs0PC4bBnZ/wa+zblr4wiSHzRnxcE8YKKsc+mI1JMqwYESXKVE68X0BFU4G9JRWxWkNC4VAbM= 

mnujKIcFxXx+uuZUR2f5OVsy0BQR4x1zFGUs0PC4bBnZ/wa+zblr4wiSHzRnxcE8YKKsc+mI1JMqwYESXKVE68WA+wyUoJrjvzJ8pnODuEc= 

mnujKIcFxXx+uuZUR2f5OYV+cBc6F/G53Jp+5q43NUwxVt9uqn/2Xa0kV3Kdnpd5Zd5pUc3LEvYhhWweeuBkqjOQbJmA+ryNCc6fifL0Ao4= 

mnujKIcFxXx+uuZUR2f5OYV+cBc6F/G53Jp+5q43NUwxVt9uqn/2Xa0kV3Kdnpd5Zd5pUc3LEvYhhWweeuBkqpNRle/UmXwGtbJBZpm3cRI= 

mnujKIcFxXx+uuZUR2f5OaFU7eB7igZnN9dID1aYpcTbIvOakmtYiHZWY6maOC6zTnqg14s1c/J6SByUFUSHIptCw1XJBgLOrNZmspLDxv6Ho1n0sOjV7LV/H7EfsfdZ 

mnujKIcFxXx+uuZUR2f5OfrRv5Db7Nd1PF5WwdVEVh5fhmePxukYQwvQp19doFDQd2mZhp3kNQEKtVd0mswcVM5wQ2RsHokxy+h5n0CgD/nRDjNaCPYX2DemuVuDj7gsGvy3Bvz/ST/KrS7oIJK8fw== 

ZAq1nRRU1Hd6ZXGLjMve/UzxsuxIpfU3LNvi/z1t+PPO1y1G4vnHm+IBnQ3NaipDRvOINORb6fRwQVwD4P1vstcQoEcJEagPGYmARLp2wJ8= 

ZAq1nRRU1Hd6ZXGLjMve/ZwgucmJywxBGj1jTdzC1qriDx79VKt67xMbenF68Imj+GkP1QtJH6SXDY1CHrpncUnoYYoaPo/sdujjGxA8e+Q= 

ZAq1nRRU1Hd6ZXGLjMve/QUs22B+21XmYjvceZvsqBADx/fxs3jljKSw13xTJJqQFmNtd9cTVIpb19QyMCqbc6tua4vrUYmTVCe3/mZdzHY= 

ZAq1nRRU1Hd6ZXGLjMve/Ubz47dWQy4MROA2THPliGkfo1qhXLIbDyLobuuHYvP0+GxX67lhZubXBvSYQuEpH+tUqIbKy83+R7bSBx2pVwI= 

ZAq1nRRU1Hd6ZXGLjMve/ZafYO+gWvsu9TtBhzHt+wZtGLJbWAelvzjWdRXYAIi/CKzSOAaws3u1T9Tvlzv4nQRYMrThPCLtWd0KtmM44uI= 

ZAq1nRRU1Hd6ZXGLjMve/ZafYO+gWvsu9TtBhzHt+wZtGLJbWAelvzjWdRXYAIi/CKzSOAaws3u1T9Tvlzv4nf/IgQSTgmvCI+3Gsc/+piQ= 

ZAq1nRRU1Hd6ZXGLjMve/VvGOhVU4NvS/fCXamIxXPaqllJasX5gT0qO6d8gkiYe1kaSMVYGd4Pllkw5pYw2n6MwHa17FAtu4EDuBCSlIq/wHYDOu382fvhSrvTExDeS 

ZAq1nRRU1Hd6ZXGLjMve/bvyKlC/V4GJ/Tv1h5l2CM5PiT7IYNLdFaEJ9olJsQv5sfQOgYla6NLnb/ft14Ss6ktU38HZoRkP1wy+k5pYeeKdcdfuyGapDnhbpvl+Bb2BjtUV/K3Vm7Psuv2VdGXkCQ== 

ECeezOatoOp9QtP8dkctsBJuY5BNGXunO8ydugJmA8ChcpNDHjWxxVeOP74yY1WgTvN6HBuV8prMvnOV9mlTRbtlVcvww+ck2V3PABdDIRU= 

ECeezOatoOp9QtP8dkctsHn49iRooHL1yKyD3W8iG7MTtsrSjsHDd7jH/lM3J/ukOzTKftXlNjSiDMP2eJd6FvslPEYuIKMo9W6ltPwSpUk= 

ECeezOatoOp9QtP8dkctsPB9xSO4XbmLu7kM/Oy1xplYQxm6d1ZHzAfDJa1wdy1wyvJixBJssEWn5Z6E9bcFFa4pJoxlOhA9Fa5mTTEzHbU= 

ECeezOatoOp9QtP8dkctsPB9xSO4XbmLu7kM/Oy1xplYQxm6d1ZHzAfDJa1wdy1wyvJixBJssEWn5Z6E9bcFFYXryrgvqzXXDdnCK/vNm9k= 

ECeezOatoOp9QtP8dkctsMGs4Ol+vewEG93c0BBylj18WKP4xH2vXgX3Vdu5Rd7Ng7EaBLxJ4gBZdmCluiTmw2bSuu1s9herdfOfcPt+to4= 

ECeezOatoOp9QtP8dkctsMGs4Ol+vewEG93c0BBylj18WKP4xH2vXgX3Vdu5Rd7Ng7EaBLxJ4gBZdmCluiTmwyl2mffvvlcHsBw+1PKCOTc= 

ECeezOatoOp9QtP8dkctsMGs4Ol+vewEG93c0BBylj18WKP4xH2vXgX3Vdu5Rd7Ng7EaBLxJ4gBZdmCluiTmw2IHZxrISKLIZPhB9ViyM3f6TuNwKSoqaakW+dVJbxbI 

ECeezOatoOp9QtP8dkctsDptEndtle4oRAry7B8V8FtzP3aFXP3IJI2knX6d96LuaZZ8mt/8Z+tSw10XZhdTuc3XwBThHrsU5NaCE8JZmWm5/YQwumDvKcJt9oXBmZDrYHqdocE9mZSnsGy/ofXsmg== 

Vw64gC2F4V7rnxarxpzSzGJIY5MApPMgNs0GQrKfIpT4I840xwkmgf6CoqbPQBGe2ZRYj7HF7UKji+tWqLD4EbD+TwJO0qEx8tPv3oWJbFs= 

Vw64gC2F4V7rnxarxpzSzA2XwN5IHKwSM0B08VlPyuxQArKVYZ6DBwrTW86fZPwC8fTGykLn0bVY3sgPEAVa5vjVbK/2EgEHSqk9spiGbfI= 

Vw64gC2F4V7rnxarxpzSzMTJksW5YkyoK16UJ9n1LJf7Sov8jz/2Qacgonq0fJUL1BfXiih4UYVahaXMzQv9wsAEV6wp690AVKSc7C7R6n0= 

Vw64gC2F4V7rnxarxpzSzEJFxthoy63k/AeVmOUSw07JbJ/AIhzaas+WXnmU17ILjMkXezLSJ+JCu14uHWGPeGHG5+DFLF2L49dgmiQ7vYw= 

Vw64gC2F4V7rnxarxpzSzEJFxthoy63k/AeVmOUSw07JbJ/AIhzaas+WXnmU17ILjMkXezLSJ+JCu14uHWGPeBt6mlgu1sfAvgKNlcs+wkY= 

Vw64gC2F4V7rnxarxpzSzEJFxthoy63k/AeVmOUSw07JbJ/AIhzaas+WXnmU17ILjMkXezLSJ+JCu14uHWGPeHdytLYVvbv7iHidR0a4Diw= 

Vw64gC2F4V7rnxarxpzSzOvhidccnvN915dm8UrFShbPCLf9Zfo/gl/Yc7H7rqsHD6EWBK1VN0GIRuVR2P79AWxkFyS7Uzt6F873ylud970SAx6bjzq6mW2xz0lDpLeR 

Vw64gC2F4V7rnxarxpzSzBY1ob07+ZXHrxXDdbz8mnhLlIAUFo9EntygHfzRRh9C5o2lb/d/WSeTfD2hCxhuh5j9MtCDDKnby2Vi5Ry4YOgYFqwGU/RNcB7BMA9vyXbhua9eTwfpY4LIP4pN7zL5xA== 

SVtbtq1Iqa+/Ymy+u7Zj9bpgXGDMtNdrYDxOYt/q+o+ChES2//ZsI7ZC6sLrP3Bzx7E7OeFdQDz05W8XFJR5XnJEzrlEOnCgmxM0TCW0c2U= 

SVtbtq1Iqa+/Ymy+u7Zj9Tkl/N05T0qL+v9wUGbnvqCSBHz9+tutYoevIFVrxDJ4uhim0Xkz6pnyniXtFRbdjteORNALP+QB4AzwE5eM09Q= 

SVtbtq1Iqa+/Ymy+u7Zj9eTmzxi5apsQYUrebaRKVMSHm1YqgSbeTNEocL8La1UnR6J3Et/g3K6tsHfcGQZxPFJmdQFGN0Cio2zyoabliuQ= 

SVtbtq1Iqa+/Ymy+u7Zj9eTmzxi5apsQYUrebaRKVMSHm1YqgSbeTNEocL8La1UnR6J3Et/g3K6tsHfcGQZxPDK9Hnl94hDthiIlKlh6amE= 

SVtbtq1Iqa+/Ymy+u7Zj9SI+d5UuM2HMVec8y98NR1O65TZArPvSgwDfvLt1BGOlJpx9oAXVv1Gpv8uZnSMZbBldVCs+qDZ7H9IyTXfvPno= 

SVtbtq1Iqa+/Ymy+u7Zj9SI+d5UuM2HMVec8y98NR1O65TZArPvSgwDfvLt1BGOlJpx9oAXVv1Gpv8uZnSMZbNoaqvH4NNVHqwfbeCPLnng= 

SVtbtq1Iqa+/Ymy+u7Zj9fnQaVNfTL+zDZnPB3dx8movmlgH+Rg/kWq7FDZpjyOJWxyIaaJ+qLHhE78PPF+yECZPd8zLJHWQJNiJC6dU7EGjmDXrm2WbP8eFe9bBPVzF 

SVtbtq1Iqa+/Ymy+u7Zj9fnQaVNfTL+zDZnPB3dx8mqo1eTezjJOpJr3ngquTeVE0JSa/kNf3P+/T2uooO45Ddcptc0Icuj9pBuJHHqhl0ENUGtAfpH5KzoWfnXGciWReqkqhw/AcoTNWU5v7KIuVA== 

p7o5lzuJZgVN0f21mnMqdhPqP4cMoRVcSxG1QUbAJtEkTzYZzvKlwI1wzUu5fQg3LamR9KOIvpe/lbR97pU1CG29Ws2dAcfDMzWvPzbpa1U= 

p7o5lzuJZgVN0f21mnMqdt6jSoVyvJ2cSKi5LBMpL4hVT3F93nBea8JLa2ewrxzcwYvTRRdALtsqTncLjmzU8oWgao4VhV1GbSVRA1p/euc= 

p7o5lzuJZgVN0f21mnMqdgZQprNxn6XbNLNoqp24uO3wjkhlASkQUc795tBDz8FxXMuo4V1yW3NplmP7NyL47WpndA5s7GjAULnmeZ0V1zA= 

p7o5lzuJZgVN0f21mnMqdquk1ivjKgCiRvS+vVZOUkE/1pmr89DxQqY6R/Yp/Kb4EYdaTi7ywhIF+c2awkEagCMYG2NRj/IGcEk8baSl3Rw= 

p7o5lzuJZgVN0f21mnMqdquk1ivjKgCiRvS+vVZOUkE/1pmr89DxQqY6R/Yp/Kb4EYdaTi7ywhIF+c2awkEagMz0jz47sO3z3DrYyMBvn90= 

p7o5lzuJZgVN0f21mnMqdmYYRF8Qv9YM6jEaHYxIB+TZ02YqUoUE1PAiLBcfFRan+6RxvFxW8i4NrD2Sf5ZzNU9WiG+83zl7RLtNWRlSUYE= 

p7o5lzuJZgVN0f21mnMqdmYYRF8Qv9YM6jEaHYxIB+TZ02YqUoUE1PAiLBcfFRan+6RxvFxW8i4NrD2Sf5ZzNdqvRYgChzjSKIbnEl93b0yPEJb/dWb2QEgSul+41Gai 

p7o5lzuJZgVN0f21mnMqdrFHzNG87M4zu/7+MQz336usxYDWXDGbyZ/2n3E9x1kmaKJgK6A6b0XVygp+aTjr82UsgZ6Ja3/nL5FKbD7pCnMRg0bDlJkgY/XqA74t7bCWZxRn5dyy9OYgEu+rYhb0gA== 

kJDXPOwj3fYYPcEDHu9YzmHycrgI9TcJJdsTkWUH5cFBXm3HH4X6PopM2jLgl/HmYBJoL56+87JyPLm8xlA18o2eYjWUA6/3VIJv/8Pt7rY= 

kJDXPOwj3fYYPcEDHu9Yzj6NECNBASCAxh9R0DjK89nbFUveJqq/wH2C29IatI//aes4OBm/+O3eVCRVJZhCWohy9kzdYRXrZsiPcVqImxw= 

kJDXPOwj3fYYPcEDHu9Yzi5i442/x3+TTtWYQ662iKWt14QMO4nqzmU8rfkJGEgto9hO5751/JCZ4Kxy5PZcMh2k9ef61wL8Os5B+cpxxsU= 

kJDXPOwj3fYYPcEDHu9Yzi5i442/x3+TTtWYQ662iKWt14QMO4nqzmU8rfkJGEgto9hO5751/JCZ4Kxy5PZcMnfnMzE49GRH+oGk1Mmj6Qw= 

kJDXPOwj3fYYPcEDHu9YzuOd1eORcr8ltMyGS1IofSfn0qv5/QmNFnLwNDfj4yv3yP7OmWhjtcuZ4ec2WQGqWtX6ulGbualgaYpCcc8HWh0= 

kJDXPOwj3fYYPcEDHu9YzjOlt3cKhPkKtvoknLWTQmu+vXhlzZRJwPN3aQh4ssXaxfnLbOidIFx0VuzfY1wsA1Psz7AsOlH1Xi3YwbdnBg4= 

kJDXPOwj3fYYPcEDHu9YzjOlt3cKhPkKtvoknLWTQmu+vXhlzZRJwPN3aQh4ssXaxfnLbOidIFx0VuzfY1wsA+JskPVEvOGdLWFlT3WlAXGVlekeTV577BFo9cW6ttOh 

kJDXPOwj3fYYPcEDHu9YzupujkonHKVw26pcU6YlFyUqo8OGrbKgIrLZ2823Eozz5WTQrvF7Aa1X3vgoSigP80VRFTolAa+tfReKWSN7wEW3uFhxwTCmHRHVuiXkvVkaBNVYtYOcHBdwtZs29quKrQ== 

MfRxFDmWup/H0TmuXuN1gqmKnmkU4OVR+SYR70ZUDwtFnbhTKybzFbjjwil23KuWnIjrTywFHlsfKjgE42t8Dz+5D8LL5F6EvR/E/AioB04= 

MfRxFDmWup/H0TmuXuN1gn7Nc9AeoyO0QCbwHC0fvwHhTXdYWEtiJ6s1N8zeRseoE76c4JLa+df5MCpdqX59IRgc0RJycqrk8dzqS7rtKgc= 

MfRxFDmWup/H0TmuXuN1gnGMm435HdiFaMLhcfw3D7whYVwr8RjDfohitbEiCy6bUpSXHZPFyvZOzz0Kzteui0vCwdQxWySVhQYFWgwW/SU= 

MfRxFDmWup/H0TmuXuN1grXDPQQYgrNejojm7i3P893xn3z4Mteh308yn0r578goCtU3nFskbYlBG6d2MW8ABAao8Oa/N08DyG+6yGdx/Aw= 

MfRxFDmWup/H0TmuXuN1grXDPQQYgrNejojm7i3P893xn3z4Mteh308yn0r578goCtU3nFskbYlBG6d2MW8ABMtP2PV++bygq1//wP1HXXI= 

MfRxFDmWup/H0TmuXuN1ghVOGIwGXSoeCRbkdhWwfyN7sFDulhOtZkh8v5TBAS5Tr7DqBxewJU+rUSl8vcRB3MReWU57HEXE7ouCEvK+5cE= 

MfRxFDmWup/H0TmuXuN1ghVOGIwGXSoeCRbkdhWwfyN7sFDulhOtZkh8v5TBAS5Tr7DqBxewJU+rUSl8vcRB3B1yJM8bnY7Vzv//LsXOav/3ANA8aBU6aiG77doCQ0Fg 

MfRxFDmWup/H0TmuXuN1glBmbAiFDJPZzaDRGBagcgPBUk38WyyzL2GEJdIon6k3qL/7pGfQ3Gz+P1j1sc+c3YJM1pOUPjRTcel8PAvtCeAetv4QMApetyL1tgXw0a31vUxoNUfUIJ2Phd6UeiXE+Q== 

hvzvqJjQkSzYEVqwwymvewoNNmjkI2wRoOwsemH2Zwpj/n+UqPU60o/eUX8FQz3qQZukITduWbKqowTxVjbwjjdaWfn3sjuiL/MxRSHkbN4= 

hvzvqJjQkSzYEVqwwymve8aycsqxJiAOJdoFVr6fevD+fjvysVrVfgH+lerC+tSywRgL9/J3UtFN+CxsIZAAUY3uHff42f5+BXXXx9OyLg0= 

hvzvqJjQkSzYEVqwwymve5nv+VlsfLnmwNaJJeyc7/kSrz3ljygzKiRfs1wLyXHtQLn/bhoHwzQCf+8GwKFzxtNGZ2IdBgenG9fz70i0KIY= 

hvzvqJjQkSzYEVqwwymve5nv+VlsfLnmwNaJJeyc7/kSrz3ljygzKiRfs1wLyXHtQLn/bhoHwzQCf+8GwKFzxi+7/bZuXgeoBy4XtUn6aUw= 

hvzvqJjQkSzYEVqwwymve7R9i18xtjXb5Xk/GW9OMsaFjEnTYWfjG7bn1uOE5swaC3J+VKauWeTgz++owLGpUsjCS330pIO0WJzetQqgJvs= 

hvzvqJjQkSzYEVqwwymve7R9i18xtjXb5Xk/GW9OMsaFjEnTYWfjG7bn1uOE5swaC3J+VKauWeTgz++owLGpUhdC45D3Je4TDogsD4olfwM= 

hvzvqJjQkSzYEVqwwymvey13ySdiP645UQmcY2py4qVYKqOUbrx+v3k88p1myWpcIL7rKDPlgir2d8VbDTEnqBq6j91fgxrGtsEz19QhvAWkV1mn2Vasu+ikI+I/QB34 

hvzvqJjQkSzYEVqwwymve56lZ61Ldqq2dyxa0CyySlMz9BCH/omvs4EjB9If+seenXNEzDu0IzsK6MFbzy8UlkrZlArinJZPZanzYwpbQ/Vyu55Q7G7Ay/tajjsa+NHAQJMifHbneB2G8gKr8Eot9w== 

gRsBM9oVtNF/yUXDUCCktl4nUvW/SxzPo2MB8bbqzXhQiscaKaMG6qM1YMe82+hbCntE9eylmiNwCtQr+LOtR4HD8CPzu4PdUWx2/nxI534= 

gRsBM9oVtNF/yUXDUCCktlU5eD8op74T+BZVq3YJ/l2v5SvwhWSB2fhpFxQ1dgK+YVbVek2rS+80lEwNK5KDuKBZorg1IQG8XRBXZ0Gx9zg= 

gRsBM9oVtNF/yUXDUCCktrB88FBTLYCJkWwd31NiQ2lqU0jdV95mWVcN2dulaKFyuA3CHwWz4SEOY0G9x1h35lJraNDAclAiJkjAMvwvzLo= 

gRsBM9oVtNF/yUXDUCCktlqCRk03SgkaGxC3098u8OPOJJFZGggNz06sqw1IqjYx0WW2lFikuT1Y7gxNjSlyyV7w/wE4DvwcLxvVpyRHi4I= 

gRsBM9oVtNF/yUXDUCCktlqCRk03SgkaGxC3098u8OPOJJFZGggNz06sqw1IqjYx0WW2lFikuT1Y7gxNjSlyyeg4KbntJCNu7Zb9f3isXCw= 

gRsBM9oVtNF/yUXDUCCkthaUS8LY5RyZ53szo1RnZxC2pYUuw6A88To3GDB4cAblHlmSf3dqT4wst8La1XGcvavrzfMoz0x4oJOStfHB65k= 

gRsBM9oVtNF/yUXDUCCkthaUS8LY5RyZ53szo1RnZxC2pYUuw6A88To3GDB4cAblHlmSf3dqT4wst8La1XGcvTLPmn5teCA1/byVdbVeUL5Ojqc2wRkQmSKinBN03FMg 

gRsBM9oVtNF/yUXDUCCkti4My8g5DbTvlAK21zgn+/j4nJ882R8DAZ/dMz8d+kHVgcDLGcFbJe9iWPjVa+gmhPBs3+IWaPvZbrzirAcBxiR3a/GdUx9IYOlEvpdEahBC+/3yeKHI1jY/XiKfwdRVow== 

5wp6AobxN6TQH8IVpVIuFzB15yTaINM5fm1EAPF3CF5WejZz+W820foZf6UnsDuTUQKS5gRzJI21H+eZV/TaUGIPl4BQ8pBIdRoSYo1bssc= 

5wp6AobxN6TQH8IVpVIuF+bN7DXT2wXiloERDMZW+tUiLuMDq1BiuCGRQCzRlLOYBFzyIiVB/6Ji0CIGopZqBlK+YjEXa7QRNzB+XWH6lQo= 

5wp6AobxN6TQH8IVpVIuF9iw/btykHIoAEYywwLZ7ve0evEKx9Bv/xJ1P+Oiwn9OLIVNJh8iwnm8BxoC3uuAp6e4sFLUlmWeLzMI0sShTNU= 

5wp6AobxN6TQH8IVpVIuFy51S5Of0b7dAln77EFuwVm0br1L9VuENmFPVoXhAFv6lZolel0dJbFBENuaLp0JqcCZRIYZUEH1rYbu8IWFRaw= 

5wp6AobxN6TQH8IVpVIuFxTaLIVtESDML5RuM/IZjTnFsnYclCWkPhqA5XNdhIlSQ2e91M+xeUzg9cqZZOFngGgHAnjIu5anPtZbO+zM+nc= 

5wp6AobxN6TQH8IVpVIuFxTaLIVtESDML5RuM/IZjTnFsnYclCWkPhqA5XNdhIlSQ2e91M+xeUzg9cqZZOFngKOsnC0On02wUmMwVWNuKNk= 

5wp6AobxN6TQH8IVpVIuF/vYs/b5OFNa+yK5b5r/N8E44oxHtnWrdev4YJEF7UbNYRPVZQITTImk0ISsomUKFFNPU25uUcHvUeB5wFCC8ZcS/1CGS7i6loIfxYk+Gy3l 

5wp6AobxN6TQH8IVpVIuF+rA8HBru0Mk/yxpoCUxX3A3BJpRFq0DzOa7jeL+vanZqBkmfAqdCdvknUWFKsSPNMXOUoXjdaeaLgkVrPm7EUzdTI/PlrPstwVwLzmOIsALLWLucfG5Yk/JlBIGhOSA2A== 

dk4aW7Oocev2Qu24psYdenA3GB0cJFoR9aoyV65b37NEF6TKOpyMhMDrP1GaOWd7ENfR+z7lL6hptG1aLnpdc1E39XiKK9MCJIS0j2VF6vE= 

dk4aW7Oocev2Qu24psYdermlDWdyGzBQ6S0hCRxeV60nI0zthVUVfySsXZ6s8YcRjYSV6LprZ1Sc6tjQNsbSt8KqefuT5J+5UTP6CeGjbxw= 

dk4aW7Oocev2Qu24psYdevq3Y5ELLYIWsBgKS0IGn6fpKQOmrctYyt7lPDO88W8iTYSQwiSZ9vPlJQn0xsLX8QvbVpfLwUlGdGYynIJE2ZE= 

dk4aW7Oocev2Qu24psYdegHonDn5kcLP4k+wcKBVckt3ylGfpLOaf0Ul7nJHLwxJcUXKQu3bElim43T55dHO3C9iN4NTW4cwJuwlOissDhE= 

dk4aW7Oocev2Qu24psYdegHonDn5kcLP4k+wcKBVckt3ylGfpLOaf0Ul7nJHLwxJcUXKQu3bElim43T55dHO3D9rerJ8E8dOKE6r2FTt//Y= 

dk4aW7Oocev2Qu24psYdev9wzD9g6Ps4Ac2U25kBCQpEjUUklOsSQUM1kT79kV4+aiCeIjyApjkRP9GuODvgN/0hJRMwLsC+gOEqjOmcI3g= 

dk4aW7Oocev2Qu24psYdev9wzD9g6Ps4Ac2U25kBCQpEjUUklOsSQUM1kT79kV4+aiCeIjyApjkRP9GuODvgN8V74X9VCq6o7J0OUe+3g9twOSwOJZ2quOnGj10ONRLO 

dk4aW7Oocev2Qu24psYdeul0BSYab5PmE8LrfEfYmJ7Qx3l8GAp0j1d/N+G0vJVJ7KEA/nAL6SFkp+V6ltRgNqn9lPZeb0wANsBXES2BSbnDFtXl9CQuPMxE9atvmIT116tSUfk843CDU7nykerYWQ== 

GikdppMqGqBlgJLKRHFxuLIaHfsSrpdwJ78Vyq+M2tvNd+rlxJLIANSg/0+e398PbqDylTNsZU8wS/NyPM1bTEyBztS239tKt59IgIDPUvM= 

GikdppMqGqBlgJLKRHFxuNxaGcQIVRrki2ch3C3uMG1Uk7wmYKkdI47tNWchpsqn3WLRLAQ+zHSIbV6NEuxrxcJptSda3J1EnN/SKOvJ/Zw= 

GikdppMqGqBlgJLKRHFxuGsPt6AfyamfHbQ38WB1KymdCYGJ/EQMVXz87ObnxkKJjOh6qdrOXx5khqBRB/N56r+08xO2c5sE1yLJroQx6Kg= 

GikdppMqGqBlgJLKRHFxuGsPt6AfyamfHbQ38WB1KymdCYGJ/EQMVXz87ObnxkKJjOh6qdrOXx5khqBRB/N56irb7WU3H71GsXPDO/nDwu0= 

GikdppMqGqBlgJLKRHFxuK/ICtqP0OCYkykkkz7s+lVgyhGatMJ01es0mjAQfzPISJeHC8rAetOM7GAClo2IObYhbGTMn8stmVOAbP02WEY= 

GikdppMqGqBlgJLKRHFxuBfU2eqg64pdicYdj2sDy1eleMiJfYZLVZZ/11ogrIbo/wYOJtffLevPV7GRrIf0GlNeJ0yxxg23XpbAuZcky+E= 

GikdppMqGqBlgJLKRHFxuBfU2eqg64pdicYdj2sDy1eleMiJfYZLVZZ/11ogrIbo/wYOJtffLevPV7GRrIf0GjUwFUkg+373HRcSt/rud7uDeag1J9QE0Mz4kR8BcBUz 

GikdppMqGqBlgJLKRHFxuEP0vkHTkKn6HKL4JR1VxEaaKNakYCKrqXZMmlK/J5tVEaKByUAXd0H68j9Z/bMCEn9iN0cya50UHTZxrTA7KlDHD4fw/rNQ5uK1kzkKzrsw4kOGEB/9Fxw11zQ6KbezLg== 

JN70K58gzpICG1WFR8yQDfyGjmAYExQ4NNpMv8lyA7DjPS526Ob1R0TZ8cOo/030khvQtYjg361TsVQvam2Qt3u/XJjevivxaaR5OodBosQ= 

JN70K58gzpICG1WFR8yQDXDjj9Pajq2zZYyWXKvsDcyM/h8imEjdesOzE5i7l/1+jEvknQ1VpitaO02aIExLCcO4CKCKIfOnTVqC7yMOjrU= 

JN70K58gzpICG1WFR8yQDVoHFTiYfLqq5KHYNqg8+/Si+p/Srweez9PLL1kKMX1qqbgmhVPGYBBrAPcbaoQElGBmZAUWl9dnq0qMtUSez3g= 

JN70K58gzpICG1WFR8yQDVoHFTiYfLqq5KHYNqg8+/Si+p/Srweez9PLL1kKMX1qqbgmhVPGYBBrAPcbaoQElKurrNtcvXM/36eK4aPsOG4= 

JN70K58gzpICG1WFR8yQDRuRxWssLPxKhTLT1HqYzHgI7+tPBBBstyfwGVXOhExK352c2o5xQmLZ9j2FbsYPOA4vefcbP9FxsosXzzzTlPs= 

JN70K58gzpICG1WFR8yQDRuRxWssLPxKhTLT1HqYzHgI7+tPBBBstyfwGVXOhExK352c2o5xQmLZ9j2FbsYPOKneZziVdUNc6k2uyXmnJbM= 

JN70K58gzpICG1WFR8yQDfaW1v+fIzm/MdSm40DlkiJh54hzcHyUPH+1J1S/G3rQvZkFkNZvl7GeA1yVYiAMpOLnYu3VAQ9RyDiJY2YAYS8YekxcAa//fJQ3Pq0ASCD6 

JN70K58gzpICG1WFR8yQDTw3VdZLgPsFig1sDq4Hqy4jBYfquW6Nd4N1mYHs599phubi4xAb/E6oYIc0qUHyuWkFqc/XvCPmD0388J9PznT3tKPZhu+6Hs+XrufG1WbMEBqQtg0X0cbleOOiUd/o/Q== 

wW/SPn5i4qhkCHe2lMk3o2Yi6/ghkKHilZUUDPn0WWeeC8tLNGGzWPxnZQCm/OerzMT99mM6UN2tXp/t3gU5tqDpsMCr0ucWAutwy2m+IcM= 

wW/SPn5i4qhkCHe2lMk3o6tPYH8X7eOQpyNl0RX0T2Sh+75ypUPH62hxs0v1863DfFVmK2PlK1UN/V38G9Rfls82AgmYaKOVjtue/aT2e5A= 

wW/SPn5i4qhkCHe2lMk3o1n57L8FymId0FVe0hAFUABfEsrtlmaox3cxsHcxEKp7lwTfWwRrZrl3NDKqyByWa35e4JoXYVA2Lk7FLOyT6XU= 

wW/SPn5i4qhkCHe2lMk3o0HZCeADDg2JwuMhP50Hxm7rGy9KCybUC2xMNq9c13FIAytVhC0JwWz73imOHL0hUyC2s9C9K02eqXdmXjES5bg= 

wW/SPn5i4qhkCHe2lMk3o0HZCeADDg2JwuMhP50Hxm7rGy9KCybUC2xMNq9c13FIAytVhC0JwWz73imOHL0hUwG4huytSFGmruADNSgxJRU= 

wW/SPn5i4qhkCHe2lMk3oyONdy2krvFjLsTkdIpgsrfoIRX2DVWfWiXJOzEzIdC7jCZUA9dlrYa2X83j1pVsKZ/r4frzEm/cRSOrFz1nZgc= 

wW/SPn5i4qhkCHe2lMk3o1aoOSzWYxU8xd/7PRtgFt4OmbN9CjMKZNQ/AtImUZpL8+SQj3mVbyNqGZ9sFzhmDywdnS+WuYZhQo+T+IPte7nIpHFV2abgiY/QkQ1tAAEi 

wW/SPn5i4qhkCHe2lMk3o4JDmBzMqydX0SsT0L4e/ieQ4DpD/X7bo/PGW6A4nNP+gIUpugu2lnp495MtK2shthoVgG0+AdVNIiCmHrTEwtFc6Ko+7+Q7D/j12P5ZMzwxovORs5dN8qf0WLfgvvMHog== 

zVM51Lo9z3OtgA7Mgga0QjnIqvrIoLOFBpqLSJ/nn4ZqQSbkb0XpVnudbFRrk0vL+s6O335CKCtPgcErPjx2qSd/OaW73h1ArW8TEXWWGyM= 

zVM51Lo9z3OtgA7Mgga0Qiw1XrdaNFsgBI1xVWGAf8ZQZuabBX3/v3XgfyMwOLgKWpe3q92lvpNUXSv4MlAseO0mRplxdvawhSrx3VO6ry0= 

zVM51Lo9z3OtgA7Mgga0QociK+DmFMiQfFXQ+BuZXxMTP0QVEOGDaLHk0OJc6J8Zm/C5Fa7oU+RjY6vAB5F8Gfwv5+IO+bTafh9O3Knv8Cw= 

zVM51Lo9z3OtgA7Mgga0Qg0Y/Y3v9yALGghAASDUIcSoYPufaDLI+Wr/DxnQVe2F7uG46kZL9sOTCzFlBYrYlBFTYSenarqEz+GS06axeec= 

zVM51Lo9z3OtgA7Mgga0Qg0Y/Y3v9yALGghAASDUIcSoYPufaDLI+Wr/DxnQVe2F7uG46kZL9sOTCzFlBYrYlJSf6ux8ivK7w8wKQWpCOfs= 

zVM51Lo9z3OtgA7Mgga0Qg0Y/Y3v9yALGghAASDUIcSoYPufaDLI+Wr/DxnQVe2F7uG46kZL9sOTCzFlBYrYlL0dY9wLTCvISIJA/qRjQy0= 

zVM51Lo9z3OtgA7Mgga0QuGFLJskELQinFQgj2MAY+p89masH6t8qR4VPF9w8LcaltFxs47ZVc7X6oZ6y8YIrxE+sRLk8FRbjJmtjMK95VLQ4/85j8Vzf2adUytEV9XR 

zVM51Lo9z3OtgA7Mgga0Qtg80DYyslVrLrwJdIelh2OmAvo62eiRTwkBSmjDZw+nYEbMhCMGMR0dfoghZ6bALUDBwvUFE/BIsAMYWYm4GQ38eoAoeJ3vSoGzMwZEJXZkVYay52tERHtUIREPIJEluA== 

g6TRlcRHTH3z0gORFq+GFqhQRYQTmNv98+45UueQIlfBacejAIllqZX71uba5WKUEBkYlJ9sx+E1wC6CmTE8o0zkja3kU0RC5Y5tcws+MiY= 

g6TRlcRHTH3z0gORFq+GFr6+nxNHtV4jZPQ8kPsQQslLKrwXBZJdwunD4D5/YTP4ijcd3XSNdoGsw4m/ZDEcNxYYJf5Xx3MtGWzYrw8L/8w= 

g6TRlcRHTH3z0gORFq+GFocsyLybCl7GiNvb7RTR6Wvcrrf5CFwKb0dbMqzIuJHwey5rqhIcE46xkByUxw20NEIbwH1md2LqrkXtTRYr0bU= 

g6TRlcRHTH3z0gORFq+GFocsyLybCl7GiNvb7RTR6Wvcrrf5CFwKb0dbMqzIuJHwey5rqhIcE46xkByUxw20NGSRnmjttCPFoLBq91r4PnA= 

g6TRlcRHTH3z0gORFq+GFu2ZQX+f420L5qUMslbSf5E1V/yDD0sHcLD2kfIKl4IdtNyVZ5yyTiLyRrcSHvKqde1MgBRuibkymUc4TAhALCE= 

g6TRlcRHTH3z0gORFq+GFu2ZQX+f420L5qUMslbSf5E1V/yDD0sHcLD2kfIKl4IdtNyVZ5yyTiLyRrcSHvKqdTrHI6oUudqxvxquuWy9Gv4= 

g6TRlcRHTH3z0gORFq+GFu2ZQX+f420L5qUMslbSf5E1V/yDD0sHcLD2kfIKl4IdtNyVZ5yyTiLyRrcSHvKqdfYoqou3+lTCq5AC/tx2PJG5ovvVfqYb2cao4X+X3w4z 

g6TRlcRHTH3z0gORFq+GFm0w/hw+Ad8v3IyseUJeiiWmt2LF5qhxBAnJsA/aqz92Dkero0cOiCZ/o4/KLP6nSwh2HyX24mp+aezbZIf4pGqz4GMV5baTf3yaqwgr4TupHFK8qh9GXD3GFJLcsOoCCQ== 

Jy82f6n3GAre2/Vpx5eCYSF8TINl8GwozU+hFydmdVy/Oz52WWjt0pUsdrlyBiHfIcbPQYRfzqimCVJZj/Nw4LbXJ4btZDhMEiMLo6JL2z0= 

Jy82f6n3GAre2/Vpx5eCYRVOtcnW94HtbabJFwn+Z7dWDESMc41I7gJAdopAvVvQ2cC1Y+0D8d2X3NvVuRUXFiy8lfa2A/9jiKLxkvUuNKE= 

Jy82f6n3GAre2/Vpx5eCYd9R5SMYwgUan1ralv07hFJlZo2JyrIqMuvHIVvWktSFfG2u6XHObPF2jZ9OFsPqpDRWyI58fC+anwyeVtRKFog= 

Jy82f6n3GAre2/Vpx5eCYd9R5SMYwgUan1ralv07hFJlZo2JyrIqMuvHIVvWktSFfG2u6XHObPF2jZ9OFsPqpM6QVCkUjc5sdprpvAitZ2U= 

Jy82f6n3GAre2/Vpx5eCYdUS45xi48+D08yXkdDFmttJSPHnOxszAtqOOJLgaw97BM68izcr3u3FtYPBAOfgb5jQLdV7qtVuN6dR0qhMh74= 

Jy82f6n3GAre2/Vpx5eCYdvWRpI+o+b7bcsU04XB+/6aqhwDm67shgWeMP3PZhhA3gAtk+vyr0zky7y9ahz4Vpm84DKoyE3NBorDtUvdRq0= 

Jy82f6n3GAre2/Vpx5eCYdvWRpI+o+b7bcsU04XB+/6aqhwDm67shgWeMP3PZhhA3gAtk+vyr0zky7y9ahz4Vui1AGIEIaMNEcn+4Oc7M/nQHS1Km8nQx82ZXQIasxyR 

Jy82f6n3GAre2/Vpx5eCYVYIMX6o760e3a5TmNjwjAlSm54uVtWCtCKrn1Gkipu96VO3Jufyn9dLr0Xi+WmPCnPsbHtC2v/+4YlJc4pfGh+nJdjDD8Z4xdPrpIaUDYnIHphY3FeWQQm8QWokNlFJDQ== 

f+lGLyL5HXeIjw96JlRxMspOhxLOTVqS4VrSA8SuPCbiQaLP8xP3+Nj7F9GsRYAury9PicT+vmi6B5zJmTXJNKpnzZ6bjaVHOXdHAq/YGyU= 

f+lGLyL5HXeIjw96JlRxMtL9/qMs6nHjA3U+XC8YBoHcLsnecdPq+Kj1ypASLEAs4nmxxr+tHrbbJfb2RAey+CaaQNO/6/JDp7IvHyUbROM= 

f+lGLyL5HXeIjw96JlRxMn/Qy3GLZc8/2hFRzyhGVFXAJBhMuaGyUnBINfXwPinWH/DYgg+0WY/iAVAaBlMXZxudS9GixTooBVBd36hOyzs= 

f+lGLyL5HXeIjw96JlRxMn/Qy3GLZc8/2hFRzyhGVFXAJBhMuaGyUnBINfXwPinWH/DYgg+0WY/iAVAaBlMXZ5CgsQgMOY+oH5JOpQ2iyQw= 

f+lGLyL5HXeIjw96JlRxMio0micZ+8z6LvHg0VoaKEmmo1lgCCxFMESGaQymh23ULoOYDFik0DcGc3V531z4xaSsJXhYF1HH/XpShRYHOq4= 

f+lGLyL5HXeIjw96JlRxMqOmoaw21wsb8cltVWcLg3X7Kyop1Wzu+CbQU5/dldG0hJt4W6KCIM72QUIudYvoNkiZqjowvKajkwaKacWLkxA= 

f+lGLyL5HXeIjw96JlRxMqOmoaw21wsb8cltVWcLg3X7Kyop1Wzu+CbQU5/dldG0hJt4W6KCIM72QUIudYvoNjhyy0C3Sol3Sn2iix1GjXe5gw6XRJ46Yzy/OAWuJe7i 

f+lGLyL5HXeIjw96JlRxMip4sj5vo4ESY7Zxg1gI934mFQo3Jjmq2X5uUanZnEOiE0joMUAFr046ihaibpcNWZExzc6zvlITQAtXS+ms5yN7L7mSPQ08S1sLppon0vPNWa/myU//8GBPgjulEFmRJw== 

fHcyL1/fa7BhXbo/oIgZ7Lqz5aLuqPhjhsAPDuUkM4QlSIpPc7TYS2y2oYKGxexFzNYtlRMlyVPbvp1Q8gfBUIo9CN6IrSCcr3YsRbqwe9w= 

fHcyL1/fa7BhXbo/oIgZ7K/4dByQlBfZkySlmWi5JmzOiTp+NFK0lcqpp+ranGDajix0HbHC5yBoxzO3AhH4S6pg1Ma1u6sgtcNxKbs/XpI= 

fHcyL1/fa7BhXbo/oIgZ7A21EEsr2o5JAhIsNftoqutOycSVO7B2Cp4GT7SOiVwdDnQUPOIoi7boV7OtO8IoBDwnVE+BsNRLYpYn5OYPk2I= 

fHcyL1/fa7BhXbo/oIgZ7ESLYkLX3avo7PXXKz7Pjoo6WZa7EqcgSmSECdo38bV1UWhzTMdqlgLwomc3UnKVLGxJ6fPgGWpwLHYWw+Mp4IA= 

fHcyL1/fa7BhXbo/oIgZ7FOyhAW56pyyN0jXrKvapP+fgWATHeC7FLEqVOUGE8uRXPCLvMZX0Z5NW0oa/33mRTQmsJEoJvHMWo6l9OTsKQ8= 

fHcyL1/fa7BhXbo/oIgZ7FOyhAW56pyyN0jXrKvapP+fgWATHeC7FLEqVOUGE8uRXPCLvMZX0Z5NW0oa/33mRUaWCFGAyelalQBtyhPNMOE= 

fHcyL1/fa7BhXbo/oIgZ7FOyhAW56pyyN0jXrKvapP+fgWATHeC7FLEqVOUGE8uRXPCLvMZX0Z5NW0oa/33mRSNvlaAHINud8Zm8vm/+uT8aOdNKp+UV9+vkqpQNl2J0 

fHcyL1/fa7BhXbo/oIgZ7BGfS6FaqFKfjt5pbCzHqv6PDfymth9wUg/AFWEr2GNxQT4i2PK86BWUjbQQPjBMICkSwvfMpC+df0WaZHl85ajU+0OHodx0M7a6l7ctF4bTw2WInnIE/xp/Y2Mh2ekMKw== 

GsYG7BjcK8Ww2RJSbKndbopwtbuUtNJrkbJIh91Kw+UhQ/CaVl40gb2QHyTIjnTn0Zq2qywZChqPeQ9MbYDiNGA8AyfVkW7UPIg34tBGOY0= 

GsYG7BjcK8Ww2RJSbKndbswMzitWygmoRYYW+sys5gmilMmZ4e4c9BXCuh9OBdvGBOpt3UL0xJxR0Y6jvsILSTaLs2lHoaxADmCa4rv6B1M= 

GsYG7BjcK8Ww2RJSbKndbswMzitWygmoRYYW+sys5gkPHjkdaiC3vQJYU+i1SLGB9wmbRL/L7rge+aYRqW/R7CJ1OfETXAv8bw7wENaZEnM= 

GsYG7BjcK8Ww2RJSbKndbmAVxPIvEdcfT5VpzBuHtysfr7c7ZLtBM4OSoZ6RYNWT6AePqDYlB8sk/3dj7o7vLl9M1H6WbRJVzwMdWNI/DjY= 

GsYG7BjcK8Ww2RJSbKndbuKmBipXX81VH+tMcMjwyTQTd5jQoi4G7MLaIEUzp6X5quWdGG322G0kLVqqbZOMyMk8HRZDXSGSjIasw+9lmL8= 

GsYG7BjcK8Ww2RJSbKndbuKmBipXX81VH+tMcMjwyTQTd5jQoi4G7MLaIEUzp6X5quWdGG322G0kLVqqbZOMyE+g+HaVz67bsiTJebStIio= 

GsYG7BjcK8Ww2RJSbKndbr1uvhRIqPryKLn/kjIf/t4uvSb3yXG14Y5sFk/OTos6I7D1Mv99Z27uLlM2loh/nvaYf86UW8/94vSEBLfHy3fjdrrs5g9Y8gODQilPnl4w 

GsYG7BjcK8Ww2RJSbKndblfh+hFtCm02pn48dbz1xdvYgWaePWhP+fpfZl0zLw6Kb/nAPS12kJO0Q9Psnem/e+vlomldgjxusnwh7tyKmAYVojs+o51FHFjol6wVLEN8CRYK3gLTLJPy9KuDj2h6EQ== 

+8urCYaQZmvY9wToJOqQXLtTonoxrr129TtUsinMfxumH2S02Sdd6+mXAlfaZqpzjv/SrzkwqUaeUa19SgzvncKKVRUe5y0myZ68LvCnckk= 

+8urCYaQZmvY9wToJOqQXDf2G21PxoZX3HSjPyQNJ+5vp6tS2exHJ7n/mrnV0jyDocf2JOyvnfthl6ghW2+NJ60+ERnwmjJq9k85fvgoXhI= 

+8urCYaQZmvY9wToJOqQXMVh3M7YpBQWPIJYbxhKIfAD7RfRVGCI/L1WvfqoSya20F987mGN8Iq2h/ibyjZ/vF0h/7O7ellXK74KMptlOUk= 

+8urCYaQZmvY9wToJOqQXMVh3M7YpBQWPIJYbxhKIfAD7RfRVGCI/L1WvfqoSya20F987mGN8Iq2h/ibyjZ/vEkhqyse9jgEJRfRUC4ty7c= 

+8urCYaQZmvY9wToJOqQXFW/XrKDuI8VS0R+ziP2ouF8PFTBQAAurwqk0sEUIKhEaJWSSh9mqF4aWFHLeYSZ/TVBMb/1gfxJ1wj3YNfPvyY= 

+8urCYaQZmvY9wToJOqQXHWlSI43bzf/Z9u42iekVnSWkFQrpuhJmHLOV+Eqh1d5+rcVA0StELKfmCxHq5vTWHCNyiamxcaTNuCQhmPLmSo= 

+8urCYaQZmvY9wToJOqQXHWlSI43bzf/Z9u42iekVnSWkFQrpuhJmHLOV+Eqh1d5+rcVA0StELKfmCxHq5vTWK7uSZw1iWqUMEUqlKcQ9K0yZMvEV4bGOAAuuLflF0c+ 

+8urCYaQZmvY9wToJOqQXO4Qgxtdj9QqdfXgJVal0VnrTCDRKFAiFM2ejxPudBu9KMyBZ6c59hTm+dJKGIecojCkQ7P03Iyvb1BYgCpupJyrH21gs0HXaDhFcd+0sIE4WtpkdqEEAkFwJyfCpy37Bg== 

fn3K/29TUUhZMLxD+cPyWTCAbUxyhnl2cmhOo9JDH5KMb9p3cj4+pYB/wfHpGYCMPaSPjj6RYshjnfdqHzxXxoB6UmRdG1TFytIUtCyviM8= 

fn3K/29TUUhZMLxD+cPyWfXOFPa1rySajBJFalixUpyQBj3wtt4vp0uWedpYiZAA3ZfhXeb2nhTjnyS8d+yu8tZ34jAkhwzNWYBlLmuLJD4= 

fn3K/29TUUhZMLxD+cPyWR7DEG3B3Q/Kk4v/pwlAFjXhtxaUL6oGBuUiLyoxlW7XuyhWg+lvksYYctgvZGBrOSLCBPUlvnYsrsREfiZN50U= 

fn3K/29TUUhZMLxD+cPyWR7DEG3B3Q/Kk4v/pwlAFjXhtxaUL6oGBuUiLyoxlW7XuyhWg+lvksYYctgvZGBrOU/cK95Ikl8szk2mxtAmYUw= 

fn3K/29TUUhZMLxD+cPyWefQdmyGJKM7qWUyDKyeldgqNm2EcOcuBxi1MSe0C6rOdx/+KI5MkQndbS6pIJ5Y9oB113he7o4v5qZf5bYteQI= 

fn3K/29TUUhZMLxD+cPyWTU0xCZt0RRB53X2Vofi+yO6TeTseclZgNSSy3Ih48GIpb2yu1nI9wqTZZeTl4Vqqzx9Gfmi9AR/uzty50fHhjw= 

fn3K/29TUUhZMLxD+cPyWTU0xCZt0RRB53X2Vofi+yO6TeTseclZgNSSy3Ih48GIpb2yu1nI9wqTZZeTl4Vqq7jKa/AXWbW/3SVr+densuSI63GWnyvkH6el43M7aUlf 

fn3K/29TUUhZMLxD+cPyWTIeDe2J9bkG8ZzjH7+NeiACguBF/sw7O2I61Y7s0Jz6UQg1dzJlBdLHb3n/IzQkjTX/TYNioYTKry71MFRmIdY7a6FwrYdxJxe6+tPDG02P1NFAtc+z/V6KpwF2SQ4DyA== 

kmwsbfPzIg0TEnteeNEWJlrX2G4QVYZ0eyKOajZP8yp1yJp6RFzt2KzlrjVxtpiWqWl278sDLyzrqfZme1xtvEDHs/oVfe4vz2dEoObnYDc= 

kmwsbfPzIg0TEnteeNEWJllPmztxA1le5xKVLlmiEaIGnBz6ohb+hASh3fqQxJ+QHX+seXdkEThsATg+BmekmAUpJrZuLvW6KaDuBfydUmM= 

kmwsbfPzIg0TEnteeNEWJpUsTAVOzE2oqVHoiuiu9ZGpxjP9VQZuP/iOh9JCXp3w7l5Z/4M+HTZk/pOuMON4ULmO0ZcPmphAvpQHJGXCndU= 

kmwsbfPzIg0TEnteeNEWJh2wD0sZ1jjIEXGmWC/bp65PyDVf5EvuwF9agEXqRMLemXrNmdf5sutCHy4QJliOT6/0EGMhiaIA9qkQBv6Okyk= 

kmwsbfPzIg0TEnteeNEWJh2wD0sZ1jjIEXGmWC/bp65PyDVf5EvuwF9agEXqRMLemXrNmdf5sutCHy4QJliOT41U5fBOYZbgIC173nhsQOc= 

kmwsbfPzIg0TEnteeNEWJtRX5VZ2jxQdK7wm9uZRcMg1MLRwA+Z5nFvIJAg236DLvhR7uh7ZM9xsLaWzUdw4rw+cNW/qmg8WdtYCb5fXA2Y= 

kmwsbfPzIg0TEnteeNEWJhR1Pvbh9JnDHrAXbkfAZpLJbhtsWiIta6AEDBygbNT4JEtcJiLTEBz5GxWa82MaXkAk5NC7PsQiQ80Iqizh84Cao8dDvfGeJBsHpd8Ar5CD 

kmwsbfPzIg0TEnteeNEWJilo0z1jRAKZ/wd5rCTLKJ97ldI4G5LDHhgmwsUttqiCTT7v2G61EMNWGd6TYG+UIHTsiwqgwug1+vvIvd4nb8BcHlsHWpaaoRXuwB/MFhGAQJ98g/Frj5hlfFucjQPGfw== 

/oC72cIBbYK12XpKaqV3nGi71OK/LPhk5GLlWiK0ChkTwKyIigux9CviKS/xphMMhSE0WXhPPXlI5GK5Yg8Pxn/kvRoD0ynwrnqjI21weHA= 

/oC72cIBbYK12XpKaqV3nOxoVvkjHQ9Rr7Bl/uXC/eSsEEZdwo7P/HbgkZ5j9cmqpORAOOYFDH/3iSk2n6SxcPWQL0Unp3IeNbaaSOK+kbQ= 

/oC72cIBbYK12XpKaqV3nKV06ZnoXMo2vMoaSxZIeDCsTk/W3y6fE5i7aP2me3sYfkxQurjqJz2zBxfpDdJS19e16iByMbX/hcPnHiKxaYc= 

/oC72cIBbYK12XpKaqV3nLz6TMG60/j88BxKgzCgeSXZXOgQhpkpOIXhbx4SnUrn9Nfxb8mX6GqvLJMDNn/bnUbI1z+N7ofTJaSjitSzTSc= 

/oC72cIBbYK12XpKaqV3nLz6TMG60/j88BxKgzCgeSXZXOgQhpkpOIXhbx4SnUrn9Nfxb8mX6GqvLJMDNn/bnRaL/ueukwG9JmD1xLv9fDg= 

/oC72cIBbYK12XpKaqV3nML9bFf92ErGbMR7LhrIyebGIjY2Rlx2PS5T8p/62OG9Yi79MSnJDjCTFG8K43TO7klTYgGY3jGKuDL21VDFcBM= 

/oC72cIBbYK12XpKaqV3nML9bFf92ErGbMR7LhrIyebGIjY2Rlx2PS5T8p/62OG9Yi79MSnJDjCTFG8K43TO7k5hNpvr0licwA9x/8vmsfkRcPGbh31wc31D7NOodh6l 

/oC72cIBbYK12XpKaqV3nEwAyk4xMdaQHjeJ7K0a3FEfebWiKTe2zqZByriza8cWV67euTSNX7MSdXtmpIiflopVF85uRS1z2vKGIiSadV0GPK1PrmadRqHcLaqF8k3xJrAxRruE8FSq7WBDvG2u5w== 

R9Qnuu2ehL0gjGX/qlXamqB2luHU5Sq3sQqHLUEUSOV+aQDG15xrHUpqkjku3mhcuhOYoguQjKqGxqrX737av7rNyDBT6ZCsO5mVWcWkShw= 

R9Qnuu2ehL0gjGX/qlXamrgBfBk8WEY0j7qNl4SmImZ29KE1kXajJ0xyLkXuzVM0plz0my09Fwfq0X4iWEIvoCDnhTdp1/+KcrwHUfLWPeE= 

R9Qnuu2ehL0gjGX/qlXampGvxRU0itJjEf/nVrlaeBsdDcn68Lv3hlJrth+y9SVOh80FRXZWT3dMdiZ6Tw7yTzFcc37Xtnc9fsegLLzmBGI= 

R9Qnuu2ehL0gjGX/qlXampGvxRU0itJjEf/nVrlaeBsdDcn68Lv3hlJrth+y9SVOh80FRXZWT3dMdiZ6Tw7yT9vr1ZLw+7or/OKUQOySnYg= 

R9Qnuu2ehL0gjGX/qlXamlh860xnXrd4N6HAHiRqSmgmrsofy7AtWjDGQi2j4c4IZfDu/7L2NSLbvKArcutCI3OaLtshqRSLo8XHYzzg1Jw= 

R9Qnuu2ehL0gjGX/qlXamuIFVc5p2Xqy7psM4hq2NRH+rlHHcRO56S3mhTwDQFW+/UDwr2XCXt/kLCmgDG2eYbBjwbGbATlNElMwR+3fqT4= 

R9Qnuu2ehL0gjGX/qlXamuIFVc5p2Xqy7psM4hq2NRH+rlHHcRO56S3mhTwDQFW+/UDwr2XCXt/kLCmgDG2eYQfXGze6CTPN7NeRcd8wJKFnEICud8jlJ9LKH4tl8Svb 

R9Qnuu2ehL0gjGX/qlXamiDUkw+WVmG44eT3IPdSLow1cD4amqpbDl/jXun6REH44thAPV56M+IzmTdseWKj5tYE7oe4j6uFwMbSBkZSmOUgJb6PZinGDR0S314/AdBEP3y74gCcErCZDwZaG0RhqA== 

iullGlqliS+urfWWddsAh5PwyAvHS7gXJYnIYLhNnujocufIzf2ipdWmkvK6uOPLdlVTdgjYC9yB0iB4tLSIG9/mEcAAurtB6rA3ABWdfUY= 

iullGlqliS+urfWWddsAhyj+wV9Iv01M1wjLI2YVfNwOWWOnJjnS0srmUrx6n7pA0YWeieB8CkshcgPYqnzqVSWlsAijCKx3REtbfBumRXg= 

iullGlqliS+urfWWddsAhxdbklXdF2X602BPXsKi6SSpqtkifjX30SEQfheOgojXpdLtIJPzG0PTPLHyDAc1iYm0DV7V38HKqflGuZ5RmrE= 

iullGlqliS+urfWWddsAh+DuApQEgIFKnK1ddAJbrcPyvNil+fMtVKfRdLieLpVuk7sGD6lqMsENVYA8P+DzC7JzDx1dan23zhjT90de3b0= 

iullGlqliS+urfWWddsAhxc3NeAJQ2m5zQ5wicUWKZWBeJ8wTE8e+c9G+9xNoO6lW0FQ45LFlT3cxfB3uutbvNM+H8tVFSzUYbjbyhXzFIo= 

iullGlqliS+urfWWddsAhxc3NeAJQ2m5zQ5wicUWKZWBeJ8wTE8e+c9G+9xNoO6lW0FQ45LFlT3cxfB3uutbvCS8tMnCxCt/dWWX7of+JNQ= 

iullGlqliS+urfWWddsAhwGc+8oeNiqJZyezazo7dMPGZUS2+qUNN5/WCSNOZkoKoUggk9NmQiWHcEndbkXAicoWftFWgNqcVPRGleaiHuGBVPi4UZTcpRe9pYW06Xj9 

iullGlqliS+urfWWddsAh6TbBtLr/Ll3NeqSNGpckOflee4RQtmElxSBLv5ny1UDv5tesPsHwjqbrY5Xm80hUX14poA+B/jblTQQkjkVqICR3bYLFJeqgdeWM0elKQJMNqL6hjHhRWvER53uuhnJlQ== 

cgJk1XQwQIPJ3hzsPYAsbsWBqa+4/g+Q/3PJIJ7+lPtaP6bCDjdHARzDKUcdT/IzjXaFQcaaqfEXRowcARlGsujgENleE8yDoX+uSsv/w3w= 

cgJk1XQwQIPJ3hzsPYAsbg9LyIzksbU2Zmt5q+4yY48U6XlqXyKaE0P+MjmiRKsSPHPrPZ4GQhaVUxfsYNZp4asLAmkPYU02v9ed39DMscQ= 

cgJk1XQwQIPJ3hzsPYAsbrp+8icngz7PuChwEpbeCgnHh0DcS+r6SbuFCXBW6AKpVa/i1OJZ5guHAy2Rm1C05WhksloflTR0svINgvvNIPM= 

cgJk1XQwQIPJ3hzsPYAsbuiccyO71eJScMbVPdpxkCJuyxkm3+DVGzimWH9P2iSaHTW1fzOdpVL4Xa9tRlqAY/fWWUhfQUNJ2d4iJY0fvh8= 

cgJk1XQwQIPJ3hzsPYAsblnNqGtHHUIily/B3sANIHpkda1CqL1MbaQYNSilUYki/nE63P1l28e1z5F/1qT21fUvw+X6kIBN888XZbv22wM= 

cgJk1XQwQIPJ3hzsPYAsblnNqGtHHUIily/B3sANIHpkda1CqL1MbaQYNSilUYki/nE63P1l28e1z5F/1qT21UF5kzpgkmwDQjUNF/ZmH9s= 

cgJk1XQwQIPJ3hzsPYAsbkZyabUFgfDdQNNF5RvCpPZ568ppZrweCy771G6s/VDdqZOfGUjUaFKVW6RabjB0habuk64iXG1JE85z48dkCP+X+lb6I45hA15Qg62Nlxwf 

cgJk1XQwQIPJ3hzsPYAsbiOcKdUuI4HNdXgg2a3r2aY+Urww3wcjUWKXWJrYCqZb3QVX44xPSk+N754dHNdBsAH7WmzZy8GJoAb6No0ny2wrw0e9y+XenhVaifWIVjrN+TJJIRKBQEZWVdV2GUJZuw== 

Ma9liRWN5BwelEPMqJt7ruLGDBBCP/opkJa9r4w5RIE7qi3ViUFBgU4ZNRGr04PCiYCMWHhaPTlh0DS+7+NeDTcGTw6HQ5gx4BMDMju3J5Y= 

Ma9liRWN5BwelEPMqJt7rvHPrmyBxbtI7F0v6W3pdFNyymiTqS34PEt3n8BxLdURPIZsD5k4KSdqzw8ji/n0gmaoujTfxhWSeGaypEEMRB4= 

Ma9liRWN5BwelEPMqJt7ruFtgkMmvgoirN7xLiDPYuKom9h+eydHWHPe14x7iMT+zz6MSoLCy4Z+SHnpuymHwt1zH6icFVeWtpi91jSZU2c= 

Ma9liRWN5BwelEPMqJt7rmTY+u1XTkip/AkrfORx6VQyiyzuRvW7QYdQbyDbqXm67nUkDcFyGPd7koULxiiTQM+7eC2BVI3FAf9SNEohQF4= 

Ma9liRWN5BwelEPMqJt7roxADf+NIITjCUSIqQpfPFlKuYvuX0+Uk4VrrNohAcl45VPZ6He2dK2HcBAuZ2cXLhd0GIgWMcaX5dZyCX8kyVA= 

Ma9liRWN5BwelEPMqJt7roxADf+NIITjCUSIqQpfPFlKuYvuX0+Uk4VrrNohAcl45VPZ6He2dK2HcBAuZ2cXLodVN4KV11HwPq3LOgGa190= 

Ma9liRWN5BwelEPMqJt7rig/QxbUNIJ5+US8axYAIr9PKczMKN1c4/SiUDNmM0pz08N7TaplGzpyi7eQxh5yDH7UJx0656bf/wIIgjLFnp9EesOA+t2k8rfQTax7+YM3 

Ma9liRWN5BwelEPMqJt7rrDQyq06lCxdsu3/kxxM78tjGcw3M595cLAEUPR4j0BbMntHm/bC2urXOTmPnMJH1tLARk6wFlHC4O87fsIZwMYdfS4lgrcWi9jEnFEx4pndtzWobqCpfyT2ddsKr8aPNQ== 

ufbRMya2TRnCWuPox6/8lkZPdd4yDv2aSzz7e19+0IiaCCLA7ALYWU/1TFG7qGX8t81J4/LufzWfY4CpAiGinZkZfZFW9P7qgPVkH5FMKQc= 

ufbRMya2TRnCWuPox6/8lieJskxQy63KDF3frzBhZgT/w150dPFobuvkdwXnurAGSQ0iMTyBNSWAkh8pp7OCS9NdzFvXop6kFiKHia9/VAo= 

ufbRMya2TRnCWuPox6/8ls0mt6EU0sSqUBBJjz8tErvdC2E2stFed5zPH9IEkCTXWlHdXcMqUBEKTXcA7doKRPLR2XA0YJDgP8MprT3mjUI= 

ufbRMya2TRnCWuPox6/8lp+6Ij3wV4/ToatTaey8YQ8IEu8HaMVq+XeN0GRVToIRAxTm+OzsGCDugdTNAhdnRDRT+EdgxgvU6WJptvvOrUU= 

ufbRMya2TRnCWuPox6/8lp+6Ij3wV4/ToatTaey8YQ8IEu8HaMVq+XeN0GRVToIRAxTm+OzsGCDugdTNAhdnRPT3C+oOeIYzICBBNqggqww= 

ufbRMya2TRnCWuPox6/8lg4/yEEiBNE77x4+1HGgmgNnT0H2DAHNY1/Scl1IGUvdyaTkZfKI8Rrbjyla/PXxkEyNCh4ysNILB3Yy1ZyPJG0= 

ufbRMya2TRnCWuPox6/8lljtSiiuginW/HAr+gzSZnDUBjstzJLYg3cIo2bwlbo8wMHVw5g2mxtt9bAHA9hqcNd2f74F1dRjtTHuBOuT/mrjZ6p138Y8YhF1B5eyBfEx 

ufbRMya2TRnCWuPox6/8lkavA9o94Kj9kIkbaQQaHxwnVB5jyGUVCdKWxb26EPYuUZecAxpXUYxrnAdEaYDVTiJTohm3yn7AZg9YFxISPgX/aqQzuhBoWJ8CxWIM0kd5e3CqeACg9PlZ0GZ2f5JMkQ== 

qdZ6o9+23DHROHp9USLPlFScJhtC1lrWypF1OSNodsViV8TeemQ8cjysGFAouZEbHAB39B4uAQkcSZK5JjXshQQ7Y06qya0vlLILywqMLpQ= 

qdZ6o9+23DHROHp9USLPlLXXsMrGfltU49MisBar3wC/tIkWrW9BiPN0WeS7wAu+hnJIWIIUVnh5gj5CIk7b55qOlSaPIBElXvCZBnSz4RM= 

qdZ6o9+23DHROHp9USLPlBAmUmT6PpOly9ElS6JPvhcyQ+Fa0rNPr7kTNCwFwGBx69YLqFVhL+5Oeg9eryvdYsO+NMuEpjgaxRqboA2w75c= 

qdZ6o9+23DHROHp9USLPlNIDN67K6yX0799QfdM0EC++rzWoSKPRBsTBdgVaRQNPXM/s0GceAzn1bfML9uWMe26vnakWHIjIlKrOoYzSazg= 

qdZ6o9+23DHROHp9USLPlCeBHAx3isljeqOnImwCdT6fTIC4dGHRh5tsUso1nZSh+lsBHbcfXoHP65z3hx2nvKMwkd5Zs5dogghn8sfg9ww= 

qdZ6o9+23DHROHp9USLPlCeBHAx3isljeqOnImwCdT6fTIC4dGHRh5tsUso1nZSh+lsBHbcfXoHP65z3hx2nvNmyL5Nr9RkudlqdRZflzaM= 

qdZ6o9+23DHROHp9USLPlMKX/hNJQZBh7Ox8R7FzDxnDhnCIDeQYQLM7oBzw8yxFV7jCgA7SVvxwxSs+bz9mbTXY4Zwv6To/2cm0Jm8k3tCVzMV87/qGi73EBRIi0xdQ 

qdZ6o9+23DHROHp9USLPlKWg1oEE/c5aL9AalAcsQusWA+VUhqRJ0gfswh5Vl0S8bRrIKGu985HCph4P9hZEfmXayIOy2Bjrq9V9tHCMUyM/BpbYFUTkPDV08tt9RfyahhdRTz3MZOV1khkVXbiIQQ== 

ykAyGjc1wT8Z5BAxUkdczx8ZddF+XI8xv05e1T26enTIpDgG26KvulQ4ZOgJ7jKUkfG507iLD9k8xLdrcVw0AB3wLkfc5NUjR+vzp/JEfqU= 

ykAyGjc1wT8Z5BAxUkdcz7cVPdCC1jv3uIy8zP4/zwMxXjWmTcvovVSEUD2wk2QcFsdzgies+LbY3qWe4kdd0stxDwVxM/JjIYr+hROn02k= 

ykAyGjc1wT8Z5BAxUkdcz7cVPdCC1jv3uIy8zP4/zwMj8kX8vl9SK7esKGnJqv4DCIsAylEKCFYu9TNkiNYzNIFvc2eZQiUzMyhZ3xsQ+30= 

ykAyGjc1wT8Z5BAxUkdczwprVwh71h/KfT5z4KI7YhRxq4B/+Xo5RyIgJVC10lO/b/qzJgu9mI3GpzCJZKb/9T8JspYheFxjKyCy0RpNqGQ= 

ykAyGjc1wT8Z5BAxUkdczwprVwh71h/KfT5z4KI7YhRxq4B/+Xo5RyIgJVC10lO/b/qzJgu9mI3GpzCJZKb/9SBB+T/j0SbNYyrhXv0i0Xc= 

ykAyGjc1wT8Z5BAxUkdcz0zgaQrurYuMwT7R3TXZElClNHPQrP3d29DJ6g/WHgbFk02aIOvInx4/k11dSxoTU1LWFtAxLaMb2w6rEeCqAJo= 

ykAyGjc1wT8Z5BAxUkdcz0zgaQrurYuMwT7R3TXZElClNHPQrP3d29DJ6g/WHgbFk02aIOvInx4/k11dSxoTUwjPPuUbQ3IBUUV1lUNNlO/UPl0Os8lTD2u8TdLdcOej 

ykAyGjc1wT8Z5BAxUkdcz9D8XhrUNH4YWTHw4iSygcnsn+wGeIKnPWW4tmjB2oAdHWYIP+8+KfVY+wvq9WN+LLz7xjcV05Fqmr3Df41T4Xd/KtltPA0p+YhP/08ZiHgS9cJKqXd42b4MuwUsx/hCRw== 

pGvC9tI1BhexN1ozhteKrVAX44A2YqmBfEwi5fLbNPUDc02nfykC0I4ndjJTG163uI4eDZsWg4sHJfrI3V+gPig7BR2aR4zRivSO5PW7YNE= 

pGvC9tI1BhexN1ozhteKrWtYxOO9+nPsPmJcVokQSbtlWTloFvmfrm/5vRiDQ7cUbXTyOtXOUouI+tauCg0AUJPyXq9ELsr5vftoEqvVTUk= 

pGvC9tI1BhexN1ozhteKrbIRwyf43G+RYeU4jN+Gc04DOyIZU78bJHrgBVHrxc6oh+zVvNDB9StehIl6VXMZlYSoIHdVSADt56JQDedtHpY= 

pGvC9tI1BhexN1ozhteKrc9vi9UzZ+Bk59HvkVH4sxNFx1HJsjGgMCAQBuQXvcMEmWv1dIJAYZk77XgiwgmCmblXgRx9qgW5IpCbp6fKKA0= 

pGvC9tI1BhexN1ozhteKrc9vi9UzZ+Bk59HvkVH4sxNFx1HJsjGgMCAQBuQXvcMEmWv1dIJAYZk77XgiwgmCmZEmjy+yIEBYaGp+FGa2CD8= 

pGvC9tI1BhexN1ozhteKrdFkTVClD0VcrRourMZRSyqQod4XsxWICozeBjIavlr7qIgbVK6dO4Bc+/sed1IIFFOKupXl4FuobGLkHK1XMis= 

pGvC9tI1BhexN1ozhteKrdFkTVClD0VcrRourMZRSyqQod4XsxWICozeBjIavlr7qIgbVK6dO4Bc+/sed1IIFMtXNym1KZ7NvDm2HBO7+1bNR0bjCx/Q1l3tkX9uA10S 

pGvC9tI1BhexN1ozhteKrYTtZrLLXptQRgq1jiLxJW0arOPLIcTxkoyYp9GYpp3XQA4L12Rxo2t2Mc9Tx3IOfYlsyrjdyPhf8zOi0ERpmUy/KhzuDarvsfeCWkmn3Nx10fIN8zF0D2jtgOsTT+ORgQ== 

7kvvUo1DLNtW0qyErf9BmIQ/oRMoWw7EhjIt3/3sec3gHNNTem8TrKuxr5HbtfhUYUnkjVpQd2tsC+NeizFUY26rQAbs385rxPpMq0iVmHY= 

7kvvUo1DLNtW0qyErf9BmJSssKjmU0xs5Q+YYwQ/ytJvViOm8psMbofBeDiL89uEtbFhZCreF68u59smpYCIgITmL2ZUDwr5xvTVIgLomfE= 

7kvvUo1DLNtW0qyErf9BmM9mh8KDwaP7LGpYW9PCL1HcWvaCY1DAkhnNZFoP+WCqxesXKaGbnYF2SOTitFLpHoSzqFM5O3fL9st4YpUbAT4= 

7kvvUo1DLNtW0qyErf9BmNcqYEInPGbB8VkNgPwYmayAZhvbo4SaGQOC1Q19IMT0sTAbPjjhh+DsO3MvHuCpyCRVTJL0VNEhXBTEMG7Su3g= 

7kvvUo1DLNtW0qyErf9BmNcqYEInPGbB8VkNgPwYmayAZhvbo4SaGQOC1Q19IMT0sTAbPjjhh+DsO3MvHuCpyHbcqI7dUHeAhWRdgVZDouc= 

7kvvUo1DLNtW0qyErf9BmPZ4PL/LPNMuBQMFlboiHsbkixIktKb5r+d1isdXIbzvGeZ2u5Lx0knjpn01Lp0dlyyhPWZ6XE2UkstYuXByhDA= 

7kvvUo1DLNtW0qyErf9BmOPqy1j8xJY3+JpHw3ZwN+Zt/dUfDU0Xs9rKDqdez0q2fl3I4f15uExpryx0AHFR1SaaEH84KJB8B6+zKEsS+a5qDf6vWazDZ+q06+t2zzb7 

7kvvUo1DLNtW0qyErf9BmMNvx8TFTFA9Kn9AlrqPiPi+o8EhbUW9AXcarP7jiHx0aumvmO4uBYK+4QP982Ny02Q32oAk24LIf/GP/+kHdW0ZVUZLdn2NyqTgg78A4hmJ++F337wP93RWegMmK7HNAg== 

rOJWZsDk5M0Fd5dqQqoKolc3SgC55IleXBPv1rimQRX3XDfXxkcgRzAqe8s/Ap/JMEXabkybK0H+Uf9ru7yO9BW3SGq6dTzOl74cjUuarrQ= 

rOJWZsDk5M0Fd5dqQqoKooP+nuOeCp4GG6gWu7Z0yQd5oEBqs2yVwvZZt6ou4pyu27I+uefluyuBHYiPVVU+fR2UIw4pJw06/ZyE/+PnBvU= 

rOJWZsDk5M0Fd5dqQqoKop/QpQ7E1cdJ+EUli+XlkmoXa8yng1scHdGtm6ODtnNPNPhw2uau+5ldHDd530a9K8h2zkGbv+gmqzJS33ETsJ8= 

rOJWZsDk5M0Fd5dqQqoKoqsrAsHD1MD2orCudVys9MGLnBpj2srMfkYZDa+tG2WuVqSt2rpGrjS8Or5LOpno9644UGpckF0n75Epla0NTnc= 

rOJWZsDk5M0Fd5dqQqoKoqsrAsHD1MD2orCudVys9MGLnBpj2srMfkYZDa+tG2WuVqSt2rpGrjS8Or5LOpno98fuDnpsPTIFNGU2F5LNv8Q= 

rOJWZsDk5M0Fd5dqQqoKosbMXAKkPTbUUOEp/aJJEgCQaN7aN6qONCaCJFA5fNBZ+PvNxTTi7kLlGftu7mcSXFQHshrBQGt3dOzMtsL8lJ4= 

rOJWZsDk5M0Fd5dqQqoKosbMXAKkPTbUUOEp/aJJEgCQaN7aN6qONCaCJFA5fNBZ+PvNxTTi7kLlGftu7mcSXDUHikDWgoVlmCWX+QV5PxB/5S2wNM5ZiHgu53fHKcR/ 

rOJWZsDk5M0Fd5dqQqoKovJaY3Oxhq0Q21YJIt4ktyTfShksyA6nTosN7emqxTm8NBB6p6O+JPPDMgcKQq3wLJep+Mf0bF9ZDHAEw99ff0IY6cYVS4HMyeEr51sOcODpp5F4cvPFVNg294ZrMhmXKA== 

NsjT3e2ZKyog1hRXd1Dl9TAmCLP5jamYXlIv1R9h2J083gWDk/0pf+rUuzuDvTDXW++Z8FWj8l/JBSdHaG6EsZRm3hTp3VLwdPnxcSmfDXg= 

NsjT3e2ZKyog1hRXd1Dl9bv+iwU0RtbTZQ02ivulrZQe9maShr8pH0Z08isqPHiyM/7B/OFz3C0ReS0LFw9YZgq/xLZYNf02Nu2ktaluAIg= 

NsjT3e2ZKyog1hRXd1Dl9QuGa96/e5xi5cdpaM58e4I8NyEaS+JrO3aOPQnJNgRZ/8Dh//xJD2hvYheb4q/ddMWPb4GgXSfRVhZNQH509iU= 

NsjT3e2ZKyog1hRXd1Dl9cCjpmNeKncl7n4oeJjC5W4hoCFVE7fWp9akBnVCPs0wZcFI5FCrVjquMbyAe61diy+uZgYNNyxz+lXovPeEERU= 

NsjT3e2ZKyog1hRXd1Dl9cCjpmNeKncl7n4oeJjC5W4hoCFVE7fWp9akBnVCPs0wZcFI5FCrVjquMbyAe61di/RIEGIAS4iRR+ihp2LyEos= 

NsjT3e2ZKyog1hRXd1Dl9epTwJ0qx34wUtEMw4xhGIAJfK86huT0Vnkg79uwYCo3003k4a497HByORdR7PUkg5VeKYn28LW545J9TvLp5nY= 

NsjT3e2ZKyog1hRXd1Dl9ei7Bh1pg2EZDsvUVtl6vgD7mri9Co4S5tqkBzTWmSpRDsviLyq+oY/mQUyAWy7UHqM+40oz+IcTq9ppZkqAUTCcW52pIDiTSfWNve3GhUjt 

NsjT3e2ZKyog1hRXd1Dl9cbkjxBklMETlm/wQ4HLRf8wmmcNSspyq4mGvlRYpVx0uNUYc89rwLVooUo26It1p4MN0qggn3vov0NVSdluF3GTi5EAKakL7ALAT0xLp5zq0RPJvrCOJGiY4WVFm5gDrw== 

FyoYa5AzJkTWjJYheOSiIK88IN02EYfFXwyRKnvhN2VC18dIds9FYNKCoT2vRFlGnEheTdvTvMYHa+q5u+vH8WqgQTQs+zVrPO1bBEDCbNA= 

FyoYa5AzJkTWjJYheOSiILFBDcPPmjcfTuNak06VgKB4Hcj5AtnYXRtgTM7wGH/MtJg+2oxXaEmkh6oRWzsKYaKV+5v8N3nPyuKKfiGQz6A= 

FyoYa5AzJkTWjJYheOSiIChtmHEmARxnSWW1mmJvVloZwuujGDR9sHq/6Mmy8Qi/pROmt6H5shwU1xZMgZmtcXvIAD+dIkYmF4uJgpZ5H/M= 

FyoYa5AzJkTWjJYheOSiIH4eZOxO5ZYEwiM4S6xXCYd6i140BRTp4aoT/0XHknVeIcJ+o2qZhiiAXiQ/imwqbSdPU9Gm65UO/csjBfXbYFg= 

FyoYa5AzJkTWjJYheOSiII6S/LNMcOyUwb4xMEL5ot2fgD32c2+qYBfRRtKM0DCNlGjVnhVUU1Pw5RM7CMIjZW3s+dhxAWHFVySysIWOuA4= 

FyoYa5AzJkTWjJYheOSiII6S/LNMcOyUwb4xMEL5ot2fgD32c2+qYBfRRtKM0DCNlGjVnhVUU1Pw5RM7CMIjZcgvdazbshWaHwxJ1KuXrKA= 

FyoYa5AzJkTWjJYheOSiIA2KZPKHOIC81cAX2gGRDrUcehlQW3rjnJOgfDZ4PZeT+3CDtcpoYpj3zPNFQR37NnOOY2iw1YrTwkXBBKfcljBfAfD789Jnz4kQDopkBHEJ 

FyoYa5AzJkTWjJYheOSiIM4DusWlyW5vrQT5+t7SZMhTUzhvGWYuR8lHCHqjoGoT5ptvgD4rnMQeqcDDRQ2uWF39S+LOD9mmdC03Sz1Y4/oscTZPek9fQSCKHstSQ7wkUe6pQqUpnoiJkpE7TOxziA== 

FKl4bHqVzyl+36lzkutxt5caYZCSP5GNvctFdC6QS0lUfaliNd/kjn2w2BjKKA2t+sEnOzmBXU/fp7Y/jCRWLXHJGT8QaH5/IbYT8afX1bQ= 

FKl4bHqVzyl+36lzkutxt1eEoXU2FcJ3cejrFdQTVEhZilQZ90PNLgq47jxirbq6WeGkT6J6DnCGjArj4lbraBWYUEkYE79StgRPstEn6+Q= 

FKl4bHqVzyl+36lzkutxt3VUtOI3E7McM2ImV3EghKp9piweU0MphTM1n0EHRLD9kSVWpPSmJZVXlLFM+hLCgStstGCKoNUTAgtob72l2tk= 

FKl4bHqVzyl+36lzkutxt/r6qLv1M6dPdIUiPDk0Z9lqAVyu8bAHpXf5DTUGV3F28VRBLNkRBpKvKmC70oi1ESc56GbEQ+03m6rr0qZ0ijY= 

FKl4bHqVzyl+36lzkutxt/r6qLv1M6dPdIUiPDk0Z9lqAVyu8bAHpXf5DTUGV3F28VRBLNkRBpKvKmC70oi1EYtHuQF2MOtFi7x4vcH1TT8= 

FKl4bHqVzyl+36lzkutxt9D64wdJgGxSjqNMNHrLpEKwzCE4RHr7QyWzrcb3ojHNjL3IojcFmKZMpIdnz7OXbwrItDl8pE5agDzN0O+Mf/M= 

FKl4bHqVzyl+36lzkutxt6JKyjEyCBPtw6T/BvKxDlbfFaD5C+ibZuevBuNblFkaKTFW/8bOAONXhH85hfoefgx+6nTZ3X9XUwvk4IsZ0ySO97dkpea0I/p++dkDtIDm 

FKl4bHqVzyl+36lzkutxtzZBjmOnZpVIobp0vd5NJNt+M9NY7BM/uP9mY1DkbKFAnDGBx3VgYZ/eXwZ7MwcBCCj42arGf+YNxhHDWVPOTONOsTgQmrM0WyNTTYu+9MCrBmr2mTaXQ8cEdTL/PMDgjw== 

CalcOFm2fiCBjpEPvwU8X1OWCjLiruroJcmnHpiNnyyESebAbps4YIBEb+y49tqAf1MtW2HM6XEz54Da6jGv0S3K8tR5rQw7rKKwpzbHThs= 

CalcOFm2fiCBjpEPvwU8X2n35nSizalKsA6VHjNRSDgg3Z+ZvrgOeydzJmyimDlV43aLJNP9Tr+IPuBlJX7CxEDCdNjmX2qLYRTzxNStXh8= 

CalcOFm2fiCBjpEPvwU8X7ff6WOXmwJFJn3tjzbBaZHMrsqjpQll69QS7dyRSVYM/8rWJMhZ+e2ei81Tz74NocRFyueJwpAooPRUsodJJ+s= 

CalcOFm2fiCBjpEPvwU8X/zqSUTihQu2m6fNncbfKZ8nRdY5D8GkRkMnKvcW3sjAlxPR1Fhv44j73l9DO8hcyyw/6eEgs96xhh1Zzf7/7Fc= 

CalcOFm2fiCBjpEPvwU8Xxht4Ci49qI3SR9bNlXHlhenTpCr8N9eVv7YcNOI6p7YaSyQmrpXaxxCaCX7KzbS65iYP6Q5vh5CyKDZNyaysi0= 

CalcOFm2fiCBjpEPvwU8Xxht4Ci49qI3SR9bNlXHlhenTpCr8N9eVv7YcNOI6p7YaSyQmrpXaxxCaCX7KzbS69dPaTHvT5ZQOC/2GKTZ34s= 

CalcOFm2fiCBjpEPvwU8X9MyiPKfWrDw32u1OKxbqQ5upR5+8WgCGP/73jeVpW80LAucUSQtRdS+Kr9v588bJ5yl1B9mcfAWExTFEPUAKVwhLXecjgczhH9oZmTlnK9A 

CalcOFm2fiCBjpEPvwU8X1NeQUB0N2joGbX5MlOkQWg7esWfPKAQa7baIRKb2WRDMGMl60Hc5zI9xBdrh7rpz8QWp9tIyzgnBQGI5w5/LuKgfFufDJ85iIbz7uaM/xELqeyvasnq/o85iI+aZuje1g== 

cCvjF7B97199vlO9cmJhDid1xpn/mpghS6ObudQlybyBFor15Z2MyFVBzSiLJkIRuWCh6cG6u1SeZlC0rU/wAqv7MOnmk9gIytO0830Hw/0= 

cCvjF7B97199vlO9cmJhDrlkop996Vd1Xe70y7MNWlSDfjAIToGojKsJvB/3aMzLC3mcXWidPrZIs1Vib/2GYzQRhHpLrbH5WYBiXlwd0ek= 

cCvjF7B97199vlO9cmJhDo7QEh+YVhyxQ+bF5x6mOnICjE37Uak3VnP4xX3jV4UAV970VT6C2LwEcXxyzInIARTaIVXd45Ocx4AuuZwnZE4= 

cCvjF7B97199vlO9cmJhDo7QEh+YVhyxQ+bF5x6mOnICjE37Uak3VnP4xX3jV4UAV970VT6C2LwEcXxyzInIAajzfsc25fccvBSicv727cw= 

cCvjF7B97199vlO9cmJhDolxMurgBV3suwwU0hFa+NCaAj0ZNSZmvGe+JOs34AN0BGPRM0zQ4ODok9ILhauxg0ZAb3hDnMq/iXUj/MU3TV4= 

cCvjF7B97199vlO9cmJhDolxMurgBV3suwwU0hFa+NCaAj0ZNSZmvGe+JOs34AN0BGPRM0zQ4ODok9ILhauxg4z3sMSzVsvou4ZxYRWfeL0= 

cCvjF7B97199vlO9cmJhDn+tfTfmQvLD/Tt6bv8j8eERZ+UnbePHvriBYXeTei/MFfXAxi7oqDq1JrJu3S3oFSWvdt7mhSibQ2YxLNRvFCkmJaN9+pRPbNIvIgifDaGI 

cCvjF7B97199vlO9cmJhDn+tfTfmQvLD/Tt6bv8j8eHkwd0Ahizqkpvi6FgpL9q/FOmY9r32ETwtugLILOUnimx+n43DS1w7/mc9a1jqTpOU9AWh2+rHNncjIxf0YiyGzb3FjYr8/e8E7hz0b7vKKA== 

riBMdHe3S/LSKL1CD0HEe7/Na7Z4Lei6RoI+KKbOEiciAgCtbwCq3Rbnf9p//BQr2qGzr8+nkBb7b4d8lZtebeeyitBQZvNudFP9hLLU2Jc= 

riBMdHe3S/LSKL1CD0HEe7ZKv5OXI1rsL+3wuaD15ltIHv6eVn04nbYQTd7v2DIFwMNtjxHlFEEOgCrlT4PxlZTbKywnFdPBa3ZAJqjbTAY= 

riBMdHe3S/LSKL1CD0HEe3ifhDdIhKp5EyVepCYeMY9Et2a51eUbsO+3zZmMkwiSJJy+bmk7aefi3Si1diRi+Xegvl4LK8ftdHAPTabxies= 

riBMdHe3S/LSKL1CD0HEe3ifhDdIhKp5EyVepCYeMY9Et2a51eUbsO+3zZmMkwiSJJy+bmk7aefi3Si1diRi+RX2+tIuYUu14QA2waBwrL0= 

riBMdHe3S/LSKL1CD0HEe2dZQVJhalD+es3GI1eZ/7rqrqsFiBu3PVhDI0fr3ljGQIIb8uYE4oYmtREUsIkq/wnPZvQGA6hmB0VDZm4kKUc= 

riBMdHe3S/LSKL1CD0HEe+x7GNrWuE1mZ2uLKh9rETtcLGn1SjA4OisCdhAYzID0xLjWRUSVtSoJmsNs0rFJUcetG2lcMB02lMqQJCq1gco= 

riBMdHe3S/LSKL1CD0HEe+x7GNrWuE1mZ2uLKh9rETtcLGn1SjA4OisCdhAYzID0xLjWRUSVtSoJmsNs0rFJUVAvB+YcCb3DZa7HMmhw9WKsixNcFFU7hUoFnw63Evna 

riBMdHe3S/LSKL1CD0HEe4IB1t3lP7z5zlLHcXqGe3GCXBpA9kVOmsWNlBo7VVjXW2Q/bFTmILMy0UMSIyTHqZNdI1GEv9wKvBtvDXNZnoGP6EmGNjEkIDTo5XT7ZZZxJD/CJVwdCcVbDQBCKQK0kw== 

chPiow/+4YlXQw4goFPB4zaD+dSoJG/UFpUq+38DxeqtNWkYGKYaLyCsz5G75s/6rQ8kWrtAzns1qzStdrOVUlPCqo5Y29YVT6MA7WNJFmU= 

chPiow/+4YlXQw4goFPB4xcNx/E2ZvyWXGS04hbgtwOPnYSwcn2GKnxpW1jlEM8o+78+U8JzqHMIKEJRAq2RGjnPnb0yAIiI09G5YfITyb0= 

chPiow/+4YlXQw4goFPB49pCCANUOicdnbYALbv+tKBQ5XKdc5PTgvl18rUlrhNOnFT53BjsmfNHtRnZhXvyy1IIG2O8jRik1EedjSTjyFw= 

chPiow/+4YlXQw4goFPB4wwZca/WfdJKq/zSMAk66B785Cr1iH6pmPuOtXjhWxNsfdZJR2hpRMDwSYb0Ocsycc+K5+0Vc7uNR5nFZDqQVwM= 

chPiow/+4YlXQw4goFPB4wwZca/WfdJKq/zSMAk66B785Cr1iH6pmPuOtXjhWxNsfdZJR2hpRMDwSYb0OcsycZeQlzyAuRboR7TH5yfB7m0= 

chPiow/+4YlXQw4goFPB4/muBw2EI7nz6E9SUTePdmtWJSFYlqgOFvc2FJzMmAM+2arH3FoLVL4akjOeB3x33m2QS/xfH93zJsiuzZgWlHQ= 

chPiow/+4YlXQw4goFPB4/muBw2EI7nz6E9SUTePdmtWJSFYlqgOFvc2FJzMmAM+2arH3FoLVL4akjOeB3x33hOeZe73RUCncmu9cmfp1JmYX0ic//Jbs0EeZU3/TUDx 

chPiow/+4YlXQw4goFPB45XDVCRprIY4fVEoFl5KpLWoGmOp+aAIWGFqE9JvoetFXGCkE0fhU3jKHhF/mC7s5bvGJ3JxfxjPZ4ws6DeVS5FhNmBwijh6KbvE0tTSShlbbcbiqP9jr/APHLCVkbr1Mw== 

B6cFTEzYn6e78iM1f6IkUp70zTU5HjeqNrFlrUlj6fsoe9PXM7BOSJUGw0608SQH5xwkBepeA1Tgmtxlk0WzVYDNLV3ToQgts01SsBL6xnM= 

B6cFTEzYn6e78iM1f6IkUvWl5Bb2tals+zhXTuylu/PuTb217f/r7Mrm54F7yvWqH/znzIzrkLvjcuVjFgT9YkUKdyTwNM6He4NSJPmEWX8= 

B6cFTEzYn6e78iM1f6IkUoJn+sC0b8oxiqiunFa/Sa+VTtIB+zqGUgVGNBmYY1qCoiD5mqTcmRFKrXSQZeVM6G2o81P2IoDXWOG4Y7XzM1A= 

B6cFTEzYn6e78iM1f6IkUo8OOQ6rVqFGB5D7ticAb+qu7aAnNRevskinsEoafA8KZnSQlZXuf2cVAVCMsl3w51z8xfNNKUSGm20AQiFX+a4= 

B6cFTEzYn6e78iM1f6IkUo8OOQ6rVqFGB5D7ticAb+qu7aAnNRevskinsEoafA8KZnSQlZXuf2cVAVCMsl3w50dcc63/CmNZiiRxND0rXgU= 

B6cFTEzYn6e78iM1f6IkUhZoYapQ6PVDnCbCY7XwMWZCIQ/hfz8hH4fKCQ6Wq98PBo+jve8QjK8Iz/810zpKs5TZ1daQTWRvcO8EnYHwIyQ= 

B6cFTEzYn6e78iM1f6IkUhZoYapQ6PVDnCbCY7XwMWZCIQ/hfz8hH4fKCQ6Wq98PBo+jve8QjK8Iz/810zpKs+99H+pNRhYbvBB5UcD2Ta2denL4fT2qOwhThdaesC9l 

B6cFTEzYn6e78iM1f6IkUp7/+I48I2GuDOIGi8jWWFkG0mtH33VFBow3BtORVFqgs/3b3hfPpcPfyla0tFA3YYkAwa/NAzfUOltxQqQwfnM4eXtZr4K3W2IzEPhYdLj2b5PO1ixnD5XR0EYMhk4ycA== 

+PxRomvfEEYDGYRdDRCT7RgZkDaaCGsxGLwrqD1q2N3ZesweKhiuDTUFki02ebU8oZXihxMJAWyvtZ3vG/H8Gj6Frn/AhrTXlYQn15ZDPgo= 

+PxRomvfEEYDGYRdDRCT7VKylC76EjaBG/Frv2pUZuSlQnvPCrcWh4MWw+HIpG6GpAgRiw2aiS9S6Eo2G6Ciore2gpNQxua1pokd9A+7CjU= 

+PxRomvfEEYDGYRdDRCT7S4gUQKFYayNNgB1AELbfBXkCmkMI7P92eBWHPvQtnYFoyuxHhUUD4JUFi+WM6YH6DbCPmCvWwOXO7JX0ofeEUI= 

+PxRomvfEEYDGYRdDRCT7eKzsr51U6KfNd7HGlUPo2uM65dFd6yNxf/LQZNb2ojBh1zEs4dwfNgtzTixWwPP6jdhhKXIFm8xOmJuDt/jdms= 

+PxRomvfEEYDGYRdDRCT7eKzsr51U6KfNd7HGlUPo2uM65dFd6yNxf/LQZNb2ojBh1zEs4dwfNgtzTixWwPP6ghaJRqgQnCGkZzd4XsUE4o= 

+PxRomvfEEYDGYRdDRCT7Uvn+rJsfgGHBc9C2NapTiOe2r0gzuWJgvVzK5bIpJ8g5gBNeeiOqVfIr9acTpxOjx6QWBfYxTbTzoDDQR5R1rk= 

+PxRomvfEEYDGYRdDRCT7Uvn+rJsfgGHBc9C2NapTiOe2r0gzuWJgvVzK5bIpJ8g5gBNeeiOqVfIr9acTpxOjyj1M/8UmGYWNsUykCEcnf0yFUUxNVsvgS0jC322tbmd 

+PxRomvfEEYDGYRdDRCT7cwSdwnaBBm2++rz2xfqJLDZe2f53a0W835pVxMHh+KJWDGdHUEmcGWLx6s5fY9xK/ANbBq6fMq1v3bOwZEg3KhRRZWvDtOumX8dm8LnRDHmK96hclLUxZ9uda/rD/aLHQ== 

KqAuWGHO7OKYKlK3MEeoUx28rUDL/ViNsmI7hD0ld2tqaUs3Lmg18Ny9gMZk4w3VJ3n31rgmJML1Zbx7k9QgxF6kyLNYW2aeU/yPT4SMtVo= 

KqAuWGHO7OKYKlK3MEeoU0n9BN6TuH1ETB/DQdbxrUc96OYxXgTqJI08Hy0TaP2TMo1ot2qd4UzUegXC4z5VIQjw7FW+h0UEKbVYOfVrdns= 

KqAuWGHO7OKYKlK3MEeoU3Grm3CsditVkFx5BAoL4gai/paUT8RuJLLvyU+ZR/dL3JJbooednI7dnD98Izk+uFgGmQNACUACct+7eaiBIMY= 

KqAuWGHO7OKYKlK3MEeoU3Grm3CsditVkFx5BAoL4gai/paUT8RuJLLvyU+ZR/dL3JJbooednI7dnD98Izk+uO8Brip4OQonSE2EQ6bsl6U= 

KqAuWGHO7OKYKlK3MEeoUwlpJMnfqfJczGzcjlK7kG21yxA8uYkZE7QAK5pJ0sIRPhZO/YyD9F29fQ7yD+UH3+gTWmJ/HsZplDTgjcVpKeQ= 

KqAuWGHO7OKYKlK3MEeoUwlpJMnfqfJczGzcjlK7kG21yxA8uYkZE7QAK5pJ0sIRPhZO/YyD9F29fQ7yD+UH38XYf3AllcDiJ8aeSPsIxds= 

KqAuWGHO7OKYKlK3MEeoUxkjc9hTOtLsuuuODFgnlaj8yERZXIam2tHqHhEde8y4E1AAJmkzRkMWB9ob5/1rVzykUO7xcA7DrTmh1L+aGu0mmLJg/B8H6vw75ILnv77G 

KqAuWGHO7OKYKlK3MEeoUx4DRKc3EXN/BnkoggUY+T/kW3xDsuEVHoN6PqPjWsjQm+tUlvN+uKCLwEal+bwTDefBdXQeI9L2XjEXl+cFrcMzmdo39Jk5NjVGP53BsGBmp1Q8CAuDDBMakPDllgbJQw== 

LfldPKfMoiVeLa88Ie908mVT2y2+Nvrq0gutkM9BKhgwoSivWZ3SPIK57eTDFk6LrItrgRgm1F2RHKQG0aqf7JeshlkGzdJ20hNQBlFaMVA= 

LfldPKfMoiVeLa88Ie908iPt4W1Z75KxLbm+B7MVVbSyJnZInVrcHYR5JjzFaHYTIsdkfts9ZJzilM+2Twl5XkcirxcuFjffrNLJo9RP0os= 

LfldPKfMoiVeLa88Ie908r110YdrGdnKm7rD+v+w4zJfzQhD8lz8H5KIwpO4dFfxFDZsNtdT8J9si8J5LAMbWqqWhv2hsdA0arGPlmS+RaA= 

LfldPKfMoiVeLa88Ie908m1fG40+Wu/x7lqDrudwYHZljkFMDj9dedaFMp+w1+B9F6lpFWCWpHdC08zatx9IcdjN5DckkxTeVia0Rr7Uhy0= 

LfldPKfMoiVeLa88Ie908jV9/fZXt2xZvSybsUH2HsGxY35lxD4BV1oFBw0BFw4kQMR1JCQadSFB6yCXH9iblzb249q3LWuMTxP7vbDpo+Q= 

LfldPKfMoiVeLa88Ie908jV9/fZXt2xZvSybsUH2HsGxY35lxD4BV1oFBw0BFw4kQMR1JCQadSFB6yCXH9iblxYp78KUMUS9THGFW4Nv7sI= 

LfldPKfMoiVeLa88Ie908lGDjGD5NGsSPoCjyUDxX72rMuDXowY0V8zz7nycH0DnZR335pC3IvoxzYoftG4qiN0WZ1XJzPbCbEago1HliKoNalTXR4fRi1ILpmU6fKYG 

LfldPKfMoiVeLa88Ie908oyI8B5qGW+PFdFA4RJ2bptARRKIMFmIyYFhPoj2+4QXogDsqVvkJzvvIVYvY8pBqw6DGQmzB0mvgKlXgi+aODjV8T3Ij1D3k6H2DTUeAB/Jo3U9S0v+G2NYugbGJrGVIg== 

h8hWjfGchkmOvbDlHFAvC0j8PapiX/bX0WmLg2giGQPDzQZwRhwQyP6jpa6pYQpqKnIpYKqz5Vkgd4Evo6uTbLuxE43CITyRISfVhH6vke0= 

h8hWjfGchkmOvbDlHFAvC4wbNT4AbQpi8rPZRIdNM9ClUsFI3resOwMZ9t5hhyW6Sb1Eq9eyohUzqwCLReCbXkqTtPZ/W2EwpE2Wp9afd/w= 

h8hWjfGchkmOvbDlHFAvC4N0TzvopDBV3h3ot77WuNJy9bZJ+ZLAhHCaHzYyUC7zFjRQDpKuLReL2x8LDD/rSyCTpfjmqePvn4VkIaZJcDo= 

h8hWjfGchkmOvbDlHFAvC2WSgT1Z6j6fBoTtiY88ycjNEjyBWd51IFzrumqIJZ1R0fknhA5lbYbi9XRX42pM9pi99a6yvwRPch3HJBvVMZw= 

h8hWjfGchkmOvbDlHFAvC2WSgT1Z6j6fBoTtiY88ycjNEjyBWd51IFzrumqIJZ1R0fknhA5lbYbi9XRX42pM9uc+O9XLjfpsWCnY6bheD9U= 

h8hWjfGchkmOvbDlHFAvC+v7zXJ67LKlkzkWDW+UBqk9ELXLAkoBXbzEClLxZg+TLit+v/e4Yx+E28vESB/71FmAOFKQys5OyXr80YESZ7s= 

h8hWjfGchkmOvbDlHFAvC+v7zXJ67LKlkzkWDW+UBqk9ELXLAkoBXbzEClLxZg+TLit+v/e4Yx+E28vESB/71CFnAJXYKyJCi0mxA67d9qRZ2Yk2svOwLQ4QEkO+K18q 

h8hWjfGchkmOvbDlHFAvC+gouEKKPSK7J/PfVo8B71TzSnmtCoHjVK25Q2jZ8rRWGCDe9B6gkF9dbJfADPbr0sQr9rmJmcy/ySa7/u6iQC8QB8j2K+C55+u9eEXA4RiL10ldpVbzcwM+EpZf5P5fZg== 

QiwyRdRebrKbzTd0Y0T2EcgSCiRfXSJlScGAiY0ALU3nRAoJ2Uy3Cc80JR+AKnTNkC9tKgFkP0I0K39gc4+EcnVbJdwvZDvDwL0m/XE97kc= 

QiwyRdRebrKbzTd0Y0T2Ee311JQVIViBKrfJp5usoMTN+cJeOS7DvJacQCw5eA0j+E/Rq2/UQrpVWhaMFgbBXGasH+lau/SLHKNYnRdrKpM= 

QiwyRdRebrKbzTd0Y0T2ESbK8ZWF1xHFKM46twjsKKOFyew3a9bhKa2hiCcwAMS3atFEU2YquYlalqkkqr9X3pZ8R+bZ4DRu8hmLqtnOQdU= 

QiwyRdRebrKbzTd0Y0T2EVZkgrIua/5UbAsijheMLo+5Pq6u0aVpwvflsWnWgt4PfN/fnduWNhbjTihx+8EC/lCTeXeOfrw+x2zKEKeD/ao= 

QiwyRdRebrKbzTd0Y0T2EVDPdG+tzP5D8W+xAJjXBtJE1Mx3/vHRctSJfGNaGCVJ0GAVJnvt78bUz44j7lp6KcYubyyzbLWBL1DRvxNgw5I= 

QiwyRdRebrKbzTd0Y0T2EVDPdG+tzP5D8W+xAJjXBtJE1Mx3/vHRctSJfGNaGCVJ0GAVJnvt78bUz44j7lp6KeOP7ha76X31ANXWCk4bCBk= 

QiwyRdRebrKbzTd0Y0T2EbFw0P0dQ/c0XKfYRhPBWWVW4VLTmGlAjsLAvPTCKQfJfL9Qr+lL08DEDI8fWJ0mI1DRZcCEWLd53II0YwAU0SuR/E/dsbrdOuu1hQSKSR8l 

QiwyRdRebrKbzTd0Y0T2EXcNOGKGhFvPYSeKcs6vv7krec3Y+nPCfxbipmyzJtH7DOadt85Sugbbe/3mlNawoNzMx2w+NeK1gwM0PooSbNnzKqkmJk27vJw/ioxZmG/1JyEmRXd+eqZaKgHAMa2HGQ== 

JPtZuX5mZ9uyE1skqnRhS+iHI9LrTW+w+lley5rV2vxu6D+3znY9i0BeL2vh4LASamVnwpEgqDmEzu8Jk/6vz5xYjSmdbodvbPeHJ10Yjlk= 

JPtZuX5mZ9uyE1skqnRhS0y7yHh489wyXVHMo5ZyKWUJv10zoU2eJST1foBa9d83dcpVs66XmMhuEkdWXGeNoAyQWMrMcFDn+LDebQXavEA= 

JPtZuX5mZ9uyE1skqnRhSx70ybg23rwx9LXH8CjhXNDhP9tbETRVkfcrfPDwWu6T/jNhwfq9nEjTQqE7nFgXdO6opRCln3LSYdCwRCjZ9EA= 

JPtZuX5mZ9uyE1skqnRhS/+USH9AB/5rhx5TBCv+uOKgjwxQVXv32dpaBkEfrE6n3sHUQsHsFeZqtP1nQ2DcylNCT8AghfWkAMI9FORhlZg= 

JPtZuX5mZ9uyE1skqnRhS/+USH9AB/5rhx5TBCv+uOKgjwxQVXv32dpaBkEfrE6n3sHUQsHsFeZqtP1nQ2DcyjL0/v0hjiisuSDKfJd4Z4Q= 

JPtZuX5mZ9uyE1skqnRhS849Bm/yxBcrv2ihDW4ROtEDxjqzyTAJqM2JOtv51UgoBsrxOLu8EkQcukR7LdIKy/CVSJiAj8nayTxHmeFjd70= 

JPtZuX5mZ9uyE1skqnRhS849Bm/yxBcrv2ihDW4ROtEDxjqzyTAJqM2JOtv51UgoBsrxOLu8EkQcukR7LdIKy2b66NZhiiJmjtG9lgXz1rJgusZCzU1J3Z3g/97S42Ab 

JPtZuX5mZ9uyE1skqnRhS0L8gAClF8XKgjD3b5OHmHy3s+qsi28Bz6/Jv/rpqPAMWDUYKwSEbG4bSesze5YKshMBfRhteVA33rJ4Fg48M4ms50P4PL0W3XjNHA3f5yRv6vVrVDZDRDyokOri23RyOQ== 

eX09tv0qwfSGxlMBHB62pFeQ4pnPcTC9CMCQAoQXmoZ+MDzr+kBQHMpyHUQFjzmeUrvPG8ndN14BUEeaHiULBSAhCqdDD7fjx1PWQEnCatM= 

eX09tv0qwfSGxlMBHB62pM52M03ZbOL3x+tv4a+dfbaH0qWgL9SV4HkNLii9gGhmUJnF9ZY+IH3FalAHcrPEPJR4Pj4rarB/Gidjnqf/rtI= 

eX09tv0qwfSGxlMBHB62pB3FfsfOVxK7rDBp30PmPViV0oFUpb3iVGMX+Tob787UdWsqVd1TLujeOTmKxcaAkNozeu6MA840WmZBYP6FjTw= 

eX09tv0qwfSGxlMBHB62pDcd6221dBAkIkSHbbZG0N6OCA+GiTPZEGwxIsMjIocnsjzNCL8/sSy2D/TcWHuuRAuGeCFOS/qZmLX3A7113bk= 

eX09tv0qwfSGxlMBHB62pCKNqv5rFVAla3WAwbp2uyU/Neup2TrEO8vxKgx1xv79tjp74cfdqISdcfzTlhdXT+jeKsap1JW6e1Dm5aPTcAQ= 

eX09tv0qwfSGxlMBHB62pCKNqv5rFVAla3WAwbp2uyU/Neup2TrEO8vxKgx1xv79tjp74cfdqISdcfzTlhdXTz5O4B0kZ6IiRVEOKL6FYYg= 

eX09tv0qwfSGxlMBHB62pDZoA0cDkSQDznjCLehzHZSQGBJnXIkluKKy+mFrN+nbICJ+8dpLzovJxwFHZspX5kJSP4QlKXwhAdR092OBaKqrMG6fjGWYJDnuAOcI6jql 

eX09tv0qwfSGxlMBHB62pPfRIDkbi/Sg69A0C3s+kQeK0R1LK8gIAFQ4uhI41ZcEC8O8C2IdZ2qXB4Xq/pLZ07g7w+fEAe9p9V2u6wc1eUI/bW1G2NhW2Ifa8raQ4m1aI+AVkU0+9KRjK/0ciRODCg== 

TK3OSykeDBb+9qoP+MkTcvPZAeMYj24EPUHh+rDO15F3YqZVM7zmubqVfTxyauvNS9qm0CBAzwlfjF2GkM/HkV6jfrBlOFitDWqYhILj20s= 

TK3OSykeDBb+9qoP+MkTckYHBx5oruhy2LOXbm47c6kJn9Xca2k+4VX8NKFAxTPHtdTcwmjey/URECUlR525rc3kIuRqDX2ncmmfpnomxdY= 

TK3OSykeDBb+9qoP+MkTcrqqWasxL+f8HbtmFj1pSKBhO7AET/H9ntkONgFrFcnOqCqt+z5vn2H+WOyftcrwDOUCtgBHpU5NTgKrDIuuKr8= 

TK3OSykeDBb+9qoP+MkTcn5jXmz1j/Fb8Sd6+Ju9J+ocu2pqgtDbzhf9KDwMb4hUIixpWklKDRwgUPgz4aYuRgSktINqbLTThrH1yw9HW0A= 

TK3OSykeDBb+9qoP+MkTcn5jXmz1j/Fb8Sd6+Ju9J+ocu2pqgtDbzhf9KDwMb4hUIixpWklKDRwgUPgz4aYuRkosdO7uilEM7+1kdTKkedA= 

TK3OSykeDBb+9qoP+MkTctW8XxdYrS0nWNG8LNCC0Yuy0tXCilFSMqOVRM7m0Fgyuupm8xVDfzOiGkW6ydabPxRMvTWEidsRpMIUav7Lnoo= 

TK3OSykeDBb+9qoP+MkTcraWrLFR+zikxjcLw1qpr55o+4pzGTP/keh/bE85Sxhjx2JicEutjNxGsU2xPqOx9L2v4yeAY8syqEUAbpwx8Vx3+U+8cFU1I8K+ucNSeKtS 

TK3OSykeDBb+9qoP+MkTcth7bYiY4APRfSRlOiFrikCnck6IFE3KEzOnQpBB5fEXU5AHaJOKJeA/Lpw5Si2UIfiMVVDsTMPa6F2vvMQaeVid2ohh0ZdSc0SBEEXMiQ7dDUGQ0u/O74C9xG9ONvCJHg== 

AytpRo8bz6AKQHnLj00BWY6fJhLuu1oRHqf7SgctWb8AF3ZeqmRsSrqFOhKK1q5/vFhA5q56kbo/eRChR97YZilVZYRCU1QoBzM9Q6UWQM8= 

AytpRo8bz6AKQHnLj00BWWULKCHowrJz3dxYtZKUqiPCE1swccnncmd1nz5GhNYmOyLGRFYx4adGJ3LHo1iSiVGt96bobBhQ5ZwPKOm3pk0= 

AytpRo8bz6AKQHnLj00BWdWIl9U937SjxYDQ/hT82EC0+0NjyZ476xbft6cnp8BxdYyZGG2VqLfkfKkwVz7XOk1BNP/P6ACYdZut8sna49M= 

AytpRo8bz6AKQHnLj00BWdWIl9U937SjxYDQ/hT82EC0+0NjyZ476xbft6cnp8BxdYyZGG2VqLfkfKkwVz7XOuSLh7DHFHU1l20z2kjrcoM= 

AytpRo8bz6AKQHnLj00BWfn8g//N4xSj6s6AWqChnmZg2oExeK+CoMFWMbcrduV3xbcndfvxIlehgzFpxEQGYTU4KRDM/+OeKdKj99iZVLI= 

AytpRo8bz6AKQHnLj00BWeUmzTZ7DX84N3j3eIjc5MdCR5p+t1sgBSY2upbvl0tnXAx+K5en7WIKuc21fWUV7vxgbaKEOb70Vkm1YW0tm2Y= 

AytpRo8bz6AKQHnLj00BWRK5MIZ9CnYBKnLkNiHIe/Poii9CIW+izhbqHPyHKWYVlVyNPg9R2Iym2Q7+gFSTHVMyTEs2ZKL98m6HOkqmguc1y9fjoprwd9ft53vpA3dc 

AytpRo8bz6AKQHnLj00BWR08CUn5AzHL9f4rOBL4nBpKnDDpcEA4hJSAM/SoJ98yxOKwk1OviaQsWIBJR5hRW+JsTVIedT6bkVEFJKWXFdkxnUsrLnZ4+2bH2a6ptoNuIoiDGLFcnXDpdF8CIg/dNA== 

f5wGbhljfs53CT2VtHlNc6MEk50z0h5xgp3Zt3TWz/kkJoQhMExhgaJh1awcDlmuYCDhclzV1weKwHB2kX1Cjk+9qoE0RcHdV8sYLBpHeO0= 

f5wGbhljfs53CT2VtHlNc2CipoL6aIw70lUyW+3zdoWjF38JYeO5VfWClUIv4L7nkot5v28PMHi4NDF9OXVq95W2yV6WuWO9Yo4C1XzOD7U= 

f5wGbhljfs53CT2VtHlNc6SrLu+1AxKdrLTQ5g5FWLvv6A0GZELJPxWdZItNAUfR+LbNSzK2ifwwdH8L6SKK1sCjhvks+/lhJ4zhebHhpxg= 

f5wGbhljfs53CT2VtHlNc6SrLu+1AxKdrLTQ5g5FWLvv6A0GZELJPxWdZItNAUfR+LbNSzK2ifwwdH8L6SKK1g43Bvs2oCkTbNvB2UakXNE= 

f5wGbhljfs53CT2VtHlNc+p44DhBQjbfa3qfYbAmE1xqDn2R4Eoyr3nz8JHGbgiGkLtZRJiJpGlTl25y7UnpaMqV3eT2pZU8/Ax1pv28dlQ= 

f5wGbhljfs53CT2VtHlNc+p44DhBQjbfa3qfYbAmE1xqDn2R4Eoyr3nz8JHGbgiGkLtZRJiJpGlTl25y7UnpaDO7yEb1ySU6UVbe9L4SYw8= 

f5wGbhljfs53CT2VtHlNcx4SoVZ94zKaLfKV2qF0jWV8dpZqt1ML4RRXmhizxFdGBGXJ9p5wOynofWpFK5Xe8kA45CxhdEQgh9a0uFu3QAqay2UgWJSHgeu913mugrJg 

f5wGbhljfs53CT2VtHlNc3rZg1pTBUOpJHZQXZirqfOCmaIxSusDsuHXdjC56eTrfTYfb67Pt0Cz3apfBqdgmactbWmCoubqH6HGw0AHMh1lnHAO7qLEHo8spxpKLIXpDc3ByxM1VyFMB+8t/ak+nA== 

FeNCj0hsPlsxGlv/NQ30IgBBUGnzvDOxQe6xx+0/RW5emKqUEdAlozfGCOvI68IcrJpTno2IC8CV6X72UIcGSNt9P1K9NNc6W9kTX/KknO8= 

FeNCj0hsPlsxGlv/NQ30IgkOHu7v02D305akhhPHGx2UTwSjY5615TNhFOzHmvnuswG2QXdsh4WoY5mH+OudFOnzDTdtZOzQmTFXtd6qls8= 

FeNCj0hsPlsxGlv/NQ30IgjllR/O/jMJifHHiJhGlZt2vtl6Lw0CbofLML0wfFn5wNiKtez32BDQqhrRIVCCSWB6pp6fdtQZiHYoDFp4NcQ= 

FeNCj0hsPlsxGlv/NQ30IkXjKrYjT2hrDsya+RBgRUZ1QxRMIzugg6q/zTlH44xJE7oTS+wkUzYpqIS0eB3nvYrFz56Qzfl+MYY5FbZoKD4= 

FeNCj0hsPlsxGlv/NQ30IkXjKrYjT2hrDsya+RBgRUZ1QxRMIzugg6q/zTlH44xJE7oTS+wkUzYpqIS0eB3nvZyJaUwyzYzVeJ3OfWxbrLI= 

FeNCj0hsPlsxGlv/NQ30IpIhLMlNVcCn+/zPDQzofLGj8a4uXZhEOuotLOcHY7HrscdZoqHpodmmei1XYS+ViP3qbxbg/wZfFD/xHKn2jdw= 

FeNCj0hsPlsxGlv/NQ30IkHFYOj1z29Iqi9/xbjS91a1VGVMH0Pe+Z96HlO91B36ssUAUd1KS8tE9y8RNTggQiV5ZwW249fc0AA/ztjmmhOyfywhC2c11bs7jQ7zbLya 

FeNCj0hsPlsxGlv/NQ30IlJankinK7QGQqnf2qA2yIXJc+9krrWD2UOxbggLQKoYOIhEl6iNRKCM1f+5++kzSVwxhhcQzOTrhY8LQoCWFT1luikh4AFQANYJP1z3dv83Gau2yio0Rx4fxi4L83zYjw== 

7QNqcVVWguvcN4gw6oHNT2O3LpytinwjqZVObD+r+YBWKmhFh0iP4XfwWNQVE4YAx01EM5TU2s1Sb3JTziiW2uMTwPVY6QAb+N0Ud64qgyk= 

7QNqcVVWguvcN4gw6oHNT90tqMCSUruHhKOg3LZZudgc8l633Bbv2/IyA61O31M/CLB8rfTq16OK8nDR+jFsV3JIJCI6e19OJtaSdxWWd6o= 

7QNqcVVWguvcN4gw6oHNT2l9c4BxbpMpufaL6eWtIxy34C8XtXUdWLp9/DxqopsZd+rNTJrlUiJrkX5+kcVqToC/BOkI/fihOwsBWRsV9+E= 

7QNqcVVWguvcN4gw6oHNT2l9c4BxbpMpufaL6eWtIxy34C8XtXUdWLp9/DxqopsZd+rNTJrlUiJrkX5+kcVqTmHocC8QvVlbHr+Giegubww= 

7QNqcVVWguvcN4gw6oHNT2/FPiPcwFi54D3jo3bgZ/m0sjr4Nw58h/qTgN9fmarB4gcQmXTb2lSXVBxPIVIJHNqOkbrjE2CSbDqLEExmva8= 

7QNqcVVWguvcN4gw6oHNT2/FPiPcwFi54D3jo3bgZ/m0sjr4Nw58h/qTgN9fmarB4gcQmXTb2lSXVBxPIVIJHFjYoPB2V4K1P37sYg67DLE= 

7QNqcVVWguvcN4gw6oHNT0YVBDzGnlI7qZ85DxXv7XdJAyjLrCeT7T9ZCAs6QDfwSccF1wIl0LQbXMd85QEYqxVXTVHXlgIVZfgB9YVENu7udY1Ad+XQyps6nNdbQqL7 

7QNqcVVWguvcN4gw6oHNTyWhinjqXFdzC5qCNOl9fmqoERJwrtLCuzAHyA1I1dOKWQ6fO7h/3XRjnSkxSBzEY3wgHoaf8RJpqOomjnPF73owk1eJBeQ+KamdeSn/McTK0uMLH7GJMyiJQ7JXHePjMg== 

UZJ6pLR6GcqIJn29OOfUl0R4ha9DTVRVtsdvBSLlpTxygtfKm+1T45ThHSVXpGr8Br0lh4MGRNjXsMgUmOnU7ni9paOAhadlyrj+dGMy81Y= 

UZJ6pLR6GcqIJn29OOfUlxeTNvepvAyyCNUgKTZIPmwjhSlHKXVaoQ/ye5dOPOvKFAX3pbtyisUSk2JNjQWPCFbNHD11g5lj/6f5v+pkD3Y= 

UZJ6pLR6GcqIJn29OOfUlwgnFAF9Y5bN5X70BeG8pyOnBGJmUPS9OPNJzEbxLcRA2MCIiEGVKwCYXjXlMQTTnXVdyD/7XdyHa+hekL1KsNk= 

UZJ6pLR6GcqIJn29OOfUl5p+T9Dt5JCDnfVIKZojByO+me7qLjGbhXPTwJrdz20onfGkDFJxKpcJPumgm0DFj+DaABJwqG3tdog4bsHSBrg= 

UZJ6pLR6GcqIJn29OOfUlynU+f+SB5JC0xUaBJfAwY+G66GwB5yIwmNYmU/BgRpBZC2B6EEIX21VuYiLtlgrANUqJQ/L8bP+SkwuC5tFIZA= 

UZJ6pLR6GcqIJn29OOfUlynU+f+SB5JC0xUaBJfAwY+G66GwB5yIwmNYmU/BgRpBZC2B6EEIX21VuYiLtlgrAEzBZnCINUE9udTkaDphNMA= 

UZJ6pLR6GcqIJn29OOfUl3BrIXQ8vijiXMSvTQRrY9PFPAzk3SG39AZ1e30tB+Hcf2zaspbcL7Xc1NLtGkbUst7QEQluHwCjv8ZY8QjxtUj9ukxd11QSeQkLCmyo0Zn2 

UZJ6pLR6GcqIJn29OOfUl7T8LzZTsIsBVvtTb48MPRnb7zY8jgpJ1jDttSk7vm5O5gJNMgG667eCZXiLfVuIUzfQdb7Q8XKx0nr2a+yhxu1YREFmhS1sBnI4n0xafEi1NulWYPSLvbqN5c3Q5R/mZQ== 

i+Eak3ohlEpqu1NAKeeWWpG34XHcPJ2kgq3ViiRBSCPevOF31K+hr8f+OJhCYgfOKVunj5kB4vYjfFw/gFo2ESV0p+TOBxolsC3kmANdY/4= 

i+Eak3ohlEpqu1NAKeeWWuEKeG1DOoicSGsoazkJcYAEG+el6IU6u8w0c9MQJlp1PCclTcbiM3UN7PrkcWAzHmYh697o1v0g4OOJckm2vx4= 

i+Eak3ohlEpqu1NAKeeWWvhOvQs6WHJWYkKlxvJyWgy7lSnYwsug0pHzXJr8R5JzSQgzIEDbvbNVqvDPrQXGywHf1zl/AxY5q64kqSacmwI= 

i+Eak3ohlEpqu1NAKeeWWvhOvQs6WHJWYkKlxvJyWgy7lSnYwsug0pHzXJr8R5JzSQgzIEDbvbNVqvDPrQXGyxesMXKV9AnrjYgkOb8fh7c= 

i+Eak3ohlEpqu1NAKeeWWk1n+gT6tbi8xIg3irwxe4dP93ZISvX8FgMP8m6mMAmRpi3kOf6zHseOZGYHtWjRKYskwXZYzjwo/hMg01/++O0= 

i+Eak3ohlEpqu1NAKeeWWvge3kUcX1IbC51kXXQr8EljVRlxJ80gQKNhCofGNmfLbVkNpT9xmhUyg8AONrCnYc1GKLIMOhxzT4yZnp6uUuA= 

i+Eak3ohlEpqu1NAKeeWWvge3kUcX1IbC51kXXQr8EljVRlxJ80gQKNhCofGNmfLbVkNpT9xmhUyg8AONrCnYW5848F2Xcnhd0wTkPe3US9Zoy3biXP1z0PjPLfgZ+K1 

i+Eak3ohlEpqu1NAKeeWWmpO/+mnQjibkCokqFKZzHeHVJGhfq1av57kJIDda+uFz7hHg3e1+hht1CWLqtUxjuPxBOtSVE7PNTtcw1D4vUvJf7vDFz3swiCT0haPOjB3h41dZ53yYZg0Uv9hwhEQ+Q== 

5FG3vHckAhlH3hdaUt3qKSJWxGQAW7S02mOdlS+nbx5ToN31uDb+IlsKfD1nlaGlaVjmzKZVbvJKDGutpRPIRNYS4ChgThACJWxV4Z5Lncg= 

5FG3vHckAhlH3hdaUt3qKYVXYawA8zGPZKhHgRvO2QrlqCzdkyarm9v4Q+Cc2x1C2VZggHdwv+qVxs517tuwsc7vqQXb410KlHOs2gxvdLo= 

5FG3vHckAhlH3hdaUt3qKYfoLf1dyCYbMC6JqKVF4O/1DmhPFDQ9M4DvsIXCNYdjzbtzhUBgx108d94n//ASKcmbYpVof3x9gD5K49iQc9s= 

5FG3vHckAhlH3hdaUt3qKVFEyqSz0LK08xvMGn1BSLcbuoiG5Q//YRA2N8fOhw3EyeI7BNz4ifsoNshVY4HT6CzR3/Zp0PLI4i5LvEhcyAs= 

5FG3vHckAhlH3hdaUt3qKfx6lJvdewryB4CWPTY949ST7GbZA+V1zSlpMXZmvOrb6DpF0v2Vp9kbkj5fe9zBP6MQbjTWUagkiC4+JWiqX2U= 

5FG3vHckAhlH3hdaUt3qKWXkPCKrw9Tc4lCkY8wpCitX4mMCUKLNKf0uq8bDw2/G5XfRBiCJfwKXzPptYtSZ+/3hIkmFM7IyeQHP/4BuODw= 

5FG3vHckAhlH3hdaUt3qKWXkPCKrw9Tc4lCkY8wpCitX4mMCUKLNKf0uq8bDw2/G5XfRBiCJfwKXzPptYtSZ+0N0YpugoOQyiDmUJmxnNjo6cdYX9pon12we0Y7N7FcS 

5FG3vHckAhlH3hdaUt3qKYFceS8NR70BhfIciM9Z9OKPH7QOun/hAGpbjmWAf0WzgkRQ340i1aoR7z7dVpBD4Dkbw6UrinLdSn2R5RyL4C0dmYptm6F05C861g6nFPVOnnPQGGuC2Rxz+IDrrlKyhA== 

q7jRY/4V+4CSJz2Jv7g/RaOViMFXBcmO5lT6aIoLDq/JmvOF/AFZZreqI3e4Z+PPxDoyu+BlvSEyk7AfHe+48cVHETS85Eo7s2nnhhuqT60= 

q7jRY/4V+4CSJz2Jv7g/RUPWQXnSNGDskjEyMpy8LYcZUAA2qUP3dmNHdqDm7gurEQct9rKiY3Lx+5+T9/K7SijLRDUFwkmrKUllSBkD37g= 

q7jRY/4V+4CSJz2Jv7g/RQtooxXBCevNy0k6UM89OCcho8+BWzs0STmtM0+Pj5R1/bmLOzLRgp3aSKy3PhGUt2EhAd4jBSWtMIKD5P2EkLo= 

q7jRY/4V+4CSJz2Jv7g/RTd+RhLPhhR5F7YBGWMzoY2weNxcCwK3tHYbmGMOyvQb/prcW5ZRBbr/DEa9EBcZQRUjqdwdp01ljAnO8yuZUR8= 

q7jRY/4V+4CSJz2Jv7g/RdFqVl+3CPbJfrPtkCo5Zcgfb+cxh8LKFbueIC8QnKyRYJ96Jy9aOiZZVFOQ7PaVdK2jxApPPLS2dM5bl1ErHJc= 

q7jRY/4V+4CSJz2Jv7g/RXIsAxBYvd+NMR8ldLiF8Ubhxrpvo37ozQmMdCabl/kbogY2SQGZPHZ1issCXSokVfiQbdLCYxk/MbyPtRQ04Ew= 

q7jRY/4V+4CSJz2Jv7g/RXIsAxBYvd+NMR8ldLiF8Ubhxrpvo37ozQmMdCabl/kbogY2SQGZPHZ1issCXSokVQbOXh4+42QToKVrIuganMtb5hk+1cSQsxfPjFfB72Ft 

q7jRY/4V+4CSJz2Jv7g/RfAlI/I6WWdpdc9Ot59EiATWQc+6eDWpzHj6lqq6bnELvOAh0GvED+fP4moNsEALLwvZS0B05z06k1KE690IlW0beONR8HyyNjL3NJlWvMv1u+rjr49Pjeq7ASLblEr1uA== 

bQ8wzULePpycWSWPOEIMnL0dehZmObaXhimDgmwbLFwNxaSz76sp//+7M5fLAwNvwTDd03lhQWPOGyGrBrEBWQzQ03uSWuJobCthPJkFLjM= 

bQ8wzULePpycWSWPOEIMnNemOCSsors/EJ7hmzVEiHNXtLg6Fg0c+X/mid2iOroDmLcLBX54I2qE+rvK9cUUqqUesPuT6IsJ4eeR3tXIxmM= 

bQ8wzULePpycWSWPOEIMnBJAcu5PrdhghbiGwGiCHzE1ZlhiwnhqWYn6zs5BmLW53ywBwzWmUfbxN+dL5xCxzM3sO29PP0OL8tCRzGs2pME= 

bQ8wzULePpycWSWPOEIMnHeEeArD3GPpADeutDx7s7Zvn5DfHBVU5oNyg+UkShL/uvQlmRr1qfSPbgBW7plQDQg8kZ9RxDArOkvEneJaLgs= 

bQ8wzULePpycWSWPOEIMnHeEeArD3GPpADeutDx7s7Zvn5DfHBVU5oNyg+UkShL/uvQlmRr1qfSPbgBW7plQDT2tFuqyt5O/Qz/Uapek1es= 

bQ8wzULePpycWSWPOEIMnKlLjMz7MwcuAfGwI0Kx/IHICaD8MGPwPien+iI/T2fJR1/q7XjytIJ26IKM7o9RxktIqIELOiPdelfqtpjE/hQ= 

bQ8wzULePpycWSWPOEIMnKlLjMz7MwcuAfGwI0Kx/IHICaD8MGPwPien+iI/T2fJR1/q7XjytIJ26IKM7o9RxqDyw1XJknJRYVlTVVQUkmfHQQ0mLf6FTjwn0dO58qIu 

bQ8wzULePpycWSWPOEIMnJbBX5Pu0Ec8EJ7zXFyiX1T/XRjeFEDg38Xv0B3TKfieyQlj5H2q4kuOx0hp76G67tRGV3auaSxBIVHSUYxfSgct6onqsiEwIBbo+Yzd/BAI4uY1YUhhGFc63vn96fmVYg== 

ocFWuGkU94bOjRndm0E/zpruNWbN5ois3bauO59IOZzrlaCLfxKikrYT0zJVmG1H7PGNYhRDmXSpU3JKQs8XNjkokc9g2xVWmulx+o8vGJo= 

ocFWuGkU94bOjRndm0E/zq20d948VmbByO1/Mg7gG6oGlWXvGB1DCMEqKMG/mE81M2ZBZF+U/3oULK0lucAUDb7vXS4xxdPqqJAJbPrFbBk= 

ocFWuGkU94bOjRndm0E/ztUn2Vzdko+hPWdN3OQvPeNFOs5AALPulJ1yl1KTd3Y/1dm70y85sE8aEar25bKjfXHQp3oadu9COI7XORxywfE= 

ocFWuGkU94bOjRndm0E/zj2W3fzAGBLXO+PRl9h9SBtMtSN12p3ETu/gGJuwTe4BtXZqt077dqw+qbWG6pIhYY93YIUxnWChOjW780Peauk= 

ocFWuGkU94bOjRndm0E/zjd1eC2nDFh01G0qmHKljJ5Z5Jtiwr1hUl6sxr3hHx0gGat3jRTy+sZim5q6kzxKfu6eakQM/NF/0IGSzxhxAOo= 

ocFWuGkU94bOjRndm0E/zjd1eC2nDFh01G0qmHKljJ5Z5Jtiwr1hUl6sxr3hHx0gGat3jRTy+sZim5q6kzxKfkxqtmZ6H8A/IxE84Zkr1KE= 

ocFWuGkU94bOjRndm0E/zoC+eTpo2CrXStY+G/mQvh0E16cRkZEtS1o5ASgvLVelJ9H/2+iFrCxAklLug9JFloAzhmua5CEX96Zqtia15q5qdyUYS5X6WCdevCkWYugW 

ocFWuGkU94bOjRndm0E/zjGT9GShSQ+r26rC3T7eapMRHBuvKFbrGc8WWUcsG4HlHCf362hVZ1V6mUokEkGxjjVnBukCOpcw6saGLuba3vRXzBA5pz9VOBMCXM5iFDXpcMFAfQe0pIxvyI00v8vkaw== 

6CP/s2oR/ymujuHRwXio/2qIthr98sYwHfXCadJbtW2bMGZNURKgqYRTle9N7NuyXW+VBQmwOCl+NX3kmkwzFEF/LpoKGVLItEYMMHP36zc= 

6CP/s2oR/ymujuHRwXio/2D0R9jFuyF5AuCc4Y+irjFwdOBniijizzcY1Ub49716Z0MLKJEST6cfyZEScpsspcHrVTIXwm8h++jTv3ISKCw= 

6CP/s2oR/ymujuHRwXio/5pH6gE7lWQExozHhOHvfJ7G/+gLYZBMn3tsh7HY0XWGab7Kn6liSi4rzzJXhGn//dj4R/XR1XNbK9E02lKjUf0= 

6CP/s2oR/ymujuHRwXio/5pH6gE7lWQExozHhOHvfJ7G/+gLYZBMn3tsh7HY0XWGab7Kn6liSi4rzzJXhGn//e78YDpF7KaIHCyonI5vAUc= 

6CP/s2oR/ymujuHRwXio/1k1jk+v2u+prO+JBzHXq1qjB/CjiDmKMcPnJPi8Oo3tTgz8CNkhuDwEsZONCjS44svjnpU6wS9e/WtfnDckWxY= 

6CP/s2oR/ymujuHRwXio/1k1jk+v2u+prO+JBzHXq1qjB/CjiDmKMcPnJPi8Oo3tTgz8CNkhuDwEsZONCjS44qgPd/GGqTJkICYr9/7zMJU= 

6CP/s2oR/ymujuHRwXio/51+D2lbASmbZAL5imM93/2CTxgL+qqSQR0J9tU/bkiziEw5e48uzqBJHhA5NwvwcWcdKllmrXHY+P3Hu5Lf6eqT+z1S4YcFqOvO5AM+VONu 

6CP/s2oR/ymujuHRwXio/7LXzHs3i5La+HYEpUdHahDVQo/oi07YqHL2S5GAv7dw6EPFzW7DvqB3hIhpILlWAZxDmzhSEKZ/IRy04F4IXbQr/zlIW9CYeOQABfBzss9UbM02DPoOvwaEIGySAYtg2A== 

Ur42lZ8ZzTeBXjQN8oJnpiYcCklthKTVXVqhs2NPnMSxBt32UEQrN3S35QpQmA/xVZ9Xk8zwpj8RB0642UyfNL7u700obkObHeSnj/ttpxg= 

Ur42lZ8ZzTeBXjQN8oJnpjMg7cvFZCvwAeMiep2lu25RBmCwxVWjVFKRoXM39FVnvf66Nxp+SdsS+U/3fmlggMQyjqfxU57luIzyGzGuFDM= 

Ur42lZ8ZzTeBXjQN8oJnprMSEj7kq8m3bdThpEMsphuqaPj540pECSm9aNggP2tPfns5+n+ukZtFHiRAZj7oIMtqA0GAwodGS5dpcB943sg= 

Ur42lZ8ZzTeBXjQN8oJnprMSEj7kq8m3bdThpEMsphuqaPj540pECSm9aNggP2tPfns5+n+ukZtFHiRAZj7oIKRTvZTHDv/vDfBTa7FJ+U0= 

Ur42lZ8ZzTeBXjQN8oJnpvJJXMi6xlTlkKZ6PQuCngTVXr1AUb+ESwzov41W9VA1hXoul+6q9EjoSPcnEYk82Ny/UPDiHuFAfscsxFYc2eg= 

Ur42lZ8ZzTeBXjQN8oJnpvJJXMi6xlTlkKZ6PQuCngTVXr1AUb+ESwzov41W9VA1hXoul+6q9EjoSPcnEYk82IexBWqsFKG7neeRJpIGZMY= 

Ur42lZ8ZzTeBXjQN8oJnpvJJXMi6xlTlkKZ6PQuCngTVXr1AUb+ESwzov41W9VA1hXoul+6q9EjoSPcnEYk82N+iPSmrii5pmpVHyxx4a2YB/vRjPLWRB9EuZ2kSMYVG 

Ur42lZ8ZzTeBXjQN8oJnpgGp9TjHqrwpYuyAdYMx35DlD85b4dGK5IBstok+4GgeEPVmvWTReXg3lKCkzA73ieglN3XEBbSG5b07La9o+HXOTRD+nhnHf56RzgiEMsLvFpGzWRiwhrttc+Mpjsluww== 

ffc+R/S9L28unSyAU5vVtjj3uVD7T/btBh+wclNwitLqWkj78GWyxt1oHgA1VXDLpoQDx/jTlhm/aReRH/cyyar5UR2N/ctjnUfnlxi/UKs= 

ffc+R/S9L28unSyAU5vVthq9Q8hSXVYvnBm2HMv4DymcT0D+hPK0InMNIvqYzSG2tiZhzDqLMKvQzx/Rn+Yu2or6T0cAAeE6o1uwsZ2r9Ps= 

ffc+R/S9L28unSyAU5vVthq9Q8hSXVYvnBm2HMv4Dynjot7wLOM1R4Ss3Il0EXfKOzsoA9wpgQmbatTwInu6Y/s62w8UYk4ccsTAHY4s32o= 

ffc+R/S9L28unSyAU5vVtmgmZoYXNyk3wvBAkhCY+ftQTCKg6jmPLwXVmIvsiUtynfZkOY9Y2xanV/uLeL61OwEqrz7yJ6ww6GC8eXeI6Vs= 

ffc+R/S9L28unSyAU5vVtmgmZoYXNyk3wvBAkhCY+ftQTCKg6jmPLwXVmIvsiUtynfZkOY9Y2xanV/uLeL61O7ii/98iqHeKRIH9amKwAuc= 

ffc+R/S9L28unSyAU5vVtlHKnrcHZvLs6SJdTB+WAAtDAqalTuj6f27ST17GERu7IwJzVMcYkwCSP+wVNQbpvHthxZ6i7g3E4Cv0xghz53I= 

ffc+R/S9L28unSyAU5vVtlHKnrcHZvLs6SJdTB+WAAtDAqalTuj6f27ST17GERu7IwJzVMcYkwCSP+wVNQbpvOh9nk6UWtrDnPIWx3hfQnrSjsQ8TmeyT4jWwfYjU2Ci 

ffc+R/S9L28unSyAU5vVttSZWFEulzPB4y4NI6Sz14WNa26w323n5SRWYapXSdPxQUImT2NgeZIqfvHFI49GdMLRWryRWA8RymAeOOQMtAi1H6AzFmUb00cJI4Kkah2FXTDL2tjzry5IBt9MU5xgBg== 

Vr5OFD4LryuzNFHZfyYKXDOPIftWNm2BycJZgciMm9bljfjj7aNVmj4fsN83i5gssfy8ipB9960r/hdgoqfSuw1l3CScjd1tjWjnd2zAo7w= 

Vr5OFD4LryuzNFHZfyYKXFppe3tQ9s6M6LBIWccK7uv3wJHjbkHmbwSVPg4U5mNdNQIqM5c5F/z5nO6bgd8EA2Plo8Tf1tIBvYydBMcvd58= 

Vr5OFD4LryuzNFHZfyYKXDIqqTmx42ftBhRQK/5BaitHkAMON4El+KjdBJwo4f9bZj1GjBgeoja41HG5biU/mkeBtlJmm+ixEjQAzSBY0R4= 

Vr5OFD4LryuzNFHZfyYKXAEgUke9nmtO6/rHvDwEHPrTjvHGcPfnUopGIHT9SZ+g50RtH+blSdW1D4c9aUc2h0KSRWxsPEZOHSpDruV8vms= 

Vr5OFD4LryuzNFHZfyYKXAEgUke9nmtO6/rHvDwEHPrTjvHGcPfnUopGIHT9SZ+g50RtH+blSdW1D4c9aUc2h51lnqkItn8Hfyje/vW8Iis= 

Vr5OFD4LryuzNFHZfyYKXOZRqpiEhOAyReDQzvezUBVHv6BitUZFvZXHBq5hurPOMgXFwWOSQskSn26sCDbQ5YViGW8n5xm1gIO/TFVC474= 

Vr5OFD4LryuzNFHZfyYKXDA3eXHsLCNTN9Xtb7AqGM7wq+RZQqvbUT+d2oR942vmLOAQFvOg1hBwTAaxF/AyafXKOwCwp3O/OLbhqMlzrNMUfsEBZhU6g8kwDkCc+Htr 

Vr5OFD4LryuzNFHZfyYKXNM5Z87JNmhuX8shDXupo8oXwDwtabHMGIpIrkonrP8YTbUza31ahvJH13n6vtPN3oARF7Am4gfnVcfJSzexTWs5XT3abvJzb70WPlrDBu1SSRyt7IsQ5SdIIqi9O4R3zw== 

Num7W1PUmGtrma4nXPDL80+EsNxcRCm0iJu2hiJWe9VYLy37Urdo6EdNOahGtsGk6VZ0LLVm1BDx24qeV3UegERlNWyPy9Yh4FNO+qrzhGY= 

Num7W1PUmGtrma4nXPDL89KvGnRGyNnHnmhiaBqdjJ1Cv+kupQBEnah9RwEqXFHm5neR3bWSo/0PTl3+/OKRfIN7sl/nTd5FBRD0B4W2S6k= 

Num7W1PUmGtrma4nXPDL86VYCu2LLlhJruSy0sCa1Y2NUDALb+fv0PMooOzAEI7gqoW2l+LrpE7ufhR6l3gZmZ2JJS3HM193RpO1BLvkSis= 

Num7W1PUmGtrma4nXPDL86ZLribstm5QbcLkdwrtRleYvQjTfXkQ/HjXIALDZMWW1FOyn5DZtmS7dTh/GLUGgvcijUYx4Nw964XFftE7rCQ= 

Num7W1PUmGtrma4nXPDL86ZLribstm5QbcLkdwrtRleYvQjTfXkQ/HjXIALDZMWW1FOyn5DZtmS7dTh/GLUGgg+27IfraiJ0xGhs1B1d24s= 

Num7W1PUmGtrma4nXPDL897dvWmyVJxxlNEMtxcjHFbDDgF/TDzRxKrZhU2UcJ4Hk8obnT2EJMhorPDRHPvseFIBEAAgd6XhZ3Ivb33NL18= 

Num7W1PUmGtrma4nXPDL897dvWmyVJxxlNEMtxcjHFbDDgF/TDzRxKrZhU2UcJ4Hk8obnT2EJMhorPDRHPvsePVFtt7ohzjl64GkyF7SvtHa5bH3UKoqIdcKCBXaA+a0 

Num7W1PUmGtrma4nXPDL80U8ga/qBegN20yLC5JrNjNPvQmvAV3ykydO9NA51y+8VO4kzHUDU+a1k5blGCiuCiNFpUkBCuSZJ/PPxmifJDX9Wes280NwjDvvjeT+bEjhErCyzFqz/aTPWhtD4nPzJQ== 

nxCQmHGvhsMBNAcKeAdIKbxDugo6lVDbQqQBdCG0O7qeHY8GTkQHEun4BbFxW0tMrYBtDWF1TrCdDPuK5tsNKqpSStpL11TSYoPSKDcPEVc= 

nxCQmHGvhsMBNAcKeAdIKfmUTbX+Qt35BP+TvUR4FskLm6ejyUc1foL6+G045UOVAnqPsHa4PNCjL9IYerGhEJa/8MhFJNJ/9JzWJz6kfNg= 

nxCQmHGvhsMBNAcKeAdIKfmUTbX+Qt35BP+TvUR4Fsm2O3NhZ9tlN+qoFTzCY4icvuIJb2P4UbN0S2dhVrNonN9LDS2wZBW2FshONVcOHCo= 

nxCQmHGvhsMBNAcKeAdIKUGnATquYLmZtGP9bHbh5HpuupovD9xUCxIHfQFj9TMFXZyNE2uXv+Yrg0p7UaXFMF9MG5YAIcS41Q+xyS+gXKk= 

nxCQmHGvhsMBNAcKeAdIKUGnATquYLmZtGP9bHbh5HpuupovD9xUCxIHfQFj9TMFXZyNE2uXv+Yrg0p7UaXFMJCns/UErUD1/jkKOINmVXw= 

nxCQmHGvhsMBNAcKeAdIKaUXfYTZDoiOwFYtiEgj2wr8qXjgnapRKCStGwR8XKBuKpI7q13YCG7zhb76S87+bmQf+ubs2kIvyM3c17s+bRs= 

nxCQmHGvhsMBNAcKeAdIKaUXfYTZDoiOwFYtiEgj2wr8qXjgnapRKCStGwR8XKBuKpI7q13YCG7zhb76S87+buYNLKrca6AlbcBnSJ2pKh8AY5lwzYcyJuAtQJjpXme1 

nxCQmHGvhsMBNAcKeAdIKZD1v/r+YYitNQtxUfgFo8zWntxwQnVvzsUyX0AJjSR8T2Mxo6Hw9rK7hCCqqu0QjImb2gL+IFUsVmi453JIPLPBwaAq+ySXPhLdzCFEZAMh9Jo8ajJO6f8EPo+pl273/g== 

RRZuhEABDXBAZ9iuxLErFTR+t2e9KbMqOLSxIALksjrrvXqRpdscj0GBdY4kpz5WVeKHIZn6cBQMx0ExgfV3+Z/CMM3jffQbzp24qS+OLC8= 

RRZuhEABDXBAZ9iuxLErFXEulziKeZip3JzzHcs4HmV3+RD69cgjKBA/M7Id1b8xM+ZbtAm72TXiJ3Aec+qP0i7UBClaF8xwA4gJgeRFiYE= 

RRZuhEABDXBAZ9iuxLErFXcsY2rCqMo4AtAS50Sml8k55awDsiPTwAUWJxUvGzHLn4+wrEC3gckv0gL2iVYnYVh3+D1oLzl838ANblDaLD8= 

RRZuhEABDXBAZ9iuxLErFW5lU/n55OcKHoX/AAVnW3Twfn2EkxFBsXRsg1cky+h0JtcfzT/dW13gzkqWbPDlDoZ/RYY2BNr2QzFs2uzOWQU= 

RRZuhEABDXBAZ9iuxLErFW5lU/n55OcKHoX/AAVnW3Twfn2EkxFBsXRsg1cky+h0JtcfzT/dW13gzkqWbPDlDkze53qyfQemWhSaO21Wcdo= 

RRZuhEABDXBAZ9iuxLErFfq4kznRxcg85rFO4XfTGwai3JF/OzGqLlD8OQqPbZ0PttzVoWVn0huYU/a65lJ7Wd0ML2dKp0Nes72GPrQGUwg= 

RRZuhEABDXBAZ9iuxLErFfq4kznRxcg85rFO4XfTGwai3JF/OzGqLlD8OQqPbZ0PttzVoWVn0huYU/a65lJ7WXADkioaHPv/2HytEwbxEujKFtOSJItZZkacL587+uuL 

RRZuhEABDXBAZ9iuxLErFfNAHW/QOmx8bOzVviSmo1+QZCMy6mUert3p8JFodyCaaAenWHKLCgno8nFzDm8JZNxkoU5BJdBrv5FRamCA9qOztzhRPTIR7JYW3OePskzj6lVmG3cYEDm5FCnw3IWmpA== 

D7iJ+s99SD6xvJ+Bl14HpMIcnen80bKEtNZUSGO6RVd76DGJVMETPo7BweW4V70j8ysuhweHn4Iqna4YxgXqeaG0DYuTpbFKX5A9aMJBsQU= 

D7iJ+s99SD6xvJ+Bl14HpMxCj43U7kdjcyrTUhMPFAHAagCtPbTxH/mkpbT96m67sJ703kZnjvAJ78KCP5pTvSBGABI/XY64D4dDAeSSrao= 

D7iJ+s99SD6xvJ+Bl14HpNnQbU5JsVaK9QnFcRqNBzODvemKni6G3P12g7Em/A7FeLB/PL+H2u6r3aodDOayikCfokGZR/uQEqv4RvDKN4s= 

D7iJ+s99SD6xvJ+Bl14HpKXJjiy70oMfZ7sbxTWOjSmL40TMt+4WLgbC9AnJqmQvlarLqpq8btokZVjHqGRQo+IjjNrX65O86PGYfVgEvYM= 

D7iJ+s99SD6xvJ+Bl14HpKXJjiy70oMfZ7sbxTWOjSmL40TMt+4WLgbC9AnJqmQvlarLqpq8btokZVjHqGRQo6g7QeX/EVtx7DVPbmC97vs= 

D7iJ+s99SD6xvJ+Bl14HpDkurF7cSR2Y6S6H/p0WvHKAbE3A5JlFmQ/91qAUUjP91BZS3ew66quT3yT9Xo5A/MN/K7o4o2z8iTvm94s/7E0= 

D7iJ+s99SD6xvJ+Bl14HpDkurF7cSR2Y6S6H/p0WvHKAbE3A5JlFmQ/91qAUUjP91BZS3ew66quT3yT9Xo5A/H9NKp83VUkRbZM3z1+RnUHMNQT1CqA6IqBtHlHmC0Mi 

D7iJ+s99SD6xvJ+Bl14HpKQTcSgydw+0XznjEZUr8xPl6GIY+wFEh1bTacI75qLDCBnmACqVn0qR1cJNvdA6GyU/7ip8EZ3yF8B6THHtIlK04FrO1Hg/MgA6C4pcBflULN1KNoMzv9CurNW4w8Tgqw== 

FbXfumNVb0RRbJESrybyJDE3DI5rCOFdpuuWGmOUYFp/rmWZS5MrxTKkoftVzjDArLvYd/IBjKOyrdo5h9S6vNgqbMhWqbtj+N4YwuM5D6k= 

FbXfumNVb0RRbJESrybyJI9sqKUmc1z/o6sb9pb4h37/xCOoOgS1TbtKUVTwoN08xS4IqqIQIFLgxhV57sh31zej55fzWNoBMQey3vK+LYs= 

FbXfumNVb0RRbJESrybyJEEz9SptcVlKldUNpC/LfWbVauN3JwqgCIZnAQ04Kn7JA8BqYPVDRXwUNJW+DUo+xQebwqRME8UpVFrWkwaZugs= 

FbXfumNVb0RRbJESrybyJEEz9SptcVlKldUNpC/LfWbVauN3JwqgCIZnAQ04Kn7JA8BqYPVDRXwUNJW+DUo+xW5z8gSDzdAQ61TGPOf2Hos= 

FbXfumNVb0RRbJESrybyJLfgvBeyz61E9tkHM69LkRgNdLniOtXlwrBc2fwsKpofFpZP/AhYJRfQD6eb6m1nh/MyW54RL5GrwPT9DmOi/70= 

FbXfumNVb0RRbJESrybyJLfgvBeyz61E9tkHM69LkRgNdLniOtXlwrBc2fwsKpofFpZP/AhYJRfQD6eb6m1nh1JUsz5tS1ZiIexZBEpsb34= 

FbXfumNVb0RRbJESrybyJLXZAiRSU6uD0INZrhQ3eGp05+WZ0HTOf+N1ezuQ728sCSgw95v0DikF67yWMBiZnytqPTa0kQ1tHuCj/AqwV3Pzb12l+L+fXae6xZ6M3gM9 

FbXfumNVb0RRbJESrybyJNYx1oP8KcX2EuWgi6hZbF9oSFxrOb//ZPjtHNIHmi/1jcMFHeDT6fYU1Kuif/WgljiJEsiwMX2nzEjOn8YFGcFdI9R36dSmdvc5AICORyDMG4aai3UFyzpV3umPPOhbKA== 

7t0q99NBYHxuemQwGJ9/TwXlbGKdEDngTucjr96sVTnfpX2vn43e8A4jrY6sm2iIUflatayPOWwlCQan43VTmaGt28ynAdQLZvLu4rb6xqA= 

7t0q99NBYHxuemQwGJ9/T7NAx9SelSiBjzF8cXuTWvzgUMXg3kmbiGKnnF15TZO13uWfmIsG52gGhznysEnrYdMs8MwKwHphNwkZUgAHS+E= 

7t0q99NBYHxuemQwGJ9/T9IucwvL/284bJaFrq3zSnRHi2ccox73fzYpOan06ypr193Zk7vGZKpxHj0L86Xd6FlpZTVtvRYPr2pdfGopscE= 

7t0q99NBYHxuemQwGJ9/T0oNuoPRB+W+epiiXLCGP+S8M4VmLmcHPiopRtk7nSy2UvWJF29z7+ENP7oIPywustE7Iu1RSuonBL7PXCwWH60= 

7t0q99NBYHxuemQwGJ9/TwlGSSbwVK1RIslX+AYfEaOz+xr2rGKwtGvUpHwdEMJP+iBP0n+MuVixjXn3epSdnArRssfyQht6S0UzXUIo1RA= 

7t0q99NBYHxuemQwGJ9/T72NTHMtF/6ouDSJzkIWIruF9cjQ11CePL/sYLPmqDowlDxIyOHiEjB5V4Da40cJJz/VyaJqk1/fECrznxb6t7E= 

7t0q99NBYHxuemQwGJ9/T72NTHMtF/6ouDSJzkIWIruF9cjQ11CePL/sYLPmqDowlDxIyOHiEjB5V4Da40cJJ38D1vjxYhag8nVjK2pTl3r06tgos2rqd4YU0nReE5Xh 

7t0q99NBYHxuemQwGJ9/T/50AQqg4YgH4W1w6459xCQ48Y2D5jrpa/aYfZbSUxpH2VxtN1LnrIvbxICy71PRZwQshT/PlEVym92vhV8Ltv7PniI4u4AuZKJSp4F7X6OzNs1SUf9eZzKpALqvMF/1MQ== 

cnF9Rsh1Lt4qxiDEcUeIoqOuF93SMttqKe4p+GzJE/KEjphD+tBwi6p32s+3F/DQ/60XlRucq505aHUMgWU42W+FU2I+/N/BPuI2glZtqHg= 

cnF9Rsh1Lt4qxiDEcUeIospQbMp+YWH5QRUKDDRyVDYFjWV6z6H6E3y3uVyh10/fZL4A6FAzLmhm95YQ9VZPPm8XYrJY+S7SkcUvS9PVmNU= 

cnF9Rsh1Lt4qxiDEcUeIovYYKxE78NQu7LtyG1LCOBvxM7zSe00lPSgXj7oo3xSxZDk1Zs+P4FSq+ir1PekVA4erIkYRN3J05Um3SdgJAfo= 

cnF9Rsh1Lt4qxiDEcUeIoobi151jWjLd01n89KPgbTKmh4dcgsvNiMHWYdQ7Jn7hZlliEu9g9E+8VGjpzXw9ORpyZdVXnDnPWMLKh4F2r2A= 

cnF9Rsh1Lt4qxiDEcUeIoobi151jWjLd01n89KPgbTKmh4dcgsvNiMHWYdQ7Jn7hZlliEu9g9E+8VGjpzXw9OaYw20auDcvxc3Ei03oZbzs= 

cnF9Rsh1Lt4qxiDEcUeIoobi151jWjLd01n89KPgbTKmh4dcgsvNiMHWYdQ7Jn7hZlliEu9g9E+8VGjpzXw9OQYUprXwmWf2zvvzWTZUoVc= 

cnF9Rsh1Lt4qxiDEcUeIooSLq8ygP6TviJRhXBepPlbAglJLZBXPqwboAuuJ7y0IIl4tsrkXnHARYDipc/CCuldkrImuz37AzOTssEhcryXhHvj5Js/m/BuyNZWSTRGN 

cnF9Rsh1Lt4qxiDEcUeIong17D7nz6l4dfDz7NVwQONNxYsEdIm4gRL3hA4QDgvMejLdm8ZQsa0IEmRdy5ilgQMB2iIdQGhJvXZDFqbdx6eQ1xhrgpCq34uu4oDMsojWyxrur/AofRm9WsW8YCg3AQ== 

nkznVNuSf6tZLuFNNnqxxr4QSuXAckbztj7O0CGuEJyydleRkHkqeX2P4+CHA9ZReL0ZEBVlPpo5efIkKH+FNgO/WMxYnvbwE3VWlrq5iVw= 

nkznVNuSf6tZLuFNNnqxxpuc5XTb9kp4eaKJic+/ubpqfpHCn2ziVocorcw+rOA3g/qnDo6dutbsWrH5zpH9eTKcRX02EzQhyif4wgIad6I= 

nkznVNuSf6tZLuFNNnqxxs6UKvRVZNcOA30W6x11hzle/3i5YqoDK0zb9J7HTCap9QMfo+zEWMPrUWPNByfoAT6GaHOo0B7clATsZIX99hY= 

nkznVNuSf6tZLuFNNnqxxmsbs6QthFEzgrBHGfPIErT47YWZ0Y0jgvm2gB3H07cFBjmEbRSHuQtvq1WP2aZxgjklakb/ccYDuKg6/yTHtPk= 

nkznVNuSf6tZLuFNNnqxxvYTXst5a/5NAyy8dZbcfvK8SUvzIVhWKHlTarsExFQuo6pY44LiKPSWrfQ757s9VVA47X/OO5FGNuQoCocXq1Q= 

nkznVNuSf6tZLuFNNnqxxtKVGI2YltxrN2tHE9eQYuQqjj6jBCWD6LYQ5RT5DvkBC9+FuMNarEBO5WhfQe/U/3Zh+WtyTNzWZAXblXpye7M= 

nkznVNuSf6tZLuFNNnqxxtKVGI2YltxrN2tHE9eQYuQqjj6jBCWD6LYQ5RT5DvkBC9+FuMNarEBO5WhfQe/U/+qIFTvTE9me2lcMfGRCN9tFUW71W0miLWNvbPLRxsAA 

nkznVNuSf6tZLuFNNnqxxhks0LXfo6rvDh0H0WjT60F9kN0dQy+LaBpCZJXAuc0+9RuBsN3I7SqCcMPs7i9Q5gSJlO6v6Gusr4LbiBeoqUW5S4mbbCCCxsO2Ik+aeZtLV193WJa0qUD3PbSJTHvwQg== 

vTvcGSKBpdP+RiUL8KTqw7bisBoBevAXdNkNqHNLGXw8Y0zQO25qA/8bb46p3SHOQSqNAA1rYhQhCn6QvrREBajAjKJcIct7x5xLtWJttK4= 

vTvcGSKBpdP+RiUL8KTqwwOjrno9H1EFAcztaha+CX3YFCorJ4pe7a5x2Zpu2PzU1mdMd+nqd50gqYsKBANn1nAhLW8+n5h5exhZXKF72W8= 

vTvcGSKBpdP+RiUL8KTqw+DDokyXYMJDeGeN0mqQ74YE1vpu8mG4sUjxR92OLXK7G/wFAM+fwVkuXbzp3p12ygzFNJke0GN548DvzyTCjxY= 

vTvcGSKBpdP+RiUL8KTqw+DDokyXYMJDeGeN0mqQ74YE1vpu8mG4sUjxR92OLXK7G/wFAM+fwVkuXbzp3p12yk9ItlzaR0n0bYPDYTB5CRc= 

vTvcGSKBpdP+RiUL8KTqw0qJya0AkXwKztJCzNTb1RVrOBw4FGfUa25p38nb57VBPEt+5kypJK3/Ys3cbIwgEKKav9vDlxlrM8GOyJU6oXY= 

vTvcGSKBpdP+RiUL8KTqw0qJya0AkXwKztJCzNTb1RVrOBw4FGfUa25p38nb57VBPEt+5kypJK3/Ys3cbIwgED1GtibZcms0s6MmLHBIOJ8= 

vTvcGSKBpdP+RiUL8KTqw0BD9VTSficHxQ9rzYoo+W3HtkHjGNzJXdZ0kSpmQ5SHanZ4r1CrWmysGO6/gU6xlTIfsy12uqX8N/ZCHcs2rn7g/DucWLURGBUMHs8cE3IV 

vTvcGSKBpdP+RiUL8KTqw0lT3DuYaKOAjtl7CWcfkRFgUDj8l9/RUuVx6+tMjrGydM2grWamqdMwStKAN22Zhq67lOv2K/HFojaBxBLkKAVeMhfiQo8uYcfMaPu5l7MskdQiXmSATOM6PzbjZPLdAw== 

AyVWeyyvhKGZRSgffrh6DpR4G96GSv16nwNagcEMdchujbhrVrB27fHMCANYHv66CcU253QBu7KGJLXQSmyJ5scWg4m0I9kQRcrQbIqDL6A= 

AyVWeyyvhKGZRSgffrh6Dq/hX9qwynDiyKpzHfJgiC9HYTYZ0Iyu3d2k6GcG7Vy5awiyXpAUnPw4Lv4wJ5VcrUFzgGvhTzhmmgsH+lGVqzA= 

AyVWeyyvhKGZRSgffrh6DjPzGhwCS7otJq663U7BJsFeIKUNSAbGJRdv+WxRuXN91xgPF8u84OHDO0npVvGNUWSwBTU3xlbgYzdT513/h8g= 

AyVWeyyvhKGZRSgffrh6Dmni+cA96okMm0X+JrvVK5MWsplJ6okcylX3UxLCWypKQl3NegUu6IlYPEYaZfNifW9uvbL1zcl6wLIXoPKpQSE= 

AyVWeyyvhKGZRSgffrh6DpK3hdRvUpWwYzWvm22R71O2Ku8Fkk4Dc3VDUeFmuAltRg8d2xUMe9a8gYQyzfg0wLaKu86PqhRY8DfyVblfUWc= 

AyVWeyyvhKGZRSgffrh6DpK3hdRvUpWwYzWvm22R71O2Ku8Fkk4Dc3VDUeFmuAltRg8d2xUMe9a8gYQyzfg0wJ3kIVeHLtIkgoE44DVD/38= 

AyVWeyyvhKGZRSgffrh6DvPTudHcDqEwaFortI2dbMV2ZXIDMUsyyqC4LKnXffNmzHY0OWPhu8/HfnCmohgyrf+JvXhfAMRi+Jtyop1nqpovhZDH3M3nhgv7HK3pxfaj 

AyVWeyyvhKGZRSgffrh6DrMRq+LMQ4rFZay0ti1o4KrrsX7yrawUQCQ+7ExIXeqVv3j5CHFAnojA1K1OyVP47zQ2fzq+zCAAmj9i7nnJ9YqeQJ1e8Oy1tJM5XaGDl6FYzqBqOuuDp5AeXQ3ndcQJwA== 

LUkbzRM4Y6WJk2HUMp3wh3urtYdDxcLOf+LjcxkBuPnnah+OL64sBsFBZH2W3aDmFaB0s3rn2WZWCNWBjSiMAp4yWfTH0Kbo5F4lGYl0S4U= 

LUkbzRM4Y6WJk2HUMp3whzYFttXvVaOgFZzjCcYLRfMr8HanQHSPbcX6guAO6DcxdpHsi4ysznLGciQGnBBmharAC90WAqqdTtqK7Uj1xWg= 

LUkbzRM4Y6WJk2HUMp3whww0E3+B8lgsz11tMbY1nJ+3r4RwdZ9lkj7fBA3gdoDQ8xGU9GZl/WZN6Zo9EGdASaVkep0Q8ErhLJ1vrs/sBC8= 

LUkbzRM4Y6WJk2HUMp3whww0E3+B8lgsz11tMbY1nJ+3r4RwdZ9lkj7fBA3gdoDQ8xGU9GZl/WZN6Zo9EGdASUJRO65DryycmX8Z8St/AYI= 

LUkbzRM4Y6WJk2HUMp3wh7N+7uy1e+Pzco4odW19TuihRoHko+NqTXMvyA1l+yo1TZnju3hh/N0zMHs0pGDHFkIy7nvnfWsQ0PmWZhT5Q3k= 

LUkbzRM4Y6WJk2HUMp3wh7N+7uy1e+Pzco4odW19TuihRoHko+NqTXMvyA1l+yo1TZnju3hh/N0zMHs0pGDHFqdgoKQQF3wrqkaXfrW+VaI= 

LUkbzRM4Y6WJk2HUMp3wh5Sh+FgFFmPVvzTAnn/y3kTcbsY9K8dLx3a9RhAD7S/XMLuL+AuOl0Wmtedq3B6PMWXI3kPOIT2TKw1rZ0V+bB90VMeQltTTr720H71Sahzc 

LUkbzRM4Y6WJk2HUMp3whyowFqGrirJihyfjMgb6ixyBmK4a7hhsQqx8hATcfJO5IMdCj9PFpUv3QBEYRtqz+JfkxAi77X3G9rU/zrWLSOlLlsUTI7M/IyhIvKRho/3Z64laGtA1DIn98oaTt5UmMw== 

ilzcnSUXg5Q2mttBTajCTTFlelaIoIlcQavsfD7RAvPEAVw0obNremyfW5jeubzTk/0Q7nXsIOc1/ExT6Yp+ZggvilIB1VUVqD9ekLIu+tA= 

ilzcnSUXg5Q2mttBTajCTXLJCDrWCREuRCNVPpPINqpSSdueBcngxKu8MJxRlws95ONLq9vlAcptjIylSgyA2GdzwDWvtyCDrb+rYy5QJFE= 

ilzcnSUXg5Q2mttBTajCTRyPakJHLiGORXElpqSth9jKZWET+Pivu3VvYYeT0VsbRe/LQAT77qVI+wuM6fTgY3pCkbXI8arxHHcbuhrMLJw= 

ilzcnSUXg5Q2mttBTajCTd6gb0RCcYeWz2hVnFCMonOMJuZ1i04nkeuY181zz2HbQ3U8i8OXPJ7SzG1SGde5JsuKxF79BQejA/OuchWfV2U= 

ilzcnSUXg5Q2mttBTajCTd6gb0RCcYeWz2hVnFCMonOMJuZ1i04nkeuY181zz2HbQ3U8i8OXPJ7SzG1SGde5Jp/cAx1KW5t20mRLzrgehzI= 

ilzcnSUXg5Q2mttBTajCTaH/nwSokIItz7TsyFGvdzVeWSxbb3oJ9CTqkRp8NP6+FftB4IGg9gZMP2VsOujN5d50eNuycXTsJ8suM42ayfU= 

ilzcnSUXg5Q2mttBTajCTaH/nwSokIItz7TsyFGvdzVeWSxbb3oJ9CTqkRp8NP6+FftB4IGg9gZMP2VsOujN5X66Ttw+lLu+x5nXKTE0tMMoYua9GyMuopHjK8ZrjG4t 

ilzcnSUXg5Q2mttBTajCTXqkthGPy+kfCOHDkBN5mcQ8ioU4BkY0kCHKDmy5choCNcoZecoCBAVX5oe/D40oYejU7S65z38thC7evqe9IPTcHFonx2KoAmbTFkThT9lEh//bQVrMPnlBlBDo3DJHlQ== 

KNkGGjksd4gczLS57miW9kOeX9Tyd/NdC2/4yhg7aHo0zOIMkz3WJ3zLLSTmpEaLMFeHo3rzdhnNrtWDBSDxXv+YTjSQzNXFqf8LoFfS+O0= 

KNkGGjksd4gczLS57miW9hhGisleJjCHzgk0Bhjn0F7WhD/JPl7PPkPq2PB9xFyb40VNxvdBHA697okhzXZMlkjJLwfq1WlT9/cON+c2MZM= 

KNkGGjksd4gczLS57miW9tVDnjEQT+gJ6NkbyME4KYGeeNCwrqlfDUlEnnLl8LPFX4JlJKvsZ9IYQYNad+EFTU11BeyvD0YcmvGOps+aAGM= 

KNkGGjksd4gczLS57miW9pTy5t7IXKWwEfcvuYgyQ5go42m+lULLM/EpRvszezLovbC7Xf+NSn2nDX+3U0yoUzZZMBLos+zjOvLqUpdkyIE= 

KNkGGjksd4gczLS57miW9pTy5t7IXKWwEfcvuYgyQ5go42m+lULLM/EpRvszezLovbC7Xf+NSn2nDX+3U0yoU4uByYEIj4sWdF5ZvE0msgc= 

KNkGGjksd4gczLS57miW9hkxt9DTIx1c6awZ7LvWsPuoz2AL+t81urgR9Ai73vv+V93E+2laAtz4hyCk8M3wW/O7e9EAGuGFDjFnWa7AyQI= 

KNkGGjksd4gczLS57miW9hkxt9DTIx1c6awZ7LvWsPuoz2AL+t81urgR9Ai73vv+V93E+2laAtz4hyCk8M3wW2M3Ts+cFOWN0ebf4uc+I6QgPB9pgypGafnCUw6Il5LY 

KNkGGjksd4gczLS57miW9jPFQVGlrxaSYne/wsl2QxPSbSM8VjHckCvsJF1M7zVTLciETsseCmusRigL+nvN1gAx7HQwIIhWHaXgN7s3069yqFy7UHgOsF0aGB43bi0Gfe8HHmna+MU5GdWXJdmlRg== 

jcsXSbPl+Er2lsKKerBgPsDN7bgwvhmGERQp9oAftk7urZKyAQwc5F6vxaKjSlcKJ8y36pQmXfV4oUFhGCUPAsC1CSApOZQg73zmo2ru9D0= 

jcsXSbPl+Er2lsKKerBgPhpp03cUFblibKADN1yVdjrJ3eN24hN3BUiRWYgrvApiNodNhlA1LLOvHf41BD17Pc/6Z/iNGhWAVT9Rmxc+oTQ= 

jcsXSbPl+Er2lsKKerBgPnnqfSZAfR1KVvYjiSBqSOQhJYuO10APmUWR9msyMq0Qo4mib/6A4ZdmjzP3FR5icCuvMBhfmQmaiaSOgVlzvD4= 

jcsXSbPl+Er2lsKKerBgPnnqfSZAfR1KVvYjiSBqSOQhJYuO10APmUWR9msyMq0Qo4mib/6A4ZdmjzP3FR5icIPCAAzdZGix9t0eDJCE0Yg= 

jcsXSbPl+Er2lsKKerBgPnvOj/xlIVam5fTYpCNJOCY1aIReniKpj2eZP8X1U1W8NbjIKq1vVVjyqnXxzEQVwX0bCKqXaGoaZSK2H/LqUp0= 

jcsXSbPl+Er2lsKKerBgPnvOj/xlIVam5fTYpCNJOCY1aIReniKpj2eZP8X1U1W8NbjIKq1vVVjyqnXxzEQVwdYKVmEzLxWdS89Y3FBJZ2k= 

jcsXSbPl+Er2lsKKerBgPlPpPrL+d7EllyC8/W3+vFL5Hbe3zrm9UqWUdLWhWpaCJpWX0VaeZqWiOL9nnOlUUEAS/pC82ehgtp1v7IOfyh01XCmZ5MMQLV5laXrhrV9T 

jcsXSbPl+Er2lsKKerBgPlPpPrL+d7EllyC8/W3+vFKe1fcrBqqGdf8W9rkWhYQ8HSU/dASBWfwkczNJeqNOXY/CyJak+A5uQ9K4BLm14gHRMEI444pspVQoW/hu+0Qx1rVAiJgkkvejpdJkn5Cvsw== 

8zyGZ/AinbbMFUMc1mOIX6YvdBafh0UhUyvn2/IWZBUmNaZwwGdV6p9LYsDn5vEhcuqubA4i6wGIuRUk7CWrqSOox7kNEcmovG2TfWXv42Y= 

8zyGZ/AinbbMFUMc1mOIXylFzkae0kgHBcUsoy/q4y2+dXXRMIdxU472R3JB4hnc0K6lGtFzD083QAkFhKrSzqFl0oeyu2vZkJyH6iLJHWc= 

8zyGZ/AinbbMFUMc1mOIXylwxSZF38vTk5Fsoyam41oGnot9GZhmd56j3BM4SbK2S7YF82SkJeccy+mIa/d8SUCAPIKrlk1xn5RpV4I88Xs= 

8zyGZ/AinbbMFUMc1mOIX51+ag0j647kxPWse6Q3q2ncpk17KnNv4cunBK8FAKu9FbUq9PTK4igUMgBQjAOi0r9Ksq9B9eRJkPrO90Izyso= 

8zyGZ/AinbbMFUMc1mOIX51+ag0j647kxPWse6Q3q2ncpk17KnNv4cunBK8FAKu9FbUq9PTK4igUMgBQjAOi0puuTtf5gEXQ3O7uKCHWALw= 

8zyGZ/AinbbMFUMc1mOIX3wVvTCcVKe8WqeS6kKLFyoGSiuRFpQGs6IV19KIeT6nKM/hSmuEqZwyYdY47qnGsCSqhTyqgTAwpEUqWdoPA+Q= 

8zyGZ/AinbbMFUMc1mOIX3wVvTCcVKe8WqeS6kKLFyoGSiuRFpQGs6IV19KIeT6nKM/hSmuEqZwyYdY47qnGsHZRjDBEwB2HZ6BxzzXMhZ9kmQvPWTvV/U7gZczm+IJH 

8zyGZ/AinbbMFUMc1mOIXzP6LyI3DHYPV+gFMgdRs9n8mzPNYhhPthbl/48FZ3nG1fbNXw3znsKrxNlvGxcLqPigq3emJ3SmNFzbzgTSJwOThxQ7XfLGmR8+hg3hg+0KOZuRxCfiqgwyAlr6hKxOnw== 

EhWBJ2K/imNiP9z6gVgo2/rO/GP9DHZm8B+CFPEW2j6u2vL5wlsP/a3DgeObhxq7JFXszoTLb+jKTVByJx3LXz9y+CJdGntc+BkPr4O+XxE= 

EhWBJ2K/imNiP9z6gVgo23l4/2H/TP7F6z09QtI8keucu96//Fth/o2VrOng/APCFzNZM9utBUzMJ7nLTtQzKGfI6tGYhTTjL+VVntiLu0I= 

EhWBJ2K/imNiP9z6gVgo2w9qfiOLF0xXlUfRi7o1ACTho5CGstK5prLb6bwu9NZSOLSpJw18MJS7uoCM0l/uKH56JFAe61mfiLvWV8LeBkA= 

EhWBJ2K/imNiP9z6gVgo29EwFVoBKi4ehVOiHETp68UrztpQjNEx1e79JofUIYAO78t8UxTDt4mQHwe2ucaBPX6OT4KXNREKOl7/cPkZPW8= 

EhWBJ2K/imNiP9z6gVgo27+Zw61M0flYJ3tCbfrpiMx101UpIOCqCH/jff9BKEH5rn5aYoFm9TZCg33A2bO9amjjxj8JjKzE001lc5HaADM= 

EhWBJ2K/imNiP9z6gVgo27+Zw61M0flYJ3tCbfrpiMx101UpIOCqCH/jff9BKEH5rn5aYoFm9TZCg33A2bO9aoopwpkZjX2CyEm/UzYGx50= 

EhWBJ2K/imNiP9z6gVgo2xHAqUZvXd8pWDWh+xD/zH9JGCy+ggcWY8AHtK3DYFre3JxiG86eVw9MVHli46Gac3rnhniXh1gFO8QmDwQHVBAdYGZ8DwvbLzWNRdkyP43f 

EhWBJ2K/imNiP9z6gVgo26jRoJRLVOghBzjMr+WixuZg/uDhNagiDdPmMQBe2amldYu6zUwx/FcwLTjkDo1POT6OThhwRJqYgjYw/u3HamdgExhSdqiUROhcEE9aXX6YU6qA1zIJMl4x4jLGmF4i2A== 

vIM9EKXYM2tZXKVhibb22I2Sl1Pf7CGU49+WmnKCemHcZJLL+oQxu1ojWWHTjaFw+GibmnMmxlhzPvt8X2joPdmpQoZ/Ffecxx53kw7GYOY= 

vIM9EKXYM2tZXKVhibb22CEEngKAUC+wNY7kuzLvapgMGjhPe0YPJ7TBE2ywMxR8b3WE2gGKsQiEqUB6MDPipG15XXrNB9tgDaceJJmTpJY= 

vIM9EKXYM2tZXKVhibb22HSGq9o0BxdO+3YI4xnYGg1XoQYGsuo4PDB7lbqF6G4sKU7QtriHBkyralbtB1nfgdjG44Bq9U0caMFV6QI4Nm4= 

vIM9EKXYM2tZXKVhibb22PkCPw1AhMc09KirE9a3Wl0hx0ig7Ym5BNK53McNr01XsUj8/2jJcvsTM0xHBbVPvSCsDH1TBVunf2miXeYB1y8= 

vIM9EKXYM2tZXKVhibb22PkCPw1AhMc09KirE9a3Wl0hx0ig7Ym5BNK53McNr01XsUj8/2jJcvsTM0xHBbVPvZxL/LWk9DBJmOA0ij0EYWs= 

vIM9EKXYM2tZXKVhibb22PkCPw1AhMc09KirE9a3Wl0hx0ig7Ym5BNK53McNr01XsUj8/2jJcvsTM0xHBbVPvU7H1LPUqOAmDv2BPQuHeLo= 

vIM9EKXYM2tZXKVhibb22F4xOyI4s7FOgf4afTWGLF5kVyxh0o9Dbdg2imrmfYLvsv0xJ0gA3ZtsGcevg7OjtzfBd/ojaL7LCYhB1R8YRIhylz01tLe50BagiGjuo2nJ 

vIM9EKXYM2tZXKVhibb22HCaKXxMR0phKhNvoJ2EMUbzDvG3EQ57iZIo/1XnjO4YOvfQHQ13CU9nbZXxp62jRm6Onz5H0gjTIkA14AA6J6En+Mz8G8CinMcnc057EFpAiflA4C2SN4UtETyn/QOKZQ== 

eEXZtFn7p/u2g5NZUfAFHOnA4Zj/5fTC6c6IAPYNtAWa6oP0Ucb5ILZJ2HArV+lOpSl3Dhs/nOeJBB/aOW0SnQCoaH2JBy4q3f2DNceCMps= 

eEXZtFn7p/u2g5NZUfAFHLOSa/1DU2zB5l+2EK/dPvmRCUfKPNvzItERhO3BRC6X05sP+RunlP+of/9xVl8NoDm3HPzpvD/FPzmC2YDepo8= 

eEXZtFn7p/u2g5NZUfAFHOqR7S+MlDZGup5l43YKeN4DsJBlK2K8XMCjZbKJsPgH9XSGTPb7bbAHCtD3NzdxV0XgSbnBFzJ48/jxQbUl0/A= 

eEXZtFn7p/u2g5NZUfAFHOqR7S+MlDZGup5l43YKeN4DsJBlK2K8XMCjZbKJsPgH9XSGTPb7bbAHCtD3NzdxV0lwfE/cTzizdln1JjTzGbI= 

eEXZtFn7p/u2g5NZUfAFHGaKfmqraOUAPMLPSYrnPzUvBed+BHqP5Po8iLl0vWh69Xlq5Q/DFFHyzsQcw6YWh3GaMvhmXhKmX9ySNky/S6A= 

eEXZtFn7p/u2g5NZUfAFHGaKfmqraOUAPMLPSYrnPzUvBed+BHqP5Po8iLl0vWh69Xlq5Q/DFFHyzsQcw6YWh8gfh3jm+82Ooun9B9RzjqE= 

eEXZtFn7p/u2g5NZUfAFHOvSWkJBF6S/XicQmOcM+tmMaIOv59p3uzv7luoZ4Q52UsdSGUrdSldAgxd1gAgXpbHNmxkVEFS2UVbOCZ0j3H5HaG6RtHwq6jk1kXGEDoZ6 

eEXZtFn7p/u2g5NZUfAFHCu16FNtTVWLfp0wibNyzT74cPY1bBk9+it/p+XmEfrWr6BM1zKG1SB77wYMtQp9nYs/n3kTrZHjf2wCgEg7sGUIj8apmLIjmfFGVx63/h11VIs+5ptZBv2zkBcQbLtIQQ== 

4ME3/UUFotzQ6cxJmdRGxTWmx0+ndWh51yktbXjn1cOWMyJ5UQ5ge6s70nwgBNMsAJcVfhq8yXrRpCaQkqERAeyjpEtFoGRxShUQyGX02RY= 

4ME3/UUFotzQ6cxJmdRGxZEkYtE2Mz50kfm7YVF7tV8k1Zwpgh3vBQr+saQfxWTYoll/14IAOZoBbo54OnnHAQpytnwv1QD9MnOSoA57WWw= 

4ME3/UUFotzQ6cxJmdRGxWGaQJQ+Etd15/igxKB6LXu4uWCJ2pRygWWgH1+TANhooIzuWZ2ADgp1e+NJpAWp/2h/f68/cR3pkHaeHLbuhkM= 

4ME3/UUFotzQ6cxJmdRGxQQ0sfjejvfsdUx84DzaCi/PiYfzUoSaw5Ja6aCzyXPX5pXlgG+J1mWcXrrBRuAso5Z8mL9ZfSgJET28Mwd9CUg= 

4ME3/UUFotzQ6cxJmdRGxWIM7bam9GXykp4c9clWijmaZasLF74yELyuOPsjHcFv5nsnIJ9OHEdwBR8ycITftmPkQnjhWSjICILFVkgtaE0= 

4ME3/UUFotzQ6cxJmdRGxWIM7bam9GXykp4c9clWijmaZasLF74yELyuOPsjHcFv5nsnIJ9OHEdwBR8ycITftmmxAoH4RrrKlXkYhQjiNOw= 

4ME3/UUFotzQ6cxJmdRGxR7lZdbyD7crEPm73qPXUb9U3IoA0oQIyWveOv4qcPLRxsvF76rBqbUDplfDMENQ7FQA1kUU8lpms+A+sT5stRz3pnZsv504DBqhrE4XxbAg 

4ME3/UUFotzQ6cxJmdRGxej3FCbbz0Sc2EFhQUbh+nUldyZ03IdZGgOlaJ/wEpbJ0u3ko0zl2HX+3b9E5KEaKDwqlmZL4GxQXWofWC5fYJkdZvNOtk+wWZQvGknIsFpV7fTw9cvS+gXnkWqgJPNr6w== 

knQ5DPU2ulCeGeox3jVcmTi54VMMWeMtvdGoZASXx8qccum8rshjitvDCEfrZvEjMph32h/Z9Ug3onGLjxFYPZ9x4vLG3lOGR9VQBepgxKQ= 

knQ5DPU2ulCeGeox3jVcmW2Nu9mc3hQdOQU72I6fpM0u+FDrbAd1I6RJfyAhlmTh8FUi1Ett71CbchuyawxZEdpblNflfq1gmDkUpw33z6Y= 

knQ5DPU2ulCeGeox3jVcmQLgt6k1M9u4V4NSD97gaq7nYtneFYWNYarn7NMY08jggHdteFlQWeqCCrDwZRNM6GSS3EU+Xle6aNEH6JA7c0c= 

knQ5DPU2ulCeGeox3jVcmQLgt6k1M9u4V4NSD97gaq7nYtneFYWNYarn7NMY08jggHdteFlQWeqCCrDwZRNM6NWhl6/QPlvT/jI6FJCVrz8= 

knQ5DPU2ulCeGeox3jVcmXeU8d2cEpJ5tdguUJGxeIS8k5JoxCkDkSW+IhDUjI83De7SYNcA4WzIIilJRe9QNN3mXra8NihSs4A/ex+q5RU= 

knQ5DPU2ulCeGeox3jVcmXeU8d2cEpJ5tdguUJGxeIS8k5JoxCkDkSW+IhDUjI83De7SYNcA4WzIIilJRe9QNNnyrsQevbVsLSe5fUeXzYU= 

knQ5DPU2ulCeGeox3jVcmc39R0syJmhJDZQKjZd4jr/CqhvPZ0VudcAFmWGlEmEA8GdW4ecxrqnzqhhRssIOMQcuazemMrpttZNNxqmrQzaFD5InJNwdxDCUkkqI81Z5 

knQ5DPU2ulCeGeox3jVcmf6gaIhf7AbmEqtTfDiBcdSKGEu9fXCAecngpeoA/+WtWFQ6bwgCxF99dsgLcP4orzKc3OT6v9FVBoOQnwcOWOaLhqekAhJ43z7VfDthw/9D7a9HpMWYXQpqxiA1bhuSAA== 

v/Fcu4/uPpiqwJEtjEL3yqvV1qllpt5vBM3Iur/lU7zauCoSx/Xu8p78XxLBi3ATjnaUFXv4Rw7gUgEajUq7OAm0/qAn1WwTVOcHJjPqT3Q= 

v/Fcu4/uPpiqwJEtjEL3ygbdw4UCSnpmsFLDvVq5R7/Zk0vjiqOeS3Y4/QDICVHQpm+SVi5cVVkAqolol7qkqtku/V58T9S32tVV7gyS5V0= 

v/Fcu4/uPpiqwJEtjEL3yrDEBcRxwcBPi6Y4sTPy/CIMZ3FgJ6WnQdUgFCigzYdXkd2mErHWWLf3VEaGni+//FbWaCIzJFmZLzjMVXPZLQg= 

v/Fcu4/uPpiqwJEtjEL3yinl1gh2FLvje64gS3ysYQwXDa4hFoAsTc93GrbAQVt5bZm0PpIMVz9j7G/25tgAymkDv90FEdPPPL0FTAqxlp0= 

v/Fcu4/uPpiqwJEtjEL3yv20Z6hFT0k70VrihrOl/Bfrgb0mEf92yeIKoqzD8mMa77GYKjgkdkalqybX+bSqYE2+kyBd3Fb0tl7rz3RIyE4= 

v/Fcu4/uPpiqwJEtjEL3yiq2oVfr4SIseVkx8SJikZSvFD6KlyOSjUIojCRGAPP3S1bu9xpqNf0M+1XLCkv7HtBY6ZMepK9A6gEOKoNhHeU= 

v/Fcu4/uPpiqwJEtjEL3yiq2oVfr4SIseVkx8SJikZSvFD6KlyOSjUIojCRGAPP3S1bu9xpqNf0M+1XLCkv7HrkbNTD9UafJDyHyAW/NfK0w+qiJEoxC4craY2nk3u99 

v/Fcu4/uPpiqwJEtjEL3yu/E5fXgTHp5ODXdH9BGdfnoWdvgfV0wMP+2PW2WSbyvC2S3Wo8VsIXLNQu8WKNvpm2hWUvMsXlwt+nIZGcyy2ipX/Yeba4BqyKqo1hNwuJ12sBtkc0xgGvHEae1N8FbSw== 

M3AXx2iEcA1epsMXWMj+tlJbcjfg/snOkrd7Scjzo3e1+3vZHdoTsqXgFooxnnSo2hCMkfBXABG4caMkDHS9+lHiGFw9jrzCDKVM/Yfu/F0= 

M3AXx2iEcA1epsMXWMj+thGLS/KT1pnD5JOpoJFr5n0+6DNWRsYRFMkeOLa3ZBk1PA0Jb3dZHKXrbn61tnjoSa9yZkksOlonZG0vixFnL0g= 

M3AXx2iEcA1epsMXWMj+tmlZnNeSJRVBSMEJCzy0BtH+qbPj5wRubgedoZPA9WV39baN2Ptax2S0krIxVJxatbIJeIci1cP8Ley4wGAW2NE= 

M3AXx2iEcA1epsMXWMj+ttCBssYzjpLD4shtrZIKhNU9ju5vlJ4jbjS4b5JB90+/tTP8PAn9bkks4cMVa4I6msOQr0BbPZ2AjrV80AA12Ek= 

M3AXx2iEcA1epsMXWMj+ttCBssYzjpLD4shtrZIKhNU9ju5vlJ4jbjS4b5JB90+/tTP8PAn9bkks4cMVa4I6muw49/b9h4vSwxodbvIQmEg= 

M3AXx2iEcA1epsMXWMj+trKiKOXU4jmn+FTJxwXmW7HzjKaApauLhHNiJmezJ3T9H8x8gPh7upB8F6mxTmk+nDmNpCZQ0n1YxuoloQq7eq8= 

M3AXx2iEcA1epsMXWMj+tmbfhaaXTMssdHXj819ADSs3/xAb2Pexgl7D67gv+2GwJGMt6Xv0tStajAMpXu6I/9H0q9IvDrLERs4YxSbHR389klHOnhO3ZXXNx2mzBdeC 

M3AXx2iEcA1epsMXWMj+ttOoy2gE6FWfDh8ixlols7lHie1jCQM0iY7ICBeFqvo8dDbU8zzaXIDvok6GeqijkHZBhyK+m6MZVZcic+eIsG2N3Jr0o0ljljbdLJKgq87cSvaD9kkgJrK921R2YE1TkQ== 

5UCqBxHHq7ZK46q3x3zZuPzD6chzzKe+x8DPyyrVVjFoyRK7A7KFbdy/BvIoGx+xfSM50JzeT0lix5hmIML2FmJ8JwxKj1iQQRuQC5U8XYE= 

5UCqBxHHq7ZK46q3x3zZuPym87Ve0pVXMGfs+aeqWXZI2mRAKD9Zwm/fpP0jkDU44DMmZoTCdyJco6g/cGQ24ubM9V/ySFWv3V3ot9fH6hA= 

5UCqBxHHq7ZK46q3x3zZuOu8pgi1gndYQSj54FZ3Fb+lEtnY9BtbHzJUZa9OiOY3osBxj2VS0gq5T7H6wK8NYJfkKdvpkwUMrHn/8/ZpdwI= 

5UCqBxHHq7ZK46q3x3zZuLQR9dmtILolJixLaqIsDcoDj2gnjmqS7pKY+5o1zpc5rt4gYNuJASYEEBhYD4PY4mrDmT1QSX0l+HGfh0PxNKQ= 

5UCqBxHHq7ZK46q3x3zZuLQR9dmtILolJixLaqIsDcoDj2gnjmqS7pKY+5o1zpc5rt4gYNuJASYEEBhYD4PY4mFs9FkqgUd3AQWbrmbhlGA= 

5UCqBxHHq7ZK46q3x3zZuE7r0vj2KETK48fZpyfNXcd0rwyVxapUPZgOJCE0CJKF5cjefLmD9/qEzAgdJLyZmSREpwQ9X9YbxfbIehIEIKY= 

5UCqBxHHq7ZK46q3x3zZuE7r0vj2KETK48fZpyfNXcd0rwyVxapUPZgOJCE0CJKF5cjefLmD9/qEzAgdJLyZmflPw02nA4JCBgxI1XJqDPa6RPC5+4cYvp4nazMOHvgn 

5UCqBxHHq7ZK46q3x3zZuAoRffb8lTqrb1hiaUkLmc07PopsiscKXXHLQfnvuFLOb8Se2cizRDEiGx98NMVLL7+4qn2nF/gvAFWwHWXlqaAeX3EViaJDF32GTm1Ca3+vF77BJd/guiRv/UySC9DRzA== 

4lo73LA/C/6tdOeE8wxqidCo2vpfX31VdDciEZQH/Gg/jHsCD/SYVqiLwsIZ7wcfgpkT4/xD6QdrRPXtKc1Jsh6H780r+xDKUUMmIdMRsnM= 

4lo73LA/C/6tdOeE8wxqidXgkOKQ08wZ1fk/fwXKwAdYECRtH3ffN5TI8uAE47bXbWvLp+pl89IPUmXBdyVCc6pxB+nvsQaGQkagJBuW8Gw= 

4lo73LA/C/6tdOeE8wxqifnAQ6/Ef+ze1wUwFKY9B+9+2DhDsdf0tyYzSbXAgcYOwY/KsPaFJaFbcg+7jDSk2IbJrJSSwCMKueST/YqNohE= 

4lo73LA/C/6tdOeE8wxqifnAQ6/Ef+ze1wUwFKY9B+9+2DhDsdf0tyYzSbXAgcYOwY/KsPaFJaFbcg+7jDSk2CfaYViZBrgE9fMiQ9i7fIc= 

4lo73LA/C/6tdOeE8wxqiYCSH6VgVWMY09IgHmESGLQM1wP2DBb0ZO0lQmk2FAQNgNTcnyRdm73+oPq/ap8GNKl3egr4HT0/Gg59KhniONc= 

4lo73LA/C/6tdOeE8wxqiYCSH6VgVWMY09IgHmESGLQM1wP2DBb0ZO0lQmk2FAQNgNTcnyRdm73+oPq/ap8GNGv4/N0uDQA6wOOIriTH/ao= 

4lo73LA/C/6tdOeE8wxqiQVUR/1wMC/0Yg8RQ4VTwgo4flKrRDzwQG4dOTcgFiAeAUEX9AaZ8OS93cLnWtto7w753iocrqaQ+2F2Jhb+EWqB4GGkuzWJrnljhbzVpS2w 

4lo73LA/C/6tdOeE8wxqifXv0D2UFrB8XLVc1NjAI/TuooDnT7xZXBFWfwBIMVLQaETuQMyDUKjNjSshjU/miAiImRQMks2O1LgshIrv8lZFZCe+WQ39LIEUeV5BJEKB2yidO+KJ0nSmRX3Ds9tEiw== 

dQDFenBI/hi0JDN6SniiVLzkmNveAkmfctsC4AyxnGSI/jwq25WrkG4zG9Y0j9veNIy0DGPh2/Oq82L1kh2aAgo9k3g2fglIp/SVDr+5pIw= 

dQDFenBI/hi0JDN6SniiVD5m3buhwlsvlNCkeLW9A2AppBFGmRHbyGwTJs8eh2I3SYeyan137wEyevJrbxkc2+miNWoRGX2DajZc1I/VIN8= 

dQDFenBI/hi0JDN6SniiVGgq++clgxerAsd1ABc3R7+kCCfoGqppD+Uco6GEXZgXAilUP/GtSIxkNEVjtBY1Dv68asD6cB4UBtt+5m1AKcM= 

dQDFenBI/hi0JDN6SniiVFjtv507YoTjORv8GFQDYltCQ+fYtTHaU+fkXpyAef4ZPqm//bc8fclCLoOyevuTK4xxslFqJBOhDihL1+cCYgM= 

dQDFenBI/hi0JDN6SniiVFjtv507YoTjORv8GFQDYltCQ+fYtTHaU+fkXpyAef4ZPqm//bc8fclCLoOyevuTK1GN1JeAL6jzxpFoQYZbm+M= 

dQDFenBI/hi0JDN6SniiVFjtv507YoTjORv8GFQDYltCQ+fYtTHaU+fkXpyAef4ZPqm//bc8fclCLoOyevuTK3Yyoy75tMS/yhkjVXfKAlo= 

dQDFenBI/hi0JDN6SniiVFdVVgwRkLdi/xxF/rvNpm+sBbR/dqR7qjzbEujFcOZ0O8tGHhM+T50/cSg5g53skiMYhzP+jp1qTYR8QjGtCYBI9kZV4EVW7YWPGBWzZEno 

dQDFenBI/hi0JDN6SniiVGlRcdZklDH2WVoSQzjMgDnveUK/KhmG6nZostOZ0WD93fthUJa7FNv/0orC2shdoPVIYfxK332o2BIYahujAf9k5aP11qsrd6P5r8eyoTswWAwKB8boJGoTTrgu+3OsdQ== 

LPmhClbUsG+Xhd13IpTsio/gPavW22MSD4WEIih+LiLFf0MRgiIh2L9RDgDbDXzgzcfVpUgSNglL2EJAZVxyXSVLgc1dOlEFfPLF+hrSfbo= 

LPmhClbUsG+Xhd13IpTsilem5n67NSjMJIrvzLgAh5RQ2lrTjFV42VxkJQ8OYLuxfL6dtnO5OHkMjtraDEZcJmTZWfV5F1dp9jYj2Dda1NQ= 

LPmhClbUsG+Xhd13IpTsisMLzK4AtL6ob2t89dBJCBu/4+VbuuMwdYEhr3HaIlSq9ahk6FXI8l+50Onw7LqwG+vkbBa8SMjTQ9ti5fB9u48= 

LPmhClbUsG+Xhd13IpTsirsfdzw1yc9oGMZMs3dcncRSDn56eRGIVZts6dcj/pPQ7SOEzcXMZFV0Zwcdpy/Ff2fao2TsCQa7FT64FDN9DyU= 

LPmhClbUsG+Xhd13IpTsiiMooPziV6ug4fRdrJuUolDHEYnYXUT0ROFDwmP279oEHK6L55iztkKSCqYXlruyxoIP6c6cA0Tnjruidhfh37o= 

LPmhClbUsG+Xhd13IpTsiiMooPziV6ug4fRdrJuUolDHEYnYXUT0ROFDwmP279oEHK6L55iztkKSCqYXlruyxnDvaisrI41o0YxtI/PE4GU= 

LPmhClbUsG+Xhd13IpTsirALPmgYl8JKMD102kjy9YWmdeU8uaY5r83Ea6BDYzq/lwPy+T6FusWFe+xlOH5JipTNRgsohAoJMBI5vWCar1jI4o0DTyrUFUk05FjMNbUs 

LPmhClbUsG+Xhd13IpTsirALPmgYl8JKMD102kjy9YV64Bi8JOSL2b3630bsB4As/VSf5fax2x0heS7RyNxphL7Ad/p4sTrrdTu64nZpYKO2Yg5EkOebKJmVhWCU+vCRjHBj28soi8fHI+lfVrLgSQ== 

CgpgvkQWd1iX57JpXqcRW0IfwoUsHF1BDgbzKwvZ4o4OX01UVFWNDpcNHvwoH+Kx3+KYu8oIny03lVpvfHCba4eWwrCSmoCptVEy6OMuGKU= 

CgpgvkQWd1iX57JpXqcRW/qCGAOV5dvP3MhZwc/LXABjYLGYJruFHXb3RpC0GNCGKPHeldVqZpAWtlg0eUPuPSV0RuZqFHn8xdF8paebYKs= 

CgpgvkQWd1iX57JpXqcRW9xpVMjrLKBDiA+7cq1cxq6pOnF2yaL4hPXP1GEltTdBqRS5ZTWspbLh85ea81mwKoEun2j/vlCzur1dPcNPeR8= 

CgpgvkQWd1iX57JpXqcRW9xpVMjrLKBDiA+7cq1cxq6pOnF2yaL4hPXP1GEltTdBqRS5ZTWspbLh85ea81mwKibck8Goyyj2oeaGZvLCX0s= 

CgpgvkQWd1iX57JpXqcRW/Oq1Gc4nSV9J21K1KFbYKBQFEoY9KmUW8xN7A1wsKOfRkVjqIIeos0GJdpa+EJuZZW/uC0c68mjOPJeQtEvchA= 

CgpgvkQWd1iX57JpXqcRW/Oq1Gc4nSV9J21K1KFbYKBQFEoY9KmUW8xN7A1wsKOfRkVjqIIeos0GJdpa+EJuZSQVrXEzUZuPP4MnIqhF990= 

CgpgvkQWd1iX57JpXqcRW/Oq1Gc4nSV9J21K1KFbYKBQFEoY9KmUW8xN7A1wsKOfRkVjqIIeos0GJdpa+EJuZXJ4ikL8fpK5o8xTnv8MqCzlBG4iW6Nkpi3Ni9U/Z7IB 

CgpgvkQWd1iX57JpXqcRW1rEtoHJj1BAzqWF8vL23K+uDpVvXQWYoKn6sT66Q7qYoNrjGYwalzhjfqDrxdT0+DhDrtgn/1/wSrL21/oKIxfVkTo76bP5RArfPXaUs4DJWHr3met+GjGYYUzRgB2S9Q== 

0197JnKiO9iXxadJRDBTP6GFbjparxexEXEVv9faqWZPdQoP/WB5KuhgE7bAY0bGx+BgkIjB/x1eCq41w8xLvw8AVu3Tx3N/bnNkPgbqi2U= 

0197JnKiO9iXxadJRDBTP2PQtVMxqIs06YBbUBzazSWfzrmQY6R4roq6zG/BVndYW++fXHmQ1rtivkOSsF+1GjtLdtPSez0GzdQi8Iovk+U= 

0197JnKiO9iXxadJRDBTP2PQtVMxqIs06YBbUBzazSUk0CbdhnVUmpyYyYi/5IC+VT8GYbomA7wAbdWsk7zUwG7BiDilOwQn4eeB6hdWlRU= 

0197JnKiO9iXxadJRDBTP9pz3eGbA13vd90ywh2TNjOOb+HQnBVpWUz+IjC0r585uK4DvcCLDRXYhbtiohWorM5lrFZx1GwlzdOGMPR7VqA= 

0197JnKiO9iXxadJRDBTP5M27CML3j4YjLX0NAMiLYAnTciLpvMH4zhFlsX0QcwjtiH/IbJXWL6UJ4E0q/udn20Q//rDYR8oIyFQmZPWOt4= 

0197JnKiO9iXxadJRDBTP5M27CML3j4YjLX0NAMiLYAnTciLpvMH4zhFlsX0QcwjtiH/IbJXWL6UJ4E0q/udnwClWBFgh54mSAvTx4qoa/Q= 

0197JnKiO9iXxadJRDBTPyt1F5TJTVLW+DiKyeWIojl72xpgYDCGEC1VcVkJnehaigRbI4lzi+44cbe1F+4OTwzFSvNOXuTKyYKp0w7t9CbCFg3k0Q9QWA9ox/EUXKvF 

0197JnKiO9iXxadJRDBTP5BIUwsMEW11mNk/1M25yLZIC+Z2gmZGC2bxvcirO0R74nAoOB4Ckje7wtIYc6bB6jfSucfuHT+4w9mTnY5JJCgsXZi4wqAl/Be4ulsHRcCya0eAoYB0D7maCe29941QMQ== 

iNDsQ+XuAskJls6MhlwDpAThbY5HaXvFqKVJJpgOE3qT5kk6wqKgv96g5ALgQ0HgaRGb123CszwDnQ8ohwb9jKZnRgmrifv4CpiC6h5r+Kw= 

iNDsQ+XuAskJls6MhlwDpEiUmo9q9tLyVZxt0LcQgJ1MzojNBC7lHUPvnYWGZXqdvyWujAbCMmMLwphC9Oyr4JSSxxt/7cmzrUQdQ95KqAY= 

iNDsQ+XuAskJls6MhlwDpC0mupuqUpVTuC0VmuqiDISz/8OB7GczCL0rGkgZajwkZNq9xEUKOqpDp6e40x5DOzP7EDgwJkZPoTwV/jxsH9c= 

iNDsQ+XuAskJls6MhlwDpC0mupuqUpVTuC0VmuqiDISz/8OB7GczCL0rGkgZajwkZNq9xEUKOqpDp6e40x5DOwK/uveYteiUvoLbdoW923E= 

iNDsQ+XuAskJls6MhlwDpC0mupuqUpVTuC0VmuqiDISz/8OB7GczCL0rGkgZajwkZNq9xEUKOqpDp6e40x5DO77BKBetDtzjyaK4tg3kck0= 

iNDsQ+XuAskJls6MhlwDpJgzLfhYPpSDjburXmeajMGgGdtjkyhRgVxiZMPQLlwXJXPeHMiNRyzQP0D40KH75gvkWa3WDsQfa7ZENbfAJ1A= 

iNDsQ+XuAskJls6MhlwDpJDLj7W+1KiSuhgjvC6a1PTbZTPNlZowcJiKWHUeJgKZb//mLMFh+KkvTStVdfbw1h+WJ0YETImHDCjVB2uyq/7rO1sT8i+9akwtVFLUBxMR 

iNDsQ+XuAskJls6MhlwDpB/ZDjPhTzSat/rsX0ScabvL2ERZ8X1r2X1bk5PMbQrK5KlFP7eA8vbTW7toHp8OAidHGkRzX3CgdsTlVu066YHNHc37/A+bF+JkwDS3qM8kTyQB0D57kkghoNUtlV1t8w== 

65DV4EN8j0Kv/UuVnLpQdtfdAT2tWw0uwH33NxZBJpEi9RVA8HEqUIMnaU799KckDrTB6Jh2Pfczv10Dyi9mAhhZ8HEk10CqKcajJkOFsI4= 

65DV4EN8j0Kv/UuVnLpQdru2hlpOMGE3oRD7MCuhaPtlKKu9zYuGgok+CHeshiyTYvr54q+YEgh8TEDByUDL2DNIQp0n01z44kfNxO9TqhE= 

65DV4EN8j0Kv/UuVnLpQdmDYqU1z/lzJA7awA0i1RUP2p2Fh0OH5VlwHjiRhi9T9aAeRIncZQENadbXqAr7A+ftvT3v7/uttpzVYqQ31X8M= 

65DV4EN8j0Kv/UuVnLpQdmDYqU1z/lzJA7awA0i1RUP2p2Fh0OH5VlwHjiRhi9T9aAeRIncZQENadbXqAr7A+avk8o3J2AyF52KFPaO/QqY= 

65DV4EN8j0Kv/UuVnLpQdie84Tj/ArcBylIH8D4loXB+pfqEQ/ATWlgYi6X7jn/8T+1gTQ1274uPv/q/3CejI6FqiVeTWSdtzWGvUQuxYQ4= 

65DV4EN8j0Kv/UuVnLpQdie84Tj/ArcBylIH8D4loXB+pfqEQ/ATWlgYi6X7jn/8T+1gTQ1274uPv/q/3CejI1feW0MqBev+KhISRjsVAvc= 

65DV4EN8j0Kv/UuVnLpQdsrQPCvEp6V6MA00CsvDj66vD1pZcuTOCdOMV/u4M5F0uJYlQEi/LGyNCW2q+RgLh+MCiEox/vXAn3rUG4LOwn0ze2gnZOJwZ7pBHb/oWe9B 

65DV4EN8j0Kv/UuVnLpQdmL/siSkh5ShmyxVfsFyuTo03Xia4wVtdaWYRTuGRIe3lb+pHEhJjtA0DDMbzISXv9OaLUOCWTsJBbrD3GPJyXQs7PrenJZlRxcaAEfROY84VeH1p8QTWZi+bV20e/ysRg== 

A7kIGKv3E6j5YQ7M9UWiQ4oSRPbLb4dbIxKtVAYALhqX2+RTFeTODUPcHTBVaH7BaugJmRG9mSvXKj0wVqeyvzRLvS82o+6QKOOZPacDEg0= 

A7kIGKv3E6j5YQ7M9UWiQyAOveSTptpg9t0+dO/18UmrQxbQgZWumMSeFX0astPsOpuFm/+4/R4wXp7gQPrZ/7/U1FRlv/IGuNCYCS/LCvM= 

A7kIGKv3E6j5YQ7M9UWiQ8LMpv3xKosq4ZMi98mPCs/V9+pg92knPyjFbrtV/ZoABNM2usLf9C84Eq8lLBORjhjYa44ivtJnBi6uoSDX1ZM= 

A7kIGKv3E6j5YQ7M9UWiQ8LMpv3xKosq4ZMi98mPCs/V9+pg92knPyjFbrtV/ZoABNM2usLf9C84Eq8lLBORjlfPjidO539Bc4GlvLiNkWQ= 

A7kIGKv3E6j5YQ7M9UWiQ3OrO+9Y7i63yUUyN7V6KbShAcnagc3MGFAns21W5I2uIJToaRo8LCpnZyDz5ijFGoabQcqm0lYm7uZ6TU0nu24= 

A7kIGKv3E6j5YQ7M9UWiQ3OrO+9Y7i63yUUyN7V6KbShAcnagc3MGFAns21W5I2uIJToaRo8LCpnZyDz5ijFGuX567/yd5BKUkVLwASs6Lc= 

A7kIGKv3E6j5YQ7M9UWiQ3OrO+9Y7i63yUUyN7V6KbShAcnagc3MGFAns21W5I2uIJToaRo8LCpnZyDz5ijFGv8HCTYa9VbQgM6sUWVeUsSeBDLph+5nYxS3u1ywtjuU 

A7kIGKv3E6j5YQ7M9UWiQ8m2ro8AqD+HxGRzP7hakgO7HfOL8+N3ocrk2hvr3/eDDZS8jNGQ+cGVIcnL4vK5osVmmZc8OkWciFDf3aBKwi1vQ15p1Kg2ovDbJahl4ZAU81pXD3brjyYXqDos1W5c3g== 

gh516CVTxLyAoUPJaAzX0Y1SFSlG452ejlO1hapR0B2Ipnv5RSiu3YZ6k5iX+WsZgS29s3yYnGNuglD9DKx2rjHgn1LT4Wd0J1IkWMrKrHU= 

gh516CVTxLyAoUPJaAzX0RAaPSv9IfRjAGUIJxsXMIkA2B7bjNJjFhmn+IVooAYePMJTylWxbzPfCOaYgY0vVhbyV0VYn6Zflo/vPIR1nGU= 

gh516CVTxLyAoUPJaAzX0evgO2u505E6PPW7/friexWJpgQoIx2SJmQPLfcWfQM7STxkyUf92tc0L/EWwfx1Lh17D3y92KkosvigvQzBUso= 

gh516CVTxLyAoUPJaAzX0evgO2u505E6PPW7/friexWJpgQoIx2SJmQPLfcWfQM7STxkyUf92tc0L/EWwfx1LogSxPAO3ZGH8YbFOjITUdw= 

gh516CVTxLyAoUPJaAzX0RQEVk1Z/Yc96/h0VxUtkpVNgXYw0IrcjXf0eRGz8idoowcmZL8RIYT7D6RichRf9j1C1OVqpOEc0kGaPufdEjs= 

gh516CVTxLyAoUPJaAzX0RQEVk1Z/Yc96/h0VxUtkpVNgXYw0IrcjXf0eRGz8idoowcmZL8RIYT7D6RichRf9k14Yfy/l4nwgLomsoZ4+/g= 

gh516CVTxLyAoUPJaAzX0R8gyi5MvniREWvVrIRh5YIaHMapGABVoKlLKx//5pjOMB5yGpkoSEBDomHFQHvsUqyhggpz1enDx9BTTWDPKhK3nJXlm1V52nULIuW4lIFa 

gh516CVTxLyAoUPJaAzX0fiGmvemjLtRLCbqpPpY3UJWZ6bw0jj5DYuvnCJ4pMYg8Al9fZMGqev2H2uEKkN0rvAtgp+UKUwA27pUvvIlr2zJACNdJayWGRBicPK8+1RchqH+b6oOQqL781jRZLgAcw== 

B7Xw5TyrWeODJZlJ0uT6DBpD3xvJSi1bwvER29bgKrsnPhhFfpb0C0RrA1ce+/5mTGKB/awv0vHlXBYMnJbmFYkuz/zzqIEpXGcj9fOAcCs= 

B7Xw5TyrWeODJZlJ0uT6DMPHGC0YJLsCjgB5S7yxhXjw6jqoetkJcIoakFNh2gtNywQ0R86XJZs4cJfaoOE8zSZu/B+vgBbrxrSaUUjBYmE= 

B7Xw5TyrWeODJZlJ0uT6DFVQBhcRn+zq3HQrGESuJ9YkC2ahZD7p5VGQHwuKz5eSD6AG8eA3AyxDm0chFCklYKdHaXnkZZFei6rTY3zPx5k= 

B7Xw5TyrWeODJZlJ0uT6DMZYQzvRxQZgSWmEW0VN+eCc4amTKiJAl/yx9NRrZZSQ8K9o7v94RZ/K8La480wVZEEYPUN5KOj/Zyh0TVB7LoI= 

B7Xw5TyrWeODJZlJ0uT6DMZYQzvRxQZgSWmEW0VN+eCc4amTKiJAl/yx9NRrZZSQ8K9o7v94RZ/K8La480wVZBZ5GjujCvBkV1lgU/tNlsc= 

B7Xw5TyrWeODJZlJ0uT6DNe6FccFBQUiDWTkUASxGm2A+i2W52rQFdkNqONZIKmwmPhwjJyT7WxWxtiTGW6Nr1lVXhIQsFlLMsQWJuxBcRk= 

B7Xw5TyrWeODJZlJ0uT6DNe6FccFBQUiDWTkUASxGm2A+i2W52rQFdkNqONZIKmwmPhwjJyT7WxWxtiTGW6Nrxgh/tFI4Vy79rFfQgEJdPpctVTLlpVkDXlpwCttCEK1 

B7Xw5TyrWeODJZlJ0uT6DOWGeGqS/CL1IGlJEdfDFeYOcZN6OnvQ5kJYYxbdcsqGZYadi5Zfwe865ctprgbA1x2OQv0kJY6+VRHCuymbhOHz0XgDLndh4Ap/PWehyY5AcIdcl0O2wYcEicty6yhg8w== 

nkFvp01AF8B4BQS8FnfUg7S6MxrBMKGGkHSRA2Y/sVL4kEUhryII/klSFnkBqafAUeD2iBPTMPbdREmReQmWeQXvm9MWY+GLzAQauFWijGk= 

nkFvp01AF8B4BQS8FnfUg+o+aYKyu//HZPr9kGLoIEXrP17OHFXCPuekygQsoLryZPhsgPsj29ZpMqiZHjFW9eq9xsp7pdzUPuS9W3wsdhg= 

nkFvp01AF8B4BQS8FnfUg3nGJWeQMuhtymAJA1Moftbv/DfQhLx3N9TV8J/W2Dp8yRi146AswWDR5kwL+okPagjqjuVJUN6JAr3RZ5JSgns= 

nkFvp01AF8B4BQS8FnfUgyixor0cRWzNL7U3aNtrIFHP4f8y7IVwipiUwt3Dci9WZnnVjfPUBtTIGtBLDmmxzPNhKHqtzBVaTDefIw0L5Y8= 

nkFvp01AF8B4BQS8FnfUgyixor0cRWzNL7U3aNtrIFHP4f8y7IVwipiUwt3Dci9WZnnVjfPUBtTIGtBLDmmxzLKw9veHRsHEJZJ4bn+p+bI= 

nkFvp01AF8B4BQS8FnfUg/FXIqmKJHray+CtpN2bL/GP2L7YmYk7LqXdApeNFPs/nP4mPNIQN4NbhKL6fF/3hVM5buk7tRlmusFEAGi4IUE= 

nkFvp01AF8B4BQS8FnfUg0QmnFMegiD564cFZOQDx5qSw3Z9/Ffz4un5TAVn0t9g1kPjmDODsrLv/6I/elwSJJOyGFuXhd1JxUj3ow3tPb2EszOXoxm5rt6XgIPPU87h 

nkFvp01AF8B4BQS8FnfUgzjNBg5pLPs8Vxwj0/tm/e8BeYbbgoMQyiNeMLVeBoIbeVXRRgPJxxgpWYKwAZmk0GyTX2VXHIvKKWXSDikUsQb3wEXQejgZx0c88DrGvqvh2wkIeper5EWd9b3bKdQHXQ== 

t5kQ79ajEqE/qbE1Eg0mhR7meuc3ccbcUlQpR6lTQUme9xE33iXdMqh06GY+tcovcVWDrn47ZjWZ8b3ciR3OLkwZ/ZmFUtJSdayidRzuPJQ= 

t5kQ79ajEqE/qbE1Eg0mhRyfGdGcwTAR6CE7z1H4MCANnS/0QOp3TnRayW0+t1xuGhx7qXyT10f8YnywtrM9HeBIQFPo194JFiU5tEo5v/U= 

t5kQ79ajEqE/qbE1Eg0mhRyfGdGcwTAR6CE7z1H4MCAwbRjdyOrXDtdXnjliAgHUlfFiJcuihnIaYN27IfrN6Q2Ji9PLL6DUVu+NMRuI7u4= 

t5kQ79ajEqE/qbE1Eg0mhSPcdoJijqELVaRST7Xcm1T2Rh2xpKzbCGulTCWxEMiMuHLc4oylKtSLrdht3zROYicsYvn8DG6Iu1kObHoxRs4= 

t5kQ79ajEqE/qbE1Eg0mhSPcdoJijqELVaRST7Xcm1T2Rh2xpKzbCGulTCWxEMiMuHLc4oylKtSLrdht3zROYpgXZQLKRyFeGR5AUAojouM= 

t5kQ79ajEqE/qbE1Eg0mhb0Vu9HeLlVXVQcvGEX4Th9GdgNucBFrAEBQzqSsu+t2L0MgEfP0fhkYvLinskaDCrcEF+el7J7yu/i6KJf2iNs= 

t5kQ79ajEqE/qbE1Eg0mhb0Vu9HeLlVXVQcvGEX4Th9GdgNucBFrAEBQzqSsu+t2L0MgEfP0fhkYvLinskaDCu+kOAenhhjHkiB7StCUj1EZ/eY0KdoyoGstpumn0ePD 

t5kQ79ajEqE/qbE1Eg0mhcoSWBiTbMIP6eVUqA7i1zxwOOEhYPtXsNi9awiWuf2ovWnLM9F9fgZT0eq9RtXh3iivO74uikuQQzX/IFTElzbIcQBse2Tbl6f6cNSNcfKM76NPouxdCl5kNE7UlMw+cw== 

8jPU5uPRJrCc51hmd7JdmYCYpLDlQhfmI9vWT/DhKbeq9l+UmpKkhTOc4uVLfn0GEYTKBC6ApqZCVMiuRgWyEv94Sm5dL3ytGF7wI9VwtOU= 

8jPU5uPRJrCc51hmd7JdmarM/7lwAAPkF9VYfAtqhQZxQ9erbq9SgqKqbR3/4uFcOmc8epysuUB0q8Wumqb1PLKldrnQgfDDM8Z4x3IjSwc= 

8jPU5uPRJrCc51hmd7JdmSwhuZHvrEvSb1Kzce0K0tsPj09gMiOr3jBosNU/U9I67wjMc3viVp3sr1aYiKQGhPnMMiA3h+KjYl5/yYkKjCY= 

8jPU5uPRJrCc51hmd7JdmXeOdkpitfYU/VHqbA48sw6Q5dVrcI+8ylyqA+bfyzdUuZQha9KpBQhlRJ+GUgYDBllpFFm7F821cx2a503N7xg= 

8jPU5uPRJrCc51hmd7JdmXeOdkpitfYU/VHqbA48sw6Q5dVrcI+8ylyqA+bfyzdUuZQha9KpBQhlRJ+GUgYDBqphvMmaFcAZaIrttj2gtZM= 

8jPU5uPRJrCc51hmd7Jdmc3yP6uZoGzY4trgq19TLJeFJij+em5meh2HtZjJ8h/03TuhenzgD3+z2F1OjGKvn3/o81tvDIrW7QZyknjy03A= 

8jPU5uPRJrCc51hmd7Jdmc3yP6uZoGzY4trgq19TLJeFJij+em5meh2HtZjJ8h/03TuhenzgD3+z2F1OjGKvn3xMIXvj1cp6NNBYzFlkfVL+iuIfD5f/BwWHci3eEnre 

8jPU5uPRJrCc51hmd7Jdmf9BVh97n2NriHBMkNUnMH3raPclKKTSU3qyS6Fr6kEDyAorcMCNmnJSYLiVkLWSyMrK/aNU4PS2Z9MilL9T4HKUL0UXM/XOwQw3ghQseDXjeQVs/byLB1uP9GGcNug4Dw== 

WbB5zxRJRfw3u0XGUcoB6NHahnv0pQp0TJqUE9F4jOlS6OXFom7K8B0pGIBGyouZbzmS5w6dEx8R71TKxH/LRziUmSIV1zhbUKJJq/4ekiE= 

WbB5zxRJRfw3u0XGUcoB6MlVukHzOFopX2aZ5DFYdhL0kRbvG5F/ZfbZj+j8SfJm0/6FTxkNLcAv1CDcN4c7veophizRnOuvKMuLt0nsui4= 

WbB5zxRJRfw3u0XGUcoB6CcA765IASHp8jaSW2J9hBOY81q//mn+SrwltaV/EuoJJCkr5hkwGo44t/ZEG4Fl69yAuVx7sPpdwrNsdajRpfY= 

WbB5zxRJRfw3u0XGUcoB6BVm5266G6fkU+PcK1CXKTRvlL5q3qGNKCQ5j+FBPf2ZHgQkmJo7mGHRt+aU0+2WPWWINpZAfqLSpyNV6OGW0rk= 

WbB5zxRJRfw3u0XGUcoB6BW/X8syQHa+QVG4o0PdLYq2NwJUNsP+hREmxigpRO7MGHZTJcEMKUX1OUftr+UWDrjxjrkNUYSCPM4dStnJSak= 

WbB5zxRJRfw3u0XGUcoB6BW/X8syQHa+QVG4o0PdLYq2NwJUNsP+hREmxigpRO7MGHZTJcEMKUX1OUftr+UWDrsnT90lxhtLFTfchZWWWQ8= 

WbB5zxRJRfw3u0XGUcoB6GypyE/4et97crtpkzp2gH2dKJGY6UacBNydVURfk35m94Jd81KVBtISYDA9K/T45evUL7NhRf64tTwNMivsbMSJWJomx6pRHeNB7Hq03hSc 

WbB5zxRJRfw3u0XGUcoB6FCl1D1Cg2chipfrXYEMp1bw2vuoplhPIFkytgPy0dbcY6FHvgcJDYUkIv3NolXO3mHoj+REQEDvZkADGztHrffzF3fTIziNcCX2Di3I0hthEaP1lm8XcHPpTjkwsv206Q== 

QdEaWvE4E43cEFSmxFmwV5l5/ZRBASMu3BROU0nIoFegGOjcsdnGzS8sw1czQAEAzPfE/Zucs9sLOs2FUI1hjM4jmhPbsA2qrVk5fDp8/wI= 

QdEaWvE4E43cEFSmxFmwVwZL5Y2+mu93LkX4NXSCgen8t6p2Nu9ZTVbaDIeIYYaOCEIvz19TxBkz01zNsEBjkPXVf9HgeXQbLJeYIdO4Abk= 

QdEaWvE4E43cEFSmxFmwVzGvCzwBv3UwT5z75TvNlrX58Foj67yzzLe4M314xWV6iUI6lwM813K4saTTqJE7yQgAPmAg4D5wKV7W/5fE3Pw= 

QdEaWvE4E43cEFSmxFmwV5CwF6i0u3xDMrDqTkCY0rpaXgB2kCw5dQ9dCyAoNWcbWDRP9DoKxPGjeGZvDmUvF3ZA6Hj7tM3jGQKDKFSIhL8= 

QdEaWvE4E43cEFSmxFmwV+kLL2txrlfaO9n7g50k1AbPj1HHVsJefTRZf9jwqxufExGw8+hnYQ4i+hr6ipatu+Yt1paRTNxalHoco+UVwoM= 

QdEaWvE4E43cEFSmxFmwV+kLL2txrlfaO9n7g50k1AbPj1HHVsJefTRZf9jwqxufExGw8+hnYQ4i+hr6ipatu62hN+TYE96PrEULVKRjjKc= 

QdEaWvE4E43cEFSmxFmwV/8rpXo5HEquuVSSwYXLlVvhV7l7oZv8FmiIlbUvSL0BaHkV2Z+tov2VLY0cJODAmsHh7EuFC5oZlFQYGOiTYdQ2veTFTR399d173OcgY7E/ 

QdEaWvE4E43cEFSmxFmwV16pk/3Q9dQ/X5/AYnufPXk+NYU5uZ7sp3asnz9XploP9sinRtzjMBtY1h3LpERKVN9JdSozWsqmyaTJhpyd8qGQ39RTZGGuAM52Uy1rxoa/RQNTPymAYB1rKJDN8E1+mw== 

Ikoxy/0NhuaNZ7yZGqkvk61D485lcxaOULK9cNDvUEEeEv6p4+PoqeJpFpolyklK3xN04NaPWCX3u1oovBAJLTEGsGONaf4we71ZGXPQbDM= 

Ikoxy/0NhuaNZ7yZGqkvk5CJ7e/spL5dpNxCRsPstw04RisGtGx8dLZhT83VbV4h4x6x6FKgek14+wKz7Ki5PusQ8/0UkUhg+klKobMAnro= 

Ikoxy/0NhuaNZ7yZGqkvk1QQ6zUmuuzfYMuZbsbCpjN4fFUtZhQ/5TO+5JeNlEXAM0z5vJD5jObj6jVaf4b3YX5XEtUjAW59X6i9MU0YkZw= 

Ikoxy/0NhuaNZ7yZGqkvk4HvHEyprDJcYPWF1XUILuLiP+8JgVUwOtGAcPslkhJxIw5YfitcCNBkCxmn3XhFw1FnJDZO5Dn76tfDIzZRR0Q= 

Ikoxy/0NhuaNZ7yZGqkvk4HvHEyprDJcYPWF1XUILuLiP+8JgVUwOtGAcPslkhJxIw5YfitcCNBkCxmn3XhFwxAASQfpaN7m943b15ewOM0= 

Ikoxy/0NhuaNZ7yZGqkvk5qxr+hBiVwg7vAeOvYOCtPK8YL5Doh/GTSzMbVq+96j31RaJHHwwizgvWf/BHCy1kgqab/iEfVruNXO5wykHJg= 

Ikoxy/0NhuaNZ7yZGqkvk5qxr+hBiVwg7vAeOvYOCtPK8YL5Doh/GTSzMbVq+96j31RaJHHwwizgvWf/BHCy1gHtOccv1zbz+zSzkwLjOUJWjCzSv2DtZOWPmvCsRHP2 

Ikoxy/0NhuaNZ7yZGqkvk5v/6mSJmfl2sQ+Ent1avPpEtQACRZRpAZIyicvIcd1A7qgmogCWb6XL23mhB2hOGQqHuVHMZ/sSCutNWPtKdJTJiI9UdQBFw9Sc4FusazAjg5IShCT9cV7Gwu+jHXBZIA== 

7PbSpTa+/G7X84iQmLQy6I2zNiZJ/Dt0TWoGFPCf5PYGIkYMcko+egW4eb6DvPNLKLC9GyEgA8peShjoCgMWCYcVpuirZ2hB+G9jDskpijk= 

7PbSpTa+/G7X84iQmLQy6KqPwf84UQgC2LNCWI10WPTo1Txin2jhx6bxLP1jVBJYF5/8TdFOr5qdVO2QPL3vDGQYhIYxqey4EBaVpB9t4Pg= 

7PbSpTa+/G7X84iQmLQy6FSeXMJhp1oMALkwbt10l0CKEmZQJoUEmDZR+gEI1keGbvw8VaytKSh8M9eFpUaU+kyPVHID+0uUVQzy8UBbXns= 

7PbSpTa+/G7X84iQmLQy6Ace54MP9jQ+h29+E0LVgt33F+HX2Zp6VK7EFhL1XLTrFe6Fb0js4iu/x4K1AByQ3oNvpMnUuOpvBA4MsIr8jFY= 

7PbSpTa+/G7X84iQmLQy6Ace54MP9jQ+h29+E0LVgt33F+HX2Zp6VK7EFhL1XLTrFe6Fb0js4iu/x4K1AByQ3kD65cEvarAZjkxRq75ZPpg= 

7PbSpTa+/G7X84iQmLQy6NeadYnNroL3EXB4bs959rKJwovuagIAc2jY3iysrS0hBjAkq6h/sFPtyG1AtF7th0Nx0er5jXSvCQHMM19M4BQ= 

7PbSpTa+/G7X84iQmLQy6PcerZMmEL2ZoHUVXW9DbC6zkDwW87kJpAJcASqXMRTq4yuR7Fy5cDHzSXrTSQT9ocCWjXV/EeUu0Q2kVedZ61IzP7ByXkeYU2s83LFmCWUi 

7PbSpTa+/G7X84iQmLQy6LbpMPkePlDbaSjRAnG5Iu5+jK4Ve6Yjch+SF6KbrXjZkFF4tfbfOuXlJlckJPDXmKw42m8oA73RXaMI1mx/525hLsLbD2tcQETE72Zbp04fNsxalhOCDD9930HqgMCd4w== 

VtiI44I1Ve1xtTbS7Zo+nOV+yF9zs4PbCMBA3HVXkBc16avkVQUnOys/WzwWKwPRTrmUntno0D/Cfp+dcLUKzF/jGtsMU28REkwwDnJpDD4= 

VtiI44I1Ve1xtTbS7Zo+nNECUsRyfs5r1lzJOi0zvsXUelOPHmQ1+WqdDDyVD5IU8IIDOUC7tJoImFFzuTuKEEpn2cuygRW/T1yWHY5H/XA= 

VtiI44I1Ve1xtTbS7Zo+nGn3DDB9ZqemYTKUelPjbZl5/t/XJvJZ367nYci1brTIYFttTuQQUcAtBXta0pCNQJBzjhymo40i0OFzDU5JaGM= 

VtiI44I1Ve1xtTbS7Zo+nIgc1ajFOpqDx60zNm0vnHVzJsHu+YNRoHkDVlus5ZJ9p8pC63fag/1fESdc9nTTsezakJVv7b7wGWvObClEGpk= 

VtiI44I1Ve1xtTbS7Zo+nOQriy+xZtMZNyLXOQo4iEz0l35fi2MSWbByi61jADo4/2cwGcC70q1zF/A3FFz3ur9uFsaZEp6eT/5/5RA6n7Q= 

VtiI44I1Ve1xtTbS7Zo+nOQriy+xZtMZNyLXOQo4iEz0l35fi2MSWbByi61jADo4/2cwGcC70q1zF/A3FFz3uo34NmS4HfSBZSDcIW7hEMA= 

VtiI44I1Ve1xtTbS7Zo+nFek9jiWPJDDpJJwTXZxQBvorn4b4c8coKX+c2TO9M1eqTTyj5ZhjwCUlAagIxGyKrXyScLKUq4TzLrkEnwf5miymARdtgkpqn1RHx44baeM 

VtiI44I1Ve1xtTbS7Zo+nAYI9Zfhz/SQBLyTrzyljugGfsEHRjCwIF/ap8yF0oyaOtO6tYjXGu+pXrSQTC97xD4+XC/ndhO5BsO6n9XeX0uoi7rtjDjA7DKkrWKBDuittRKJRrapWYvDagWwn9Rixw== 

I0jbuxd2b+FF645jXDGLYCVUUuF6WhXdgBfSqG8IR8F0FlVSN0TKEiRmztdMYIJKY38XIwAdoG15pdfjyWYwzOonWkpjrwRjV9Si7UHs+uM= 

I0jbuxd2b+FF645jXDGLYCZPyP/IVvV2GAO+tSfSUFCKGRRASr+F7fIxHmm852VxuGSffSbnbgvivYY6HbYxiPWR5sXodi9Ay/fh7tdAnrE= 

I0jbuxd2b+FF645jXDGLYBu/Ofgak3/CKfX+iYf2SgVVJ+fZEJDgb7BG1rTeLeZL6YB0FpXnibVzJWMtZbNWGo4+z8AQLlO8WdNxamCxAkc= 

I0jbuxd2b+FF645jXDGLYMEaXLmB3HflBPeprKltkqN6ayGMNFQKjG6osdsKsaIzyyIrZW/uEYPXuiEUBqobb7+1+EurPCEIVWND7M3hne0= 

I0jbuxd2b+FF645jXDGLYMEaXLmB3HflBPeprKltkqN6ayGMNFQKjG6osdsKsaIzyyIrZW/uEYPXuiEUBqobbzIFVcqra3ofPAWP7gk0o+I= 

I0jbuxd2b+FF645jXDGLYJTwdo/zbyzs53mpqZJPb7z16hyWHOF3kmX+AErVDgeVSO1CKTQx/KkL1sB2KA2dUV5EqTWnfuICa0XQIvjKrOQ= 

I0jbuxd2b+FF645jXDGLYJTwdo/zbyzs53mpqZJPb7z16hyWHOF3kmX+AErVDgeVSO1CKTQx/KkL1sB2KA2dUbfMQEzD5gANNgLk+8Rf1xE4KRlNtp1buFF24b2nVq5k 

I0jbuxd2b+FF645jXDGLYGLncXNmpoWzUJBraOmBetfJ/lPmm1zuKY4nK5ik/5RlCrIeJdmxMkyi0zBl4wmOxvixAXCoub5WgaLu7spvb9Xy534dbZsQEcRAyu1OinuHPwhrB9RQi2JaugsByBlZVQ== 

4gO3gaSgp21ht8/SNQPtAevHRQbw2sf4TBH6oV9Zi2aJpO1ALQEeqftMwJQ7szXezs9PybozEP3YtZgFlJB4ptAC43+pJtwLABK4JKO3V5w= 

4gO3gaSgp21ht8/SNQPtAQXaoXcn0mFvUPme5HLeathIGF3HxPLjVoVp1cZsbgf2XY0OMLDeOpQ2F684UmzR5UNrzFhLAxcmpcrHD1Y1UFM= 

4gO3gaSgp21ht8/SNQPtAZGA15gb+zs5/+ZB62CExk38ZO8ZCFK0PMDfPeFo9RhT4dncqI/hqhffnYN/hRyeAJtUvp+QbljGYRNFN0MgvtM= 

4gO3gaSgp21ht8/SNQPtAREzZ8KJAo3A9jnS44CRA6rNJLCH1TTmSMRf8sECQT8zcfrA8xjvGqTeWgu1OmUqQ1R5GY1NS7ZGk/KUr7AxsRc= 

4gO3gaSgp21ht8/SNQPtAREzZ8KJAo3A9jnS44CRA6rNJLCH1TTmSMRf8sECQT8zcfrA8xjvGqTeWgu1OmUqQ3DUI2iCNNJQhwBFjxlYNtE= 

4gO3gaSgp21ht8/SNQPtAbJXhHdQxMyJwIaxlmKzcv5fDURI6slln46SD6+olYQddpu7k2PuQ+pmLbY5uIsZYOqwl6+ecoHQHLvW8X/HhNE= 

4gO3gaSgp21ht8/SNQPtAbJXhHdQxMyJwIaxlmKzcv5fDURI6slln46SD6+olYQddpu7k2PuQ+pmLbY5uIsZYK8+mu1DUaJIqugyIdVwa5/KodOYpPWQUM38q260plmQ 

4gO3gaSgp21ht8/SNQPtAVUwWNizgbF7wSeHKRG98wvgSmkntpXohEF9d/It4UwjdRRF0mCrcetYnn71mg3EZPBFqKHEjr5k0UDi1JN/5h0RXUQA7Gk0JIDz0Sxl0UvkvtBFA3sHJ/yPIoJtgJHzBQ== 

4SIGTUvVwJSIF3PRIMeKq97V+/yAO8wLcyRWEzvrYQMuadYf262Xng2acqILUi/D0iMpTlV1wSZdWTkz0U3y5K9gZVz76TDvnV72kGQJTGg= 

4SIGTUvVwJSIF3PRIMeKqzG48GQ3xCyQVVlc6YJd4Hv9Xoh1l54z6nNB45m6ohciR3k14hmulGLzFlTjmpISoqGeztBTUCwRW3FjxY3FWCI= 

4SIGTUvVwJSIF3PRIMeKqxjhh0QeBOujHHNSD9k3oM09zsU6d2rpjUGhBkxbSzEvW+lx3IDGCElKO3OTeNvqyrk2SPEtT+FmR3eBzcfgUp8= 

4SIGTUvVwJSIF3PRIMeKqyC7E8qqY9LkA1hUkl15IvyAMtnPh2v6xnJVGG2hslwXdDaKedxUHPqn07Vxpt5Vivz1e34G08dJ770vNVVayLU= 

4SIGTUvVwJSIF3PRIMeKqyC7E8qqY9LkA1hUkl15IvyAMtnPh2v6xnJVGG2hslwXdDaKedxUHPqn07Vxpt5Viu5VwX/kXhv+Lof9ePtLaKo= 

4SIGTUvVwJSIF3PRIMeKqwgiCgX5gYHrBXQGGC5cX20bMWdHmgVj8r1EBAYPAHP7bprQ1A3XCs0vjKnDyDPcfYiRayONCzx2S3xzW1oDpoo= 

4SIGTUvVwJSIF3PRIMeKqwgiCgX5gYHrBXQGGC5cX20bMWdHmgVj8r1EBAYPAHP7bprQ1A3XCs0vjKnDyDPcfRGt5PvQFx/ZWbM7LwlMre+rTK3d7xVlGXibXgsuedEa 

4SIGTUvVwJSIF3PRIMeKq6StmXlCtcnNEwpfUS61todniuVibMTdNrQt2Dpi7WjJ7aFaF32sFn0wt6FE1IKyNhvH3y6VJHoMVxdzEklxT2ctV/J+5PWPcLoFDRt4ZIkPPMYCMMtc0JhzVTu8/k8tmQ== 

otoIAH3qvtH/sJ3hp2/NdvOLSayC4678Un+N2hKZIj5qkIC5zxPviND9dgEJESrcOue6s2b6eY/iI8xTJLDhdTxs4YSe96ImdEwQkiM/pLQ= 

otoIAH3qvtH/sJ3hp2/NdmjQcr12GA0RKzempYwZkSMB54WvReq6UjVMFuIfq8uLVxieLvqpvskxO9ViOnG0TEUysU/xsRORD92HdPzT/oc= 

otoIAH3qvtH/sJ3hp2/Ndps0IL70cG365f5uRxeSkCa7fPuhDDYdU9t/913X8ZsfkzU4aZ3eFALGD+mu0Q1UkrnXvBwd/VPSV2K+6lNFMac= 

otoIAH3qvtH/sJ3hp2/Ndl/XKk8RvIZgdp8QiXADr+vMydFrZOoH5nwrZIKWTOuuIyiuUKeqh9gUgJwH7RCMk5CvuU3xmZlW5dvS/sV5IGk= 

otoIAH3qvtH/sJ3hp2/Ndl/XKk8RvIZgdp8QiXADr+vMydFrZOoH5nwrZIKWTOuuIyiuUKeqh9gUgJwH7RCMkx3vZFQKvO2KiLlIyuXcz14= 

otoIAH3qvtH/sJ3hp2/Ndhgf2JOJM2Gnw8DTF3K9jSPFs5NeaQ7EuesWMaLQ8TxTI8FiHJIhl0JZFsIr9rIGrCK1jKsLFA5ZDc5wupxHrKE= 

otoIAH3qvtH/sJ3hp2/Ndhgf2JOJM2Gnw8DTF3K9jSPFs5NeaQ7EuesWMaLQ8TxTI8FiHJIhl0JZFsIr9rIGrKYZUFxuEmQbTjMX/moIb0SVENVtmkgBJSdDh4yjo8rb 

otoIAH3qvtH/sJ3hp2/Ndi4OaXJ/CXdnF9ULrtCBuUPTweI7mMOQ8QRM1NPIeABcxJKA8jsv+C9RjPkTR5cQAxxlkyjiUwNt5jVuPf+aUsljWZ/rm/DhHM6/9ombdf0PDr3/4fkU1AnOTEHeXgbEjg== 

Hc2cXu1LcuwbR0ujP2Wka72JyT5kcbAM9yvBvRAwZ1UFWXVCuMQoKj0ifyTjprDFdQDYTfnk4XkTK5fHzookyZjVV5ylAmOzfvwEi8Kc2bs= 

Hc2cXu1LcuwbR0ujP2WkayP3Mrf30tkUqssVuoEYIGJxL9pWqbcpTj3Rdlut3jCbghM5JQUoobGyiEl+at9F7Z8dw8VJ8IwhoGlPeV170yA= 

Hc2cXu1LcuwbR0ujP2Wka4Eyswwo16MRQBP6XU5c2watSdag3m+bx6GcUcdVdUO9a7GCFrDODEbUcWeD2t6100MpHeouTDMeLAvpr4QyGfc= 

Hc2cXu1LcuwbR0ujP2Wka/TIGg8e7WX2SFKw6nBSLmc+bVp6xqh0HLws1yRn6iflRbziBDkiPaIQut5fRpfsNBpLUZBJzh+v+u6LGvq0K4g= 

Hc2cXu1LcuwbR0ujP2Wka/TIGg8e7WX2SFKw6nBSLmc+bVp6xqh0HLws1yRn6iflRbziBDkiPaIQut5fRpfsNPCObmNbfVo7rEQRhTg8JjA= 

Hc2cXu1LcuwbR0ujP2Wka+plfL7MUTw28JHPzPjQGioWZO3BzJPFcOu0DhxbvmkIHy4AQIXGFeEnUlXg6QjNnatAI+mrNXZke4jo7K1EE/w= 

Hc2cXu1LcuwbR0ujP2Wka+plfL7MUTw28JHPzPjQGioWZO3BzJPFcOu0DhxbvmkIHy4AQIXGFeEnUlXg6QjNnRUEZ/yJHMrRTU4YIUhHiVdAS2o6g7XqppmSIUNBZWaf 

Hc2cXu1LcuwbR0ujP2Wka/G/zdb/9BCccRbk76doZmMJ5tVtLSg+oHOgc5q9mGL4SKv74s3exJBPUF7jygbboXNMO2/sqosko36feoANGQ6ATqvOcQzESt8MIHilQ4FA1QLZjfPRLn6GwjDvAM/DqA== 

KUdX403IlN8EE40/1J91Yx31WS6Oc+Lw7LxmxKsYOnR4IlRn4d6dTJhUM2fzHyA0AO9xirjRXlG8aF8Vp0jM+Flj3PwN9pMZ2+PmdkZyVWk= 

KUdX403IlN8EE40/1J91YwkR8PVXTkNNviSGO/+eE1vwQJVbCY35473ts9mMkCV9rbGZRjXa57kcuIp4klVRtHtQMHqJyKyWZgJC5/hdTB8= 

KUdX403IlN8EE40/1J91Y4rG8KixUVpx4CT/bALozWI5iYvLg76l3XaRD2GPMZdg9PSm/ZY07yiI6sMTIAOqAoaH3CWD/m8Lvz6Bt6tAW4Q= 

KUdX403IlN8EE40/1J91Y3QohUnVuKRkQEmqNiHSV9jPx1fPCv7BjzAdeX6JoXSYJHmQqsWDFZ2Xrk/ZsarYUphrT2wcY8xJNewr5MNKahM= 

KUdX403IlN8EE40/1J91Y3QohUnVuKRkQEmqNiHSV9jPx1fPCv7BjzAdeX6JoXSYJHmQqsWDFZ2Xrk/ZsarYUteIBqnYEsapM2gikSs5EXU= 

KUdX403IlN8EE40/1J91YyB7kklc/a1Q3S41jP75lT8VM4ip3YBWxiUtVueHRqgsVNJ+qKzPTJNtmVBrs1HjmZEqqbS2wJhipQB5n9DDOPc= 

KUdX403IlN8EE40/1J91YyB7kklc/a1Q3S41jP75lT8VM4ip3YBWxiUtVueHRqgsVNJ+qKzPTJNtmVBrs1HjmUn+Wwfz8cwsC6SdCcfZOsEjACXwJ/2dWiwFL+q+j2rF 

KUdX403IlN8EE40/1J91Y2CTrgOqRPC8OhYgzURJzWnDcYaHQwCYUDfiMvFM0D1/HdxW02TmsjOoPME7h/6SppadHsTRWpalec8l+IsXJAb2ylwiBrFZeSgeVVyVg7dUSl7Uf0GEcUWnVqn0BYYAaA== 

IdP0kMTKF06Ur1Qsc9B84oh9CUP+Svr+Vq8jp3QhBOg+VHKU9RuwRC8HJX0FGn+yj7d7OibYbJ2pZ+WpOHaRrn7WZVQq/D2FsUtwKeCoDmw= 

IdP0kMTKF06Ur1Qsc9B84rGHO+chuZ87NqsvhmRbyQHYVI0UNPTUqvywTyzmWZdHKKQLYYzlb2bIN42VJTNRKuuizEnMaGv+F/+mBY7cd7Q= 

IdP0kMTKF06Ur1Qsc9B84rGHO+chuZ87NqsvhmRbyQG9KAaVNoOG4TNpB1H6wjFYAQBPKX2n83QNN5K4ri/XdXpccNRYi+N2BZSsQzv1x2M= 

IdP0kMTKF06Ur1Qsc9B84l5mUoNne+iGkjK+rCwn53WUzPc5dh/odTRuj4Y/3PHVw0XhfV9O0LPOzgvjfAI60eEO1AKQlue+l5x8lQMX6Cc= 

IdP0kMTKF06Ur1Qsc9B84l5mUoNne+iGkjK+rCwn53WUzPc5dh/odTRuj4Y/3PHVw0XhfV9O0LPOzgvjfAI60VrYGynDGV60kISSg0LzMm8= 

IdP0kMTKF06Ur1Qsc9B84jVak1NRZc9VjkuP14gEmTqLqT84+aDQ+WKxZ9xDWhhr0gCbU4Me247vI0CdPyNqrWQpOTfJKCzVTip+MoR1r8Y= 

IdP0kMTKF06Ur1Qsc9B84jVak1NRZc9VjkuP14gEmTqLqT84+aDQ+WKxZ9xDWhhr0gCbU4Me247vI0CdPyNqrRAoB4jhxeJwihF+RdP82/9sQeiuAYh8ooQ506QAZ/Ve 

IdP0kMTKF06Ur1Qsc9B84qOYRSiKuYBA88lF4NJKz03Z3Y13skLIwChROavOvGJrQRKc0vfUK7WFPMARR94iV8mXP3gbyJxp3uiwjEmPpe8lvb+SXbrheG8uRqDLiUsnBiTeCMzM6ABE7cfWP+YJ4g== 

67HULdG7KbFPkietDhTIYrQmYZ38j9p4/itWVO91TpZM1F42cvjYe07Ihw0ERpSlX9fH7WQDhg8neXCQu/PMClm3+Y9IheBHw56cH6P2Pic= 

67HULdG7KbFPkietDhTIYt4RzXzrq+AsBwY/tvX1yx2ki4zylamRFf7xXGM5+aTx2BURqeZoR2qlYCYYkeVv2x7JeMTO6ZVNhdc25jE9nx0= 

67HULdG7KbFPkietDhTIYo4mE9cssi/PyzFqtO/kTSFBCj2Iru3KUx0MBBXwvjYpJ1EhdGzm1/QnSAH46edf8qNEwlqsTPjnsAuNVP0NkBc= 

67HULdG7KbFPkietDhTIYtfCb+3epJZmhEOPubraQOBI4nEqzicJL62mmsmEFjBgGb0BU/0mUPXutBQzEJVpCb8tzEieetyRMKIJhgFU2/Q= 

67HULdG7KbFPkietDhTIYtfCb+3epJZmhEOPubraQOBI4nEqzicJL62mmsmEFjBgGb0BU/0mUPXutBQzEJVpCYtyIgY/dkHVLDSWHUI9FCY= 

67HULdG7KbFPkietDhTIYuG97SpeQIvY2exRk4jfBLmUVibC17JZerNF/lXJhkbBAgzakqdoj2zDPvElrl+ABczsryuRk5SisZXBhacca6w= 

67HULdG7KbFPkietDhTIYuG97SpeQIvY2exRk4jfBLmUVibC17JZerNF/lXJhkbBAgzakqdoj2zDPvElrl+ABcG0dQuackfsiwZ9Tx+p0uZ/q0xx4zDAWKq3Y+B+3cW+ 

67HULdG7KbFPkietDhTIYhJUU3WK5Wd7380ZgJbsstEGblSeLHvbArK4YwC28dZUjPdAanzAkKcYAZ9aIcIgXlrC6+LOezB47yGO/YKKPItJBXYcehnojt1CgDtEtZT4nYCRbrJvaUTJ9wrfXVqeNw== 

TEGy0ApOic/SGVm2hUUbk6jK7G0v8EMPi9mztYj9V3rwtGL83deqq5/EnqyaCD6xvRcT7jmJDZkhxlVWm9H3jeHvwodNNoSr5QdlerGrX9Y= 

TEGy0ApOic/SGVm2hUUbk54eLJeRyFzvNkm8D+ZEEBtaoej0tNTo0fCUxUjCNAaYIWiBqpbBzQ/fkk7S9ur/huPa5K/VSStbKm7c2fBXx0g= 

TEGy0ApOic/SGVm2hUUbk53CUld6o34ef7KU5+V1zlG/dO8WtBnu/ifCaQexCBSY8XXjME8CEvY6ToESc45jJ2Pjv52RgyFpQD9sil1B2dw= 

TEGy0ApOic/SGVm2hUUbk9wSVagd8vqei51wVf1pSTiQOF3kMgV67ofOXrUOZdVBsRxSBZpi/JEp1R1CnyyliwScZb+BfZJ3Txs04XKkPjE= 

TEGy0ApOic/SGVm2hUUbk9wSVagd8vqei51wVf1pSTiQOF3kMgV67ofOXrUOZdVBsRxSBZpi/JEp1R1CnyylizD/8iDI+MylSfkKws27XNQ= 

TEGy0ApOic/SGVm2hUUbk9wSVagd8vqei51wVf1pSTiQOF3kMgV67ofOXrUOZdVBsRxSBZpi/JEp1R1Cnyyli8i0lkzax9WLauY+opiGMpA= 

TEGy0ApOic/SGVm2hUUbk2Z6k5kmYhB/+rh7WCVE91hCS4zt0+stdqKakn7FvChPDL25Q597M1jg6u48EDYoMWpGhgs6T0uuJ0XNtM6fhpZQeUrWMhPWAhJ3gXU5Wshb 

TEGy0ApOic/SGVm2hUUbkzi9UneHkBEnVrYNWjOt5BEJ75GBuPghokCwPXmDOZeTHcxa+Mx/FXuweOjVRHfgq0t2f2XE7+nGxrSy+EhQZ9+w6c6N6QzmjEjrYvgs9rOMzut0QmhAiEcs5nL0BXxXUQ== 

TeV3hEXzConUTS17yN5s+Is2/GUyiQr1xl6sLn6GpzZUG2GOdVbG7vgexCf0z9Ds8Z+QUDuSLwYaj9VynUc4VF1ms1Ly7yyd79+/Y1ACUGI= 

TeV3hEXzConUTS17yN5s+KFJb3k6v5VJUM3DEQWsmkh8cOL93vCFSUK/ZQv3FfNCRb9HYbT3VRs2hAI3T6lqEmRtjP/urretum+Q1jH1SsA= 

TeV3hEXzConUTS17yN5s+Op1g4n9isjzjEBSj1PziGjB6yynK8oWNsYRs1Q7YbRYo1rLGquhy19ksSyMxJs4zvMxfbCGAyi5mlhW32WcQiU= 

TeV3hEXzConUTS17yN5s+L3+/M8C6prz9oYuYmhEnZunOLD1hiauymNjOs9Apkpx+nZq0mmI5f3iyoPNxnmcuFMh7r+I8iB5Eq2TAq7Iq/M= 

TeV3hEXzConUTS17yN5s+Gq1D9nNPYNgMYp2fuesTrzE2cKVQI7DKMD4PM0U/WkEO9D94BAqoE2H0hx0yFGVo/HGe8ic7fGSn3ucTFtn1Lo= 

TeV3hEXzConUTS17yN5s+Gq1D9nNPYNgMYp2fuesTrzE2cKVQI7DKMD4PM0U/WkEO9D94BAqoE2H0hx0yFGVowDM+HNaPBbMGL4ftC0kcKM= 

TeV3hEXzConUTS17yN5s+OKN9KR7U8tpPW3dzflpNLmS/A/Sner7kYqd0VEdSyhWJm0zagS+Rook6EQuvKFfUbe6uaRvEexvaQZF8AjHvQ2qQ2ZPXsB8GQUO4Y7/+WH3 

TeV3hEXzConUTS17yN5s+Gmdolcx9oOQgImbAp5Auy7QxxhTj94SOMVuBj1SOmEdSL79cKZNk4Kh03C8HG+iooYBw9+wWoaiHwKkZ55VbiS2bbHo/KV2DpVmN+kr3D6JVi3zhn1Fpn2FfmtEtlssbg== 

4K88Di8LnGeZQ8H8mPFXwlK3YSxiT9y0G1FOWTQSRef7FeP8xykXoLsKae2AUQOe39h/8FDK6K1eZL8kLJ8X+oqVJGei6UJDNnv4AVgNPLA= 

4K88Di8LnGeZQ8H8mPFXwk2CTF7UeyVj5euuieZGBCzNGGEZq7ibcUjz+R/w4wO3fVaHi/ErcIT+hdMXmDpew7BsT+Dku2GWq8LqEbN75Oo= 

4K88Di8LnGeZQ8H8mPFXwpO2LQ3pkaZSFyOf+AKsuoygvB5P34YhVgGxUpWtp9FBGH89lCOVlc//QK1pvpFagOPtzu+ZEH8dSkQMclZAtfE= 

4K88Di8LnGeZQ8H8mPFXwpO2LQ3pkaZSFyOf+AKsuoygvB5P34YhVgGxUpWtp9FBGH89lCOVlc//QK1pvpFagEHBBlU++yWgDI36rS4o130= 

4K88Di8LnGeZQ8H8mPFXwlssCK1iHqyLGahaug1FEamykLqK1pQ15MLhYJGnnyD/EZXaWiHmaVOk8b8esy52FLrqcaLHu/aMLGnSf27eQJc= 

4K88Di8LnGeZQ8H8mPFXwlssCK1iHqyLGahaug1FEamykLqK1pQ15MLhYJGnnyD/EZXaWiHmaVOk8b8esy52FBXFqWskrtUZu9Fpu49uu3c= 

4K88Di8LnGeZQ8H8mPFXwraMcMGaRYwRA4xO/y44p+6AIBIZuBBK0pR/rsZKqwODaBz8W37TvhLFIHt2Kq3K2A9AaU6/Qe6wdYLBjszftuyzdalbvH6XATlQdTA1T++q 

4K88Di8LnGeZQ8H8mPFXwkJj1eHsQb7Re61NHCvXut6W1FOnIRE2QpETWffKFzHgf2HuvalByHnOfBSDmVPCnLDEuqgxBTXzCJpIAeyriuEsgr2H3pvbz2vuiqAzQgfySZ9dNkrJ0hBXZ0yKihUP1A== 

H4BMZk6YJ/+1P67kCUtJ7c5qyebpnTccPsyKEAps4UIvu/F4xvYZ/kqPNW6Hri9/sQ9bWbL0Hh3dNqKw3jGFZyAZhlPaIV0PD0lXv/vWVb4= 

H4BMZk6YJ/+1P67kCUtJ7ddAxNx/bjuCr0fwtFGOTB7Uno5u4rPs1ArVyRfuzE+lV9Ieal97J99Jr4a2n6tGm686ePnSdoZRRkpzKiFVRvI= 

H4BMZk6YJ/+1P67kCUtJ7UG7Jv/PySYzZe3qCu2XdBsuPpVWF9pDWJ1o7BbuOdNLRnlLYxg/Ud/GI4a/2wtGpNMxFDT6k6f5fdiNCLrurDY= 

H4BMZk6YJ/+1P67kCUtJ7UG7Jv/PySYzZe3qCu2XdBsuPpVWF9pDWJ1o7BbuOdNLRnlLYxg/Ud/GI4a/2wtGpPV1+eyvyOS98oRp703J5yE= 

H4BMZk6YJ/+1P67kCUtJ7aSDMA1PtUMd/TL+GsthmuYrbT2Tg+e4y6tt574m0h4D/55L9raxwdCK6mviNvpTSoUrBUbcOP1mrsuln+Ttm20= 

H4BMZk6YJ/+1P67kCUtJ7aSDMA1PtUMd/TL+GsthmuYrbT2Tg+e4y6tt574m0h4D/55L9raxwdCK6mviNvpTSjOrT4YSP7jv8b1Ly63Cbv4= 

H4BMZk6YJ/+1P67kCUtJ7fnAYXnpL8rO3ZFA3iCXAB4Vcrinqwc9O9etKCJTlKT+megmkKV5lgYHyNN+DdrGFzg5kXPXGvwAkelGTHJLo8NwLg/cK5OYYZn2TQe3Sp34 

H4BMZk6YJ/+1P67kCUtJ7QKqQECzPhM5kwBdtrQ5kbQdGEPI+9Mog8Za8nQo98RbyxzCflnTR1PpBrlapn6NKBDvORAor6St2mp8p0ExgsJM0vJiMB5xxVoaOIsEHvXSDVlAupbrImZu5u3PJxSkmg== 

JSbBSGUnWeSvjh1lUgF0HBvCdpYoKda8EX8RfFWC3ZeOn6C811ERSvu3F5Lm99P8u1cfcJon6vKbiYF2E2MsciGZSsN1AMLvTGcEqqK3gns= 

JSbBSGUnWeSvjh1lUgF0HE8ZXx9IYmriuBSB/GqDu4pttjH3GARuhpYQ/sxm1ZvSu/6CTOaNiqVslhNZ1YsHXYEgz5CIxJ+mQXUnt6EIF+k= 

JSbBSGUnWeSvjh1lUgF0HOWJcSqiuPQMrmf7qSlRf5xbMkkvCIMkjFmSpKDH1bvYf/XDMnUaaK1w4CDQ+2tfRM+pJSAX6oZjCzg7tDqL4KE= 

JSbBSGUnWeSvjh1lUgF0HN1buxI3gcxcQobVaPMY0/XF7H6TFw8HRYIfJ4OYG3O+uVm2p7Bf/uPcOOSizaNKmWP/gvZKtK7fexifg4dXdEY= 

JSbBSGUnWeSvjh1lUgF0HN1buxI3gcxcQobVaPMY0/XF7H6TFw8HRYIfJ4OYG3O+uVm2p7Bf/uPcOOSizaNKmfMeqz7Km/8QanrKwYaB/LM= 

JSbBSGUnWeSvjh1lUgF0HHJ4qAxuLqbyQPQhP4ZdJcTN5DL6W8b/sMwmKyazVvIeOUtSIwy2zVgo13zyxIVW3N00n6eFAJDS2V4j2KVGGMI= 

JSbBSGUnWeSvjh1lUgF0HHJ4qAxuLqbyQPQhP4ZdJcTN5DL6W8b/sMwmKyazVvIeOUtSIwy2zVgo13zyxIVW3LLL68mQSAZMjJdJRdA09Ns3Zs2Rm6NdYoWYWqenKBaM 

JSbBSGUnWeSvjh1lUgF0HDzxyrV3I/donmDLyMnB+GJuBpKXRggFtlr2gkeyJW6b38ofVINjlWag/JfbVKXPKxRR6tj1MozDOKL8z4OcV09PTNddP7kMna4CMZS1HtKa5ul2eeN+acJhjSSD1IUwag== 

+aBzleLLWEp0Cf4kiy1r5hreEtFZIRJRW/jkz2NchXjZV35pDQe7WdCJ4WE0yLqCXocd4YYZvo2Dxd2oG5Gabp8EKgKBtsylW7ri7dTFZEg= 

+aBzleLLWEp0Cf4kiy1r5oy1jZNhAiiZ0GSQYo00xdDOhsiXSepBwJPTyIfLxLmM7V1Ed/+GtKl3+9lJ5Wmtj5lorDu+nvuxksSRBcKLuHw= 

+aBzleLLWEp0Cf4kiy1r5v0eKv6jXq9BDlByATmBRoUXojPwwbQwy6PUrVnjTuxZjNp9iV1dlykTWibJp4zajm8wIuYdbvcpnbw3SKdllaE= 

+aBzleLLWEp0Cf4kiy1r5oZb/oF8RmWVYVinkIIuXcijhjhDTLGgWW52ZQa7jcSa3Q9zH1JCtOr81n2aIc5aNTVUlVrSufS9zBgpQ/ssr6A= 

+aBzleLLWEp0Cf4kiy1r5oZb/oF8RmWVYVinkIIuXcijhjhDTLGgWW52ZQa7jcSa3Q9zH1JCtOr81n2aIc5aNXiGH08ktHDl7NNToTPLEjo= 

+aBzleLLWEp0Cf4kiy1r5uW2ciET/X65GHSz2zZb+M472ICapsq1aQlId4ntKexJiuMV6VMRwsqLhjCuHVif/oiCuyXyVWu/Re+d9hYrvjA= 

+aBzleLLWEp0Cf4kiy1r5rOWGQo65KWBOaTopSJd5iyfbcAKk57r02deqHGhT0Y6nyGi7TJtibDWoBAfQQMYW+wx/FGg6HfVd8qUU0GXKfTpcUcjiFbqdWVOu2FXqlp4 

+aBzleLLWEp0Cf4kiy1r5sfn0LY9eDk0M42r8fV4uhj6bTRfzQgt9pM9KpOIiTUkZiEPT4xa76iJBdgo4Dere/W+ydeRM+E6t3UgFpWWkeqSQWefdcp9eKAutFJrZnaK51VFD0hVwcBcjpbdEH2jTA== 

/sukQM3cLJFVoszpN5HainfwC2g0yxPHupAPqiz7fAFx2k0PQ53GsysaATysS/cJMCx6tvJqEBS0Jt9sfLkj8lNtBJye1v6jZ/2PkGam6gw= 

/sukQM3cLJFVoszpN5HaiiZk9SxjCU+hGKv3kVCM5f9c7T5aajfmi1GqIka+qMuORZDwkV6r8OzKE6jO92JLX1a0FNwv6irgBdq7KGZPfFw= 

/sukQM3cLJFVoszpN5HaiqQXAkb5D5Z9mnbul8CmsXbAXv8HH/7gYY/4ZwXsZocMStGNqAjzHpaPLCT87ynB02wB6Fp6I+C9W+XhUEuYavc= 

/sukQM3cLJFVoszpN5HailNXtdqhoMsteyZM2skoLPzPHAUMJxblVG577LVqlVE8tuEHE6cIJTG4YrRsfl+D1DOixOsQBSOII4D9jQRn6TQ= 

/sukQM3cLJFVoszpN5HailNXtdqhoMsteyZM2skoLPzPHAUMJxblVG577LVqlVE8tuEHE6cIJTG4YrRsfl+D1FqP+VIuE09D8c6cr4ox3BY= 

/sukQM3cLJFVoszpN5Haij87yfadWMet0xZZQVCNmuHXUrpk/ZmUZXkidTR0Zh9ygq1LqQszjcIlV8xnuXIxyMUjKb2hpXh7/1y57jVpVmk= 

/sukQM3cLJFVoszpN5Haij87yfadWMet0xZZQVCNmuHXUrpk/ZmUZXkidTR0Zh9ygq1LqQszjcIlV8xnuXIxyNBxoeqiBVqymg6Em96VpseKmXztvJZPUuVPUC9h83Oz 

/sukQM3cLJFVoszpN5HaintQyZ7MKSmgktG8kBTGiSmb0CXY4HyhXcKAVPfANnzE29YJEmtwoh+wSqtCaeN4swm455wFJ5/WdgQzJj92FsKusGt9KXvRSaZAD6U6OCE8c7JADP8j5k7pEP3CyceziQ== 

xbsyYLYuFRzhtgtYvZc5ErI3JeoatUf5HzjD3BDUx4RUubVHlh61y6656e6Ib8yCSIDivqOu2dyJu+4CT/ZdInJqUs0ZpoC5wxZXOd/6JvU= 

xbsyYLYuFRzhtgtYvZc5EnSJMV+AtTe/t8/L1kB20Jjv545Qqi/sgItJVVaRt83P7PTbrLmXZ2Fpz6ORshjaXtQQtLKAlGf2bjhR53vAirs= 

xbsyYLYuFRzhtgtYvZc5EnY9IcuRo9hC/tnhTbrbOEuqWjXKL0r2XlfJ4UA84OrETLQPR0/MH5vpguKfhAJIripM0ost2nv0PdTm2ViV1fw= 

xbsyYLYuFRzhtgtYvZc5EnfDsOmPQ8BfnPoU2Ynkd7TSGIbjUZ80j8t2dImR7kEYzwENOyLOEdQog8Qhy9XuGn5byKejk1StCmM1ZG+ECrQ= 

xbsyYLYuFRzhtgtYvZc5Emhw7sAOLws4qG5B0k92ADgpT/edZZLFZ1cahFTRm4cUvsHZKaKbYuH2kWqHIJcXfomnwJ7kSbnhw/bXq5NGHzQ= 

xbsyYLYuFRzhtgtYvZc5Emhw7sAOLws4qG5B0k92ADgpT/edZZLFZ1cahFTRm4cUvsHZKaKbYuH2kWqHIJcXfphIHDeyraVkGdI6K5CuMyU= 

xbsyYLYuFRzhtgtYvZc5Em0dGJOmK66ijU6ivZ6IKCJ4WR53UAeUGyqm+x9Kdr+AGaW0D1Vi3/n4IINYu0cWnqIvsd0Yap/xRX9gvaOfIT04nsZJmGc5TJEkZWLx/oLD 

xbsyYLYuFRzhtgtYvZc5EmWKiEmA3gR3xgHh/t9tZhzgtUQzGweBF+nNA8VGOpZAc0xIUdsj/cvM1yjoDhrnlo4y1LHA/F2+5jKtSBDyAhnUwB69VmZPK7e//adMJlDBtJ3J/d679yPVXwiUIkpISg== 

S6oACNJdyze9swXzFh0evySA9cMvy1SrptyzrHjhiECZkZRErsmgJWt74Qz7+0IAQvFgaqRP8K3EeaIBNymh/2zsw/kosqByAAm21q7azTI= 

S6oACNJdyze9swXzFh0ev5Vt71kMz79GCw36oO2zMT5ztadLIVr+E8R9h3QXW8JNyWPyIGSrtjFvinc6WbhIaxBOwWTtp6GJxNaN2NNboho= 

S6oACNJdyze9swXzFh0ev5Vt71kMz79GCw36oO2zMT6moLuD8OW+RRX5uEoacyJOmOMHOo2o0aQInqimmINCOvEZm46c6e0wFOis543Nc+4= 

S6oACNJdyze9swXzFh0ev1Zfdx6uKmU4vPFtsGJIFPcJ8gsZcLk/lE1oqIz9KyDXFpTkqCrzCumaIeV9Wzw+RcYObD7ogWhwagAAgj3rZmU= 

S6oACNJdyze9swXzFh0ev1Zfdx6uKmU4vPFtsGJIFPcJ8gsZcLk/lE1oqIz9KyDXFpTkqCrzCumaIeV9Wzw+RcD7CCUkibxc0kIgLcfOXOg= 

S6oACNJdyze9swXzFh0ev+D26oSrKGAJknygElgN/+v74N6NuZ1iwVtob0hCgZ5F+vrIjqGTusxPI/v6IbnFeebZerxmC+ktHz63Y0OZFvY= 

S6oACNJdyze9swXzFh0ev5oJ+HCSBZmtLuwBlL216nqD0+ftSO1xlxk88k5HK7VozZmFCtJBudhgqhbPFAjGG0tZP/55+uQ50xoPKUz1J6jJIhM/SvkRXjIARTCyENdS 

S6oACNJdyze9swXzFh0evwbxBNNCzNznQWgpCkNxjLZjhsbzVU4m5cJX19a51U5day5fru5nsJuZVqM6PxjjBsbrriyW9tpH72lv09v4BsfXkCnTihweygKY3BjBIGVPzcMa21ZFSZa+9YVhCvqoRw== 

C1gH9HyojNkbZ0+vpaFnNiTvhBH6nYJgiuYH8tdyhjR2IT5cGcDRELRyyKhWtV4FO4zQyeL/5dVGxQdTevsGgwIUdVeRwTIAbHSdEcm/Hs0= 

C1gH9HyojNkbZ0+vpaFnNlqYW2NCw8leoIgDEG7ISf6tVEKFoZYnaXE8g76wySMBdufZMoORV3+y1cV1Z+xkkaf8MhfvUzGCdrVqWUchkSY= 

C1gH9HyojNkbZ0+vpaFnNlqYW2NCw8leoIgDEG7ISf5xSMqFcQQ16Hbb2ThFBjbXUYqLLuY/lg+RN7lXynIK3GBJgEwi7jllbpJGRCSxG9E= 

C1gH9HyojNkbZ0+vpaFnNp/SpEFb0u0+nzsdL5IKxVH+59aaaZBdgmVz808lKG5AeaXaldz1oNldC9+n00ifiTnfzlDIn6X6r8X1crHKhQs= 

C1gH9HyojNkbZ0+vpaFnNnB2l/zY7WI5auRliB3fjlAxTkrtPB2TsoJbk592g9poRCNECHYb1GGdI/58D7cv/lTC4n0tz4QK1QNkgtCla/8= 

C1gH9HyojNkbZ0+vpaFnNnB2l/zY7WI5auRliB3fjlAxTkrtPB2TsoJbk592g9poRCNECHYb1GGdI/58D7cv/ryHPZA79Bl4UVYefuZEAxU= 

C1gH9HyojNkbZ0+vpaFnNvmTd9vdMa6k0kmna8xrcrk4MlSjV1lEZWPRfTMdJJz/XL5vEtSnrpVtOIBbvOqliCm6Jh09yVFD8aCmJYCxUunh+jhaXup06FeueRi2DUce 

C1gH9HyojNkbZ0+vpaFnNqoi6DS3wdTihJeyD7s2pLWEEzQ4eeYjB+JmFvZ3JFRP+CwceeAZtXdgOI/Xm6hmTyzPFWWFXWXLR4bzgimTyWifttsqjk3n9UI8qMpDHW13NTu9J8pRkOUvNrjSpA9+Cg== 

VoQ62djgwxXJmgps3u4s4Kp2ufVMluzrPfv5j48Npkr/ylgGqj048ffFVvnMyp8q2/2U9ECWmcQao2/ATMBK8/mi06VUK/M11PZ8+T0LyG0= 

VoQ62djgwxXJmgps3u4s4KGJnUVx9r1uKW6rx/EOrpoEvaFDfz3Q1hsx7Wr34J4qqDeM0egIbe44TDeG6tSn9oppOu5wd5l0KdG8ErVS6ko= 

VoQ62djgwxXJmgps3u4s4B2QOJ6qOZWJcHHnAjzRMp+zL/I3W8UwiEbjtmBoes9aCqgaX6t5HkoUpPdYlSfgfHkQjAyYMNoQxHfmb8CeQOY= 

VoQ62djgwxXJmgps3u4s4B2QOJ6qOZWJcHHnAjzRMp+zL/I3W8UwiEbjtmBoes9aCqgaX6t5HkoUpPdYlSfgfEII9hjriJIMUth7Btu0PJw= 

VoQ62djgwxXJmgps3u4s4LE22F7b9n2TuGkSgAEhKbg5UK/G6CnrByMb1Pi1zXNFtpu1fFrx3jS66Z7qkMWXmfK3CzY3PXXwwhs82fUXDz8= 

VoQ62djgwxXJmgps3u4s4LE22F7b9n2TuGkSgAEhKbg5UK/G6CnrByMb1Pi1zXNFtpu1fFrx3jS66Z7qkMWXme8LwtqCrawHhB3tbhn6qk4= 

VoQ62djgwxXJmgps3u4s4JOMFpfTA8Zrsl/apdA4csmYZY+MbpafcMLdL3J9NbjdhhesDx9JCtqBJzN1Wyyz5EtqReULqcPJVdj1jblgxc6psHOS0K3wI8fCNddgjwfy 

VoQ62djgwxXJmgps3u4s4Lm55n8l9z1HxCVpxGsdzEUU1YqWeDq0pxSdekWFSsjf//EY4v05qt39PN+writ/4CjyEa9dr9Swmx6xlYO23wyqQa6dOYLeVN9YKiWVTSdZPjqCjv8zENFvpM21nBVYYw== 

v7hiMuPPJUDXKxPpIH4BmR9U6WfrAR0/UDFKmcpe3l/ujH+2BEFIrMkJm2ohwVR/F1uRK1aAz2i39CK+I+AXJP0rSfDv2OCw8chKZ7zeH+A= 

v7hiMuPPJUDXKxPpIH4BmYP7PX1jiPW19JMXKh+IiwHkY1C93W+FZEm3fLrpTHbNRjDHg3HwJJ1jOnUZYTl+XK7LqE6zTJK3LnPe1zMSzbA= 

v7hiMuPPJUDXKxPpIH4BmccA+cK9y4D2MXWTOGDqFnqzKQTmdLkMy5qJ2imPkfqLvkWhzTzonOfTdU8Gh3OQK8RPmoPQJscPSNHef+lCHZc= 

v7hiMuPPJUDXKxPpIH4BmXGTHBCYz+5BRrCE0RjYRLTTI9vsCafiofQeaaGDLHpoSDKGPWU9x7mtU48AUyJX1tD6Uy18FD/esVq1qS4AA0w= 

v7hiMuPPJUDXKxPpIH4BmXGTHBCYz+5BRrCE0RjYRLTTI9vsCafiofQeaaGDLHpoSDKGPWU9x7mtU48AUyJX1hrCIB4S96ct4XRs4FdzEBo= 

v7hiMuPPJUDXKxPpIH4BmeDFZFbAjsHgCEylTfqEIrZhapI5mYxitfUkijYtMhcWOXHfnuuvrUZG3+rnB9FIgJZiBQtNmHyBylRIz5uj1O4= 

v7hiMuPPJUDXKxPpIH4BmeDFZFbAjsHgCEylTfqEIrZhapI5mYxitfUkijYtMhcWOXHfnuuvrUZG3+rnB9FIgGR3ZmtuT8mQAtcsaHtyYIGbsxrZJY9wFIv4/oi9ZShg 

v7hiMuPPJUDXKxPpIH4BmX1Bcbbkdb/InEHkczwIiHG/95z+kcMzQk0M33ZKoTMFQmceF0n/o9qOqYNu1uHQyaEcmG9bNWP+WYwUtIpQogiV+515V1NQSiFLMVVyLWE20rRwRCYYhESq/58u9HRbyg== 

qZ8ad7ZIqrIE/JaGUOJvzaP9ONVQzEQFF5L5hrO602ofFGbtjH94Ia3JIhILa90o2GCXCxGWLfPfDngrpG5dVYAGOkMP+wjKVhrCYkvfJqc= 

qZ8ad7ZIqrIE/JaGUOJvzULk17HKvAYlAc1dTet/CdO7oU/Yf9/AgCV14r4ukXTDagUO3tYq8i0JdmDlr18dYmeAd4YTo4BFCqe/eJwth5A= 

qZ8ad7ZIqrIE/JaGUOJvzd9uIBqThX+oxUELpYBs9SvO0W9EdGY4F1I4PZiGOWApnNUn5vonHBrZwJDdndGF9aCqM4uaj79NbPslcJpqPL0= 

qZ8ad7ZIqrIE/JaGUOJvzQIbvvX4a636ZrL9xHeKvPktkBOzzNrCKPCA+gs0s++f8yShBGXPaRLKj3DyIUWqpCxn03ezKjbbO5iIYMCPXd0= 

qZ8ad7ZIqrIE/JaGUOJvzWRqjH8vDQdOskhBAnssyp++TTV0bgPyn3q9QYpgSSLCwXmR9LJdsfkMsR0qPYRA09y/PZcB5hwt115nV7ihwlM= 

qZ8ad7ZIqrIE/JaGUOJvzWRqjH8vDQdOskhBAnssyp++TTV0bgPyn3q9QYpgSSLCwXmR9LJdsfkMsR0qPYRA05ZUmQNfYcwDfTz3ffrQTEQ= 

qZ8ad7ZIqrIE/JaGUOJvzWRqjH8vDQdOskhBAnssyp++TTV0bgPyn3q9QYpgSSLCwXmR9LJdsfkMsR0qPYRA06mXt5ozAYA55HUmpabCFQBwcHfmm72/pZn8WWfzL6r0 

qZ8ad7ZIqrIE/JaGUOJvzRk6K11qDAMUwVoQntNpfXMeBXTXKINhdRQuNxRf9C97v+YR/db7pM1sJZ79AhTp/UOvpwioSAunJTHYdIuFbV3nh0kutnX9mw7T6bezm3Am6TUUufAuBnR91VAKzVhtUg== 

6+slQJcDFJe1eZN8yguTBPyYOWxqGJYKGNPn6xwSRulD51EqVJ8KEScjmpm8rf+wOawvHRP9mqH8k3M3NwIl8lXtyRgylWiAqXoSsuWSW3U= 

6+slQJcDFJe1eZN8yguTBGKAbrdBBgkSNDuaxSdUHfHlQJv5oFgpQXmChRehPqxFlBpeZmVHx3z1+vB7rN+OItmGbxRcWI9u+cbsxeik/wY= 

6+slQJcDFJe1eZN8yguTBMaPGCIquaFHOMI3Lc8AvrII3Yq6p9OguPuS9z4zEowLwBvF7loMlsx8chM0+TorojKCmWnTbZSG7DcCzmG4h80= 

6+slQJcDFJe1eZN8yguTBChsPS1jpNhllrz00CqT3mrtW37p9EYO0okFX0ImjeYHkrvGbttPJP6PYxkMwKjv3LpqXr17AgylaGFFSZ13epM= 

6+slQJcDFJe1eZN8yguTBN/BJkFXa61kDuFTTPrlJxtsKmJwLvFpLSW9q2yAe5ezjwIsPiCkpAnWzmz1V/3bZ/EfZeSmtkZwOxiI3s4aabI= 

6+slQJcDFJe1eZN8yguTBN/BJkFXa61kDuFTTPrlJxtsKmJwLvFpLSW9q2yAe5ezjwIsPiCkpAnWzmz1V/3bZ3t4mX+jM25QnvN+B6Tiw2Q= 

6+slQJcDFJe1eZN8yguTBN/BJkFXa61kDuFTTPrlJxtsKmJwLvFpLSW9q2yAe5ezjwIsPiCkpAnWzmz1V/3bZ9a79JPbA/Fm848LKRkn6qeUkfG3gQ+THC3M6VtWo07L 

6+slQJcDFJe1eZN8yguTBGuRiMluGxedfWbzLLAuHZdIlomdmDTt+1lOEBx7DaEPqXDQl/p3adZ7DHD9cN0cyB6DxKmSbvpeZsVrpKEfdUdDRLqLKOWNpkEG41Kbizd/4BN9Nv/Epw+clKVp5W1k/A== 

SuK7LRSi3t3sw918c8sIY9yKXQBA6rWlHdijiXMx4VREsqLNO0dBllTijIgZdx9vYkCJogdI4gujrat5cRdXgQ08VJ0JD8k5h1VLsOqwA4M= 

SuK7LRSi3t3sw918c8sIYwNsSWsqOMZ9zW8OHzpgILfCJ/9Q10efD6CcWUSfrD1b2kpabwKxBQIwKUScciF/fJ/SuuV0ff5SmisK8ty5bbo= 

SuK7LRSi3t3sw918c8sIY91cVRkWtD9dTEgMgxwitWUAjBpE3n05dBrhSfxf8LyYo2HEqfsJUdbiOS+XrgR27/UvymlbrUE3/lpR3QFgYuU= 

SuK7LRSi3t3sw918c8sIYzLC4L6N8zmfAO7H/KlNEcXtr0VDeRcUByJRNZozPyhDAqu0can+7cqZFWg1TUkGknd9ubhuR633bYotHV4PlRU= 

SuK7LRSi3t3sw918c8sIYzLC4L6N8zmfAO7H/KlNEcXtr0VDeRcUByJRNZozPyhDAqu0can+7cqZFWg1TUkGkmedlQHO/9KTilNb4CYH0YE= 

SuK7LRSi3t3sw918c8sIY+nbudrfSre1+f9FDnEh2aEPh2zw6jX3sEkiOzg8IJG9/Q5MBTFPLIm3AMP7xUHxs1FCZSu9mkrSngxkztKRM/w= 

SuK7LRSi3t3sw918c8sIY+nbudrfSre1+f9FDnEh2aEPh2zw6jX3sEkiOzg8IJG9/Q5MBTFPLIm3AMP7xUHxs4K39Iy/slXxGCdH8QJWfDvCPB4v54r6ewJ9fz8kZzCJ 

SuK7LRSi3t3sw918c8sIYxjTChDlsWoxXYSbO1AXzkaW3/lSbANJ2XLAK9qJDgZODgItvJ1uKSO9QC1C3XPh1/no9QrkZa2tOIXU83LrZ2wifCqIu3uOtBQ5eP0YK/UcdnT8tykGLKXO9qdrzgGvog== 

XTZ3Sm3FEU+mvFIaHyFjgZdE+XwPUROH5t8ruqZ619/WBn6kuKRlbOKFQFOyLWhek8cg0CecrBE1QSrtyx55/I+50nT9I8bz5yjbONPRBoU= 

XTZ3Sm3FEU+mvFIaHyFjge0XL3A3mGyE+vX5DKjXQYK46ro8r37130U+APfc5Lo9nLI9FXf+IBuGCdl/0DJLNWHQNS1YJB1mtW26Il1ysxM= 

XTZ3Sm3FEU+mvFIaHyFjgRZKCKT1qs9DOIKqF0cRA6PugxIgxBItNUGFFvDfsgrLLzMjB3Fq205m/L4nf7axnNPQln7EsAnZ0vYmUVkX5OI= 

XTZ3Sm3FEU+mvFIaHyFjgRt/zkrn66bm3pTCCiGcR/neeganpR7cyy5bUb0xC6pCNhA7RB90G7jIIO1dGO5tLv95jnJQCALt+X7prBYd0Xc= 

XTZ3Sm3FEU+mvFIaHyFjge+KIg4JHF1pzX0d/6oKNEyACw4E8NXTdyhKZZA995jbdLBMcEdZveC8cNU9y01MyMcq+anKZ3CLJrjYvwfBY1E= 

XTZ3Sm3FEU+mvFIaHyFjge+KIg4JHF1pzX0d/6oKNEyACw4E8NXTdyhKZZA995jbdLBMcEdZveC8cNU9y01MyNiykdshrUQpMAHqbk16Ehw= 

XTZ3Sm3FEU+mvFIaHyFjgQNHoVE9kml2/WO7dIZEEBgvazonSpgx09E0I2vyy0h5W/mhsnCEHGhFKtqtTBqO5dcx+uDiFZ0R10p2x+K0LVy3GMDGszJwz+0NUa5BHGRf 

XTZ3Sm3FEU+mvFIaHyFjgc3aogNc1SexAWX0gjyPDkbOurvrYG9SPIZKq9OVOmEYLXd2duSogzXpT8Bo1kLpiZ1Vhj9dORplqxRVn/cYtvg22A3cnzV3begqOm6jxP1Tylce11AyC9S7dLx9q6Maag== 

nq7nLzbQKsPLMVj96K4yk1rdcdThYn5Tg2qocTh9TcAdSyFZKk4ED2PBEM9EmFxz2zaWPkSqTSE4EpOWC0BieDynhhJ54tdsKLGrzQyu/8g= 

nq7nLzbQKsPLMVj96K4yk4zFNygP4hLEXUjPl5O4U8N3lLplV6WGmgYYA5TnZfQZQc+4hFNa2C5oZzjIwGLbEdwx543Sd6e+ldpGywKNwQU= 

nq7nLzbQKsPLMVj96K4ykwrv8IFI18DBa4/WpQVVqlMDKkjdP0CUd9/A3np3/LJ5ljizOJQbLjJbE8IU5WAIZ7u37t6hrgPXJMUVhJh66HU= 

nq7nLzbQKsPLMVj96K4yk8jmBZaAzIExiBHbUAewf4DbiWZ9K4sTHhIUKNELSd9JOzAfIKvixY2Xoi2LOZiik8gnSyoboejiYjeBufzauTU= 

nq7nLzbQKsPLMVj96K4ykwZ6vspHEyM2mZPTB7R6SIw1Y5US4KiVXw31P5ENIQUVK59T7hOZJcJPKxDvWkh0hoQtcqEk7LdnPcLAXJOm76k= 

nq7nLzbQKsPLMVj96K4ykwZ6vspHEyM2mZPTB7R6SIw1Y5US4KiVXw31P5ENIQUVK59T7hOZJcJPKxDvWkh0hjHWK6F4A2rythZMs48IBjg= 

nq7nLzbQKsPLMVj96K4yk9k/imRjii8rOnMnefPkvnYfMGKYMm8SKzIxl4KCQUBQoO0ZmGQOBuQ1oBslZ8HOI9BhUrwMh9rBH4nOlASv/I+14XV+nelPLxgOd493r47l 

nq7nLzbQKsPLMVj96K4yk/ahs4kRU5HNM/zCQarE/3gC5UTOkDOy3UWjbrJivimz9PEClgY39jjaBjHmw5TE+f7zweUqFYTfZcguwlVKJEeVz7pNG4efyy6eXvpcl8s7g+djZUmV7UTuKQcSedSPwA== 

em3PcsakXBizEvxXcg/xejhmvDx5b05WdKggQp34oacGdXqT1VHgjlMad5l/WJd3na0wuPvi5d7WfMbsxGr5iccgs9tQHanbJmTVX33STAU= 

em3PcsakXBizEvxXcg/xehO4iHg195QMkAO558D1VdwJHsPKTHLTHmQK6pbAu3kljVhokAOtxH+4o9EEPxRTfzNl1+O5myw+IGeBTkpBN0o= 

em3PcsakXBizEvxXcg/xehO4iHg195QMkAO558D1VdxA8H4iq+VdsgIlT0NvhoClUYcGBl9JTibuf69O599Dt1Bq3BJX/V6wqazbmmi4wnM= 

em3PcsakXBizEvxXcg/xemQwA6mKfxCQjGaqk8CFWxMcxD7OYhRLlG/EaU3uPeFa3mExjE88YhKEA5s4DMmqVOMBfhM6KQeE3sTSKSoUb6Y= 

em3PcsakXBizEvxXcg/xet/o+Rt/aJ7mQvo846k1AdC0QDUpyNXCdWOXnIyPfuekKRndE2Y9gKl6Owg8AvhtnX/rmSRww4v4c3YDDcVUXFk= 

em3PcsakXBizEvxXcg/xet/o+Rt/aJ7mQvo846k1AdC0QDUpyNXCdWOXnIyPfuekKRndE2Y9gKl6Owg8AvhtnSi1iryOYU2wENVVg7WIYik= 

em3PcsakXBizEvxXcg/xesWUD80iIeJZoROGX5KNGmTN+C8Al78Fn3HxTl1RILDHlk00sU+GAb1E/8D+TAqk7FboG61+Tl2H3ndwsUykPc1rnd63uuYNZnT9YJpj5ZwT 

em3PcsakXBizEvxXcg/xesWUD80iIeJZoROGX5KNGmRWzQkQJA/469TfJiAp8dEJUiQOyWM7lHhD/ULieF0hOSSDUayKah3zjKHoEKlIrPz/Tla+sIU8vuxtG1qUUrcDjKXmLxGNhqPm8y8umKlnlQ== 

YsLDroiCwgZkie0lWkBffOr8/eCuzCY9EQCG3yFn+GrmcG/6B+KhmiuKQbE3f5/NGc76aUf8AEfLVndb+3E/N8z5hLbvHYHWNdV89IKVEvo= 

YsLDroiCwgZkie0lWkBffAYFWsIQ3zMFiy7hRLIAw13sQpeSz8f7/gXm19y9gkUbZ7XWbW0tlNMYf1++CousCaij4lRXU2AWnG7/RUT1wF0= 

YsLDroiCwgZkie0lWkBffE23hyCIIUyHAJhxVBU9c5ZDxUzvicfS92EIs0IXrZXIr4VXN2TlxNxRvGGXLba+h/Ig5S2a4IhIDm/ef9FzHGg= 

YsLDroiCwgZkie0lWkBffE23hyCIIUyHAJhxVBU9c5ZDxUzvicfS92EIs0IXrZXIr4VXN2TlxNxRvGGXLba+h6D+yGdUrtDVhpoaBLujIKk= 

YsLDroiCwgZkie0lWkBffD2NER8nnI6Wscm9vcnFGNwWYYTca44e1Q4ILk6S8NzMJY2aCWzJ7giDVvzu8HjiaDWjwsmQHOinx/JhyK0PNY0= 

YsLDroiCwgZkie0lWkBffD2NER8nnI6Wscm9vcnFGNwWYYTca44e1Q4ILk6S8NzMJY2aCWzJ7giDVvzu8HjiaMNRZBo/YQ2rx7AU8ErMdcQ= 

YsLDroiCwgZkie0lWkBffD2NER8nnI6Wscm9vcnFGNwWYYTca44e1Q4ILk6S8NzMJY2aCWzJ7giDVvzu8HjiaMpRsSD0LmJ3N9RXIpOrkY3i8V2zEU6w+Vlw0A5rvuVx 

YsLDroiCwgZkie0lWkBffEMN/DRHjE+DPk0v+6lfh4aAstzqkbcZY0lUEPWgkn5cw21diWivM5A1I+nNpg1gFsT4Y8LZ4PTGpXabBTe8sQE1ljTtg5ZWRp3CSOBIqkAHqkZmexJaPZ6+V1rYUeK7SQ== 

+ebIOxsfStYzd5BOR3K9g7Bh5PPpOqvNEfYAgzOhj8iHWxByXMFideQSa30u34/X/pNXfQ2GL4Rl7dQi0D9fRevCHg3rL3xvZ1HhR+5wD+E= 

+ebIOxsfStYzd5BOR3K9g9Q89apk/5f/IODjpPaEWOTcxnUWux4CQS7P+TXRfBdNzDEGf4VMnk1nG1qjQeyc90wgCFSSO2RZjNM3hHOADwQ= 

+ebIOxsfStYzd5BOR3K9g4jEgXgJhuAehmxX013POHJfsMFCZE3H0Bz8w4aeihNQQp3oftM9RV49UKnCRVJi1SVy8MwUMJFhA2Qdn6SbTLs= 

+ebIOxsfStYzd5BOR3K9g4jEgXgJhuAehmxX013POHJfsMFCZE3H0Bz8w4aeihNQQp3oftM9RV49UKnCRVJi1UaDBexiZv/FH4ATIjlpRoI= 

+ebIOxsfStYzd5BOR3K9g4jEgXgJhuAehmxX013POHJfsMFCZE3H0Bz8w4aeihNQQp3oftM9RV49UKnCRVJi1ScVxKvL6aNBffcIoAx5/kE= 

+ebIOxsfStYzd5BOR3K9gwxETswC+3Whdphb1WKU668actTtQ+sluCItKgJ96nDK/jX0p7558r0ipphLCRc/csY2FtvTtpGns6TlftsOiFg= 

+ebIOxsfStYzd5BOR3K9gwxETswC+3Whdphb1WKU668actTtQ+sluCItKgJ96nDK/jX0p7558r0ipphLCRc/cqV6cTYdWmho1wo/Iz27K3+XIgIH0BIpRfGYiEBL0RAc 

+ebIOxsfStYzd5BOR3K9g6NMmo5YnBJbWKruju9uCC691xojnBEFU8I60I6Fs2Gf84SQo3wYXCCpPLxhEtqAAgYGJkkGj1Fdujolva9HlxWbotDPFixK2dfEqiszY+J8m6FMWwb9GmHeduse+1LJOA== 

IxXQmleA760oEw5upjgOa1rAHtdjvWYveaAIAhj/JCkwmTA4RCv5dtgvswoS9hL2UTUyPgVKsZ/VtQtdUO2usxKVWeSMZZfhQ1B4de/W/2U= 

IxXQmleA760oEw5upjgOa4ubHw9RPeIWDZV45tBSm72YU2dMIExvghd4ZPxzz3ZR27ZsgLHytpBwd/lQev+ZY6L1ZKlEhcNM+dYes+yvvHA= 

IxXQmleA760oEw5upjgOa3jmQa94+4t7mO8XjthAO7kQT+HeHrCY/ZBzO++f5Pt0AgDphb+yTVqNQHIwmlAcPPYlNJqZTnaCzvMKFBwKZDY= 

IxXQmleA760oEw5upjgOa9VSGg2wnPMxl83TWNFB+myGzuYwqCEDptaI+3NXTj6F805XaiADqKu61NMw6aie3SVzI24OZvDZMRCS6uQTPmY= 

IxXQmleA760oEw5upjgOa9VSGg2wnPMxl83TWNFB+myGzuYwqCEDptaI+3NXTj6F805XaiADqKu61NMw6aie3RTFd2ddkclnsfuDSGvY8dA= 

IxXQmleA760oEw5upjgOa6MMIzYyIdyA2WQosgRnQ8ius7M2z7LMhqKGyVvoGyat80Vn9CIQ4IJZ9r2f1ZrNofR7MnbfLbGg6Abcmj/NPc8= 

IxXQmleA760oEw5upjgOa58zVeKqJi01hLKaKv1W3a1hklFFrJkQHVZWH8eefZbv9OfmGXRY3Q7nn9aBQnJlFx6VdqasoKsi+IGV3q3252lbk9eVQWPaq+GRtswRoUE7 

IxXQmleA760oEw5upjgOa09KWC2EqDzE6U2IWrqZkeBHyIiRNVQ7vhYr15a4WHVteNoj10ua07Zko6IkHyUvrlLgnG8hCBtu+qc8z5QX5xfrgNadlT+pwZX+Q/dSbUsxqA2oatehWAvEe37ArEm2Zw== 

wKGmt10YjmkJJSuEXwgdEdhlsTmoM9gMISqbfsDQx+cmSizzY9AO8g5aVTHyRK04NljSTrtTg4gzO0ZPoITYn1Q/4UwvBbp7t4OLBgkCDqw= 

wKGmt10YjmkJJSuEXwgdETarY3WyACty7BK9/SerRAjMb7W6XfMeahXVX/CdI4rO6Zj8AXfCh8PEFd0ZCwKmkScU6HAIkb0FtYfhJ0zRPFY= 

wKGmt10YjmkJJSuEXwgdEe0xP7vZIKJmBzvqqjeVQCKFs85MxK3DG97XAajRr86wpxfV4A4+9hjjIz5zW3784POynIj+7A34jxuS5/JLqP4= 

wKGmt10YjmkJJSuEXwgdEcVan/88ySBwPBzDgxyiTyEzG2roQG53Pyp0/9JsRovP6bC1cE6y/WQ2o0MyKzVkW9et+2x86+QtwgOZx6OBSD4= 

wKGmt10YjmkJJSuEXwgdEcVan/88ySBwPBzDgxyiTyEzG2roQG53Pyp0/9JsRovP6bC1cE6y/WQ2o0MyKzVkWzWpbqSSeR9ZKd8dJIO+dIM= 

wKGmt10YjmkJJSuEXwgdEcYIDDM/5GUtn1pEAD/95Qc9sXno9MHwJijGsIv33WVxof/uJh53+KWbWcVMMzPut9Xro4706MUzvPFbS3chk7o= 

wKGmt10YjmkJJSuEXwgdEcYIDDM/5GUtn1pEAD/95Qc9sXno9MHwJijGsIv33WVxof/uJh53+KWbWcVMMzPut86RYfxOW2KZaTsZoJWv54PgnPvSociF+gfcJkOgLeQr 

wKGmt10YjmkJJSuEXwgdEfvvW1I0v0U3TLLG00dxArQ8LQRXBdwELLazhdl0qVymuRsvzTdPHBOnCdFmuaDoRWo+o7ZQ27Vz4ofYTlSMMcRs4bFPYgeCu+ND7XzJIYMIqqB0BltNq9xbGkE8WIlAwQ== 

hw1kzO4BcGbr1XLIPCdy5n5YQ5bGWZd3jnZ4wA1a0NWu6S+0lKfZVR4xz8RGJF+M8kHEMh0L168w1zgsWaxVP9+/sfNfFsDVuEEB71HG1eE= 

hw1kzO4BcGbr1XLIPCdy5j1oebP59/x4a/6zeOkqsRRgvJDRas0WkG8LCEFjOU7URwkXs/8xfhmGm+B34hFd7j3iDp9TSLfCAiVZ/T4Qamw= 

hw1kzO4BcGbr1XLIPCdy5sSkg9/ukHQnHdIFaKimA/q57mJFCi8R5bY/Rrn6FCwH9CcoRIWDKbP47rUL3h0ww+kLGBTfYj91ydA+CeOKstY= 

hw1kzO4BcGbr1XLIPCdy5g0GkgcSlIWuNEQAszFztL1XzGP1ap1ptSDKcOp805Gd28YjbjkEnYr/lH4DfH+5O8XKTT8wsF3euBag/XqwqhY= 

hw1kzO4BcGbr1XLIPCdy5g0GkgcSlIWuNEQAszFztL1XzGP1ap1ptSDKcOp805Gd28YjbjkEnYr/lH4DfH+5O1gTX2nBUSUVkZXVMwTkLwI= 

hw1kzO4BcGbr1XLIPCdy5nViiMX2sMhthyfxYX9xLDax7b9cJRonnpnYU8KwNXmVI89t6gMzEL4StU4wk22Zpmxirbc72m56fDgsV50CKQA= 

hw1kzO4BcGbr1XLIPCdy5nViiMX2sMhthyfxYX9xLDax7b9cJRonnpnYU8KwNXmVI89t6gMzEL4StU4wk22ZptCJBGM/abHmG7LEzFj6BfE2iDX2MSLuVpmR74/jaepF 

hw1kzO4BcGbr1XLIPCdy5nMBNJebhfLFukj1Lx9GxRxHMorY9LEwkVUYOXGw7oLR7NpIG4c/ZUxWBKWwa//ib3QAqPQwGQtxPbcu71QE/Ud8GI17lDRFacGdWzP1X2jscfW5ysFlpunqKzTjjOjLZA== 

kSfWrj438B3BvLeQqPKSeZ1ce3zLsJhvXFe0+V8eNLAhCyRUanpQPTykrmANALmQj5Ja0TjH90wzo5QJ9CDzcy8sF9MJfyOqu5ji1l7DoG0= 

kSfWrj438B3BvLeQqPKSeeBy8wPZSvT9LGWS7Goq+UFpZ2OpC1NPSCGiOnqwaktm7k29YABtABeLx6xh64CwuWnphOsHxdz89aYKVOs02z8= 

kSfWrj438B3BvLeQqPKSede9mr9A3DXJvsPyFiwtWmFsUb+tp0DWUIj0OcADMfQCyFovoj/yd7jIQckWuQAGZpI38vz9sLMGMjdB+z7bVcU= 

kSfWrj438B3BvLeQqPKSede9mr9A3DXJvsPyFiwtWmFsUb+tp0DWUIj0OcADMfQCyFovoj/yd7jIQckWuQAGZgVbUNHu2Get10ZUK58B+3A= 

kSfWrj438B3BvLeQqPKSeXho9ZJB1m+RyvaQ4v5uamPdap7J98c5duJxuQ/0N+pyf0MGika6Mrw6JbbKrcA7y509H2iQAfeP085FdXMyyRY= 

kSfWrj438B3BvLeQqPKSeXho9ZJB1m+RyvaQ4v5uamPdap7J98c5duJxuQ/0N+pyf0MGika6Mrw6JbbKrcA7yzHssM7cTskKiYrGykiKl3s= 

kSfWrj438B3BvLeQqPKSeQ8Cmq0wOtShdJiEi/IIMuEHJNI2XSEtg/7bpww1Rnb6FzdcNLOrOh7mqQZckrIWkTXKht4SFQNJ3hOMPmp7ygU12e9pf+KbAmKdmHIY3Mwz 

kSfWrj438B3BvLeQqPKSeQ8Cmq0wOtShdJiEi/IIMuHxMgmUA6qy42yMIXMAiLwYGOdlJCvRXk2hPWlGW6Ct56shSrmEVdWd+o7ex6aF1k4YhKPztWPCVUsNB4OjdiTV/TWLN9h24IKKDXmMF6hTzA== 

Cap5XpHv3DrVJ7uXPYtnPNYAIk6UGlQMMzL9skyZOtUSp2lZUBNmeFRSri0MCiz60UI71BNl/QNph8CZu3YECOV/QoHyyV993cSNjaY2vT8= 

Cap5XpHv3DrVJ7uXPYtnPJITTnkeryNTYN1UyHGqHYqRxXv6Sh4+GvNjwpXtNQmkh7+Mt7muaGQAUf1NZaTpI5kk6P/JVLdb4Swrq04UHaw= 

Cap5XpHv3DrVJ7uXPYtnPEeXK7qbHqzdKSr5nxvGr9NEgji6UdpxN5f0TUF+mZiQd/kQ3KU5IslEhmJIp65296aZ07dXLRqleyENJhkJW0U= 

Cap5XpHv3DrVJ7uXPYtnPEeXK7qbHqzdKSr5nxvGr9NEgji6UdpxN5f0TUF+mZiQd/kQ3KU5IslEhmJIp65298R6zwzpYnD0eaxgAVzxowA= 

Cap5XpHv3DrVJ7uXPYtnPEeXK7qbHqzdKSr5nxvGr9NEgji6UdpxN5f0TUF+mZiQd/kQ3KU5IslEhmJIp65290KY2tlHwHlM25RQhY1mfW8= 

Cap5XpHv3DrVJ7uXPYtnPHwPsot9vW9V3sGvhtWW1ZPXEoxtOi+1O//6Idfltc43XhS6WcJAA5YZtOb16WFDC3VgtqAKH1S0CdNCvn5BZyA= 

Cap5XpHv3DrVJ7uXPYtnPHwPsot9vW9V3sGvhtWW1ZPXEoxtOi+1O//6Idfltc43XhS6WcJAA5YZtOb16WFDCzewNeifWZk4g74aS2KLFN8L63BPYClX1xTrcJj5sJgJ 

Cap5XpHv3DrVJ7uXPYtnPEACzGXbXQq2tmkvF0S5/6gmfANIQgddyyTpe1U5wByZnxjKc5eky/3CaN/lhIQzGjJn5H5vc8ITWBfGhlu4wfFxjXxm1RWnHEM4xxW5DmrD1OtjKmLNXvIWt8cG7AT1jg== 

WvYlPXf6ZVjfvvLRwFl9YIHsXFnvrRhL5uHtJV3OKQgqNq8woMk0cHFDNfi19lF7MyJr0JFgYtq2KYcFbQayx8z53HUjw84G0TrNS43X0l0= 

WvYlPXf6ZVjfvvLRwFl9YFLUmWVJhJ9VSMgCr6zsRLN8LYNuMDfJAGEq0h1apUzeqYX3BfCMALNUJ9L/noXL4tDoWnMKnC2lqLTX4Nugk+8= 

WvYlPXf6ZVjfvvLRwFl9YPGK8rK/7B5MBOAsVw6BCYFs1Fk4s82P7xxv4xDEAXpEfy2wccv+eshoMVJoZ1F2yL5hzjZs1XOqNoAboYkN4D0= 

WvYlPXf6ZVjfvvLRwFl9YPGK8rK/7B5MBOAsVw6BCYFs1Fk4s82P7xxv4xDEAXpEfy2wccv+eshoMVJoZ1F2yOMp4ijjK6TZw66K723+Eno= 

WvYlPXf6ZVjfvvLRwFl9YLR9IufE4wo+k9M3LCdIzb+ILMO8A9xdmmn534ghso4O+blP1BpJ4hQSvzzkHFrSsAPCMiaD5+1HF/uXTvKP49Y= 

WvYlPXf6ZVjfvvLRwFl9YLR9IufE4wo+k9M3LCdIzb+ILMO8A9xdmmn534ghso4O+blP1BpJ4hQSvzzkHFrSsHcignBT0IMniEQs9alN5kU= 

WvYlPXf6ZVjfvvLRwFl9YHb9i3xYItSuXJqhFR1mQgY2c8dwA1vxhd4s8Bi37IhVrKEeIySo9nHLIUCS5/BI6xifrBzxt1vJErs4B8ETvzFUG9oZRNXa6NPH3JImRKBD 

WvYlPXf6ZVjfvvLRwFl9YOOQdcQ7ORJ0x/JOvHnTfj3iS056MvC2PqIECRYabx5ZYp42NIBuCyrelGisprKgFTOnrfvtUZgx9a8yKPWjYb4ee/uR37KqYjhxExmA4BjJfLt7cgQeisH5v4YmlrAuQQ== 

9aA0eiSGBZl2bSLQkrI0L/5ZuoQJNx4ymu8eC1AN677yVCdWSF3tcwapXyGX3lxcYmZ5urb8IAv8DwlELb9ToPgQGRAnaixnlg7x2Fac+R0= 

9aA0eiSGBZl2bSLQkrI0L/oB2d+nK8kvbCyReZk7c3P1S0lFm0FF6bBuvfHhuV+1MZMSFTpa/7NCPQFCYV2HK/07wUyYpcq5H40hP+SlpAo= 

9aA0eiSGBZl2bSLQkrI0L6LEzfs/Q00CHtfOipDnb9i2JL1tC9+ZtCHJKsZ0DFrloJ+vkPs4L2bZLfvHhS3lQzmiWcoUDxHLaJ/H3vSDvBY= 

9aA0eiSGBZl2bSLQkrI0L6LEzfs/Q00CHtfOipDnb9i2JL1tC9+ZtCHJKsZ0DFrloJ+vkPs4L2bZLfvHhS3lQ2QYwmFjdhJkg54YyqozzTY= 

9aA0eiSGBZl2bSLQkrI0LxhjPT1pKKLebLrcxin3zR84zOISuxRHs/qOOmfKuf5qDsoAtVh25171Gr01ZCth9wgRAh0Mv+OhC7ERMXUBpxw= 

9aA0eiSGBZl2bSLQkrI0LxhjPT1pKKLebLrcxin3zR84zOISuxRHs/qOOmfKuf5qDsoAtVh25171Gr01ZCth9wXoUOyIDuTiWe71THYul2A= 

9aA0eiSGBZl2bSLQkrI0L24J6FEDoa2H9TDRbShpUga+lm+Hgj4xUNsdZPOQIQ0G+PM1BB8a3UeMJkhnUmWZExjt7UMmPZZ/GaczfhhpweLx/AzEi3wPAehqrH8Lu1IP 

9aA0eiSGBZl2bSLQkrI0L4t0LQSU8oYQQ2AK1TtpvU/rPq9boE6kaNsJWq5quqNqNKW8TYu96yReBCZtQtTSiWb8N59Xpa75/9lR2X/QmFP8gHR46jYNhzispP5MYCM2CnGG7+FAvzAI7BNOGyPcmQ== 

O/vfRXxTqahg8ogBJHE9IUVopW8E+Qt6Q9eZSWbONhyZJ1BfTgEvQymkutP76P/CrlHc5JeMOmQpPMn3VwAwO67wAkIn8XbDBbZFfOOqOQE= 

O/vfRXxTqahg8ogBJHE9IUF237KhzflTnx42H5uMinLlYikFKC7Yha8jTGcPcD/qk4m0IqsrI7aizBVEYQCYEHeFRzDZp0jPpQRKkNkkVuQ= 

O/vfRXxTqahg8ogBJHE9Iehrn7xKDkOVBSbBQZ3I9rxEKnsuZBXeRX34FgSIoWN01shkDkzjwhH6eo8GSWKDdCZTyRvGWiSaRWdDrCcQ4ic= 

O/vfRXxTqahg8ogBJHE9Iehrn7xKDkOVBSbBQZ3I9rxEKnsuZBXeRX34FgSIoWN01shkDkzjwhH6eo8GSWKDdAouURiLeu93a8ms72EPxtY= 

O/vfRXxTqahg8ogBJHE9Ic0VeEJhDi8Gi9tR2V2Zmy8Q03G8GnwS0MHBtqiY9qlQrWbtCWFE5iC6m+UtYhFK5o6UbqyBqp0PSEHnKS+ZoMo= 

O/vfRXxTqahg8ogBJHE9Ic0VeEJhDi8Gi9tR2V2Zmy8Q03G8GnwS0MHBtqiY9qlQrWbtCWFE5iC6m+UtYhFK5hhK5S34/Z5FRD/FTSIa1d4= 

O/vfRXxTqahg8ogBJHE9Ic0VeEJhDi8Gi9tR2V2Zmy8Q03G8GnwS0MHBtqiY9qlQrWbtCWFE5iC6m+UtYhFK5lZ+J03kzTxp0CSEhKtJ2dS27aKbCmSUhHlA8r5yq23J 

O/vfRXxTqahg8ogBJHE9IRzCv/j+RdtBp4ZopyCEUFUZIwfMO2wyhEE8tB9OETlrUPtz35XO6zXvtzRV0lTeNLp9g4XoDGlc+RcjWg8zUWZ7Ar4ox2IxK2FvS08d2kIA73VhjQlXxEKcRB7yoqYxqg== 

J74F5Bu6pqEBhENXG6bFVK1TzmcdUqyLS8XMY/t+eNOTKnGEy4TDfywz2EL0kDirKCCjz7qoH1/3iY7mrw+d2oEvklCFqw7bEVsguC0kTW0= 

J74F5Bu6pqEBhENXG6bFVAayUU8BKXVd4YgmfX8XcxnOBsZZFf+aDudP4bKOFRJi7SCFjMyCuNy+YP4sekmAe3LxnEQUvmz4CN9tpf9YGXA= 

J74F5Bu6pqEBhENXG6bFVNCH+K2K3ETqYIPi0KvLP8233GP0pNaVMtf0xhzsoohtEr4bkZnmJ7KdNHqlFp8FzbfiJsi6SgKry8dwFU24shs= 

J74F5Bu6pqEBhENXG6bFVIJoogGoqqYrsaYaaS9aJMzk+sdjLoOl+DvYDxpUKyiGtgmZVIn1kEUJ77noz3mlOaLBrGxg1YqNODEjL6z3/Zg= 

J74F5Bu6pqEBhENXG6bFVIJoogGoqqYrsaYaaS9aJMzk+sdjLoOl+DvYDxpUKyiGtgmZVIn1kEUJ77noz3mlOWlajoAjkjlYgNiSnG+EhJo= 

J74F5Bu6pqEBhENXG6bFVCTZTatCZycwmHDtazy2j12RGU57Fdv4YIwm7TmJ/ZyIwPpRmrlKrYHgHZgswUh372tponE2NYU5zb/2BMS9TNo= 

J74F5Bu6pqEBhENXG6bFVIAD8vaeVqCGKYi3uwwCXsNbje7dHMtyr3XFAoeWGBHv+aCd/SWI27lMN0jDqtJyfwFGCEhprQOZUuXtq9md1DMHT7dgtNGOPg0NU54+Zf35 

J74F5Bu6pqEBhENXG6bFVCTftnlHa/MMMK9pGrnbPdpzhInq5y4ltD/BtVi+gvIXRaDQJtVA2mqnTQ6jb8a/KBnz6zwgf2TQcoa0yi/yPMPXj30ayHZUVV9Gln+a6rvcSVL3yJnEtzDrCLXKYOcZ0Q== 

C6UV6Pli++qT5KtfYY0CiMFJxvfSIJ+8gSMKXiO9VIXrzgpbVLRRErpt95fdsoSluRSXPsBbag7oWiQsMXsR55OWECcKu96Y3v7GzAjyvoE= 

C6UV6Pli++qT5KtfYY0CiK+UduoNK5FZqo9uvUM1ZwJlS5pxfbcd26Y+fKY22XPAD5BQjK6D6nvBJtCBAPI/3BuHnbQWkPtAsv7A2AJSUkA= 

C6UV6Pli++qT5KtfYY0CiCk71ypJv2T8iVO+YLH69WSydribS/wl3xncjODKqd7CUrRTzPww3nVf4z1cPM28VoduqX5pP4tVc23qBpOSWBo= 

C6UV6Pli++qT5KtfYY0CiNZYqlvFyqCayux3m1T+pHNoUmBgxWOJAEe1QaGsQJF/KzIY5KA00pMccGh1Jh2MAamAhy9AYTc9KxS0LFRC8zk= 

C6UV6Pli++qT5KtfYY0CiNZYqlvFyqCayux3m1T+pHNoUmBgxWOJAEe1QaGsQJF/KzIY5KA00pMccGh1Jh2MAVZQohlAG+mk/nH/ITjOugs= 

C6UV6Pli++qT5KtfYY0CiD2kpQuFZcUF6tKuGu1m5lfH5Q+z18y6ZnhfwJ1qxDgZBDdCurJhd9No4n6I4HgFFouZ6oBiK9PurQ9xJCYVC80= 

C6UV6Pli++qT5KtfYY0CiD2kpQuFZcUF6tKuGu1m5lfH5Q+z18y6ZnhfwJ1qxDgZBDdCurJhd9No4n6I4HgFFpTIUwo9Yxaw4ur25yQ/Nu6falO/6F7PBo/HK3U0ybDM 

C6UV6Pli++qT5KtfYY0CiBI/cqAk7WHlGyjLRPU6u/4M26DYmiB1/mss63geHT2y7CRtRh26BuSSIQPbDWz/dpc+BFvwbgdIEecv+svp+/jN4BLa4xqKd7e7y3CJM+MlJ0Py50wUl104BI+STy8nXA== 

3kKQsVL/YFm+YxnmpzcASGDnz6rT+NdXmTbn0CB09yYmJcBcaEbQ0dW+PMGPG34HEq8nbNpA8WuB8bFpLuKfVG3no7SnQ0NHlnYuvQnRg3k= 

3kKQsVL/YFm+YxnmpzcASItnJhMyGjg3iugjWB6y7FdkG7wuVjhctLNWS2fJRx9R2aAkH8s5MjjwerHTj2mBpb8FhdXOiRASKV4AWmBcIiA= 

3kKQsVL/YFm+YxnmpzcASItnJhMyGjg3iugjWB6y7FczAZ93VGPGDv3V3BkflpzIvcH9rPvudPdEXAKWylQT8wFe65xvTMcdxKOvXMjl8Ik= 

3kKQsVL/YFm+YxnmpzcASK4L2nWm6lT5KSSAhmw233J9mcOaQUs/Eyhdpim9LVAORd87qs20IAI/QioISrOoSJFIJoLFHiO0sO54++6A27Y= 

3kKQsVL/YFm+YxnmpzcASO8Aq+Cze2L7DkoV1UE3AbkYV3wyheddomCW+x5i4tje8dtX+gVI2b2LlZGTLPd7FzmlYhZzesYgzHFLzXeKd+c= 

3kKQsVL/YFm+YxnmpzcASO8Aq+Cze2L7DkoV1UE3AbkYV3wyheddomCW+x5i4tje8dtX+gVI2b2LlZGTLPd7F6Oc5r0IwoM48BeWuC2Omag= 

3kKQsVL/YFm+YxnmpzcASKbMtvcAqwaO60eDLjKnsE3QgXxs3swckKmiVqo+Mru6AovnhmQeaUue7UfyFONlAn/xPNBeGfnVpuZFE9+QhuauObzNeCXNgRCaRDmxG3mz 

3kKQsVL/YFm+YxnmpzcASALdJ06SjtA0p5A/lwLC9KpPseeODS7xwgRhOZ7OQRNfviEKYYZHgxaetkXOM37oTpIFw2kb+F3B7u+uvjPDlZGVtpxT+W9IWahyoJtURi0JAm6IQ/h+N1oUDUpyFYK6zg== 

1daPMuSxRshg9pMmD2VZfCjnJntxNYrxFZYhUwsCm9wVVNHa6xpeE31TQKoEZ+iNoNmKx548hheqbjif56E/GY1rfXf6ibjyzDrUE5QUCOI= 

1daPMuSxRshg9pMmD2VZfKSDe+2L3UTQJIum7Oz/jz1mxxBvUixt6lvyZIKYhv89sCHkABgBLawKGBmbwQMYlGIDyHKMwcrO8AOJdBMSc/Y= 

1daPMuSxRshg9pMmD2VZfCpIzCxikwrr7PZU+BQFWS4IM16Q5eZlc9AxPt5GyBgpHrtL6CebWXG9wg8dAnWNAfxMbVmjoAbgI27DeA1AMR0= 

1daPMuSxRshg9pMmD2VZfGTGosPGdKQcNTg8PXoBY53XPGPQIsROJoHn3T9OR56PxHIZ0L9zz1COe4C58sKZIu3UttWC9U3/thjHxlD/Pqc= 

1daPMuSxRshg9pMmD2VZfO2Hg1xLg7YSvM9tcBWXQ5NFEFB0v0snmMOVetEJ4t8P92zQOaKmoBwoxiKI6oPp2mttr03zeqszmkYr8nH2K4c= 

1daPMuSxRshg9pMmD2VZfO2Hg1xLg7YSvM9tcBWXQ5NFEFB0v0snmMOVetEJ4t8P92zQOaKmoBwoxiKI6oPp2lytOQk2LXKcPnBriixR9sk= 

1daPMuSxRshg9pMmD2VZfO2Hg1xLg7YSvM9tcBWXQ5NFEFB0v0snmMOVetEJ4t8P92zQOaKmoBwoxiKI6oPp2nze7GE11UNOTen4HNcBaqSi9o2eQIDGx/L1QMLVPNfb 

1daPMuSxRshg9pMmD2VZfGWoP/OQjZAHIlUAj4qiSbDM1O/nP6MEMGmfNY1XsyLSAYoLSzaxJyqPQ6jW4j7j+UoWgWw6QIO/V5tSGFc+9uAb4Rs9OcZp5kVsL03hU0REBcV2RujNRvHPcPPIG2a8Xg== 

4TuNoUr5x2S/yMqH6adI1VukghvYdWcU0SQFvALhxY1MALb4C6eNJPL05YwuPxcY5zjOcq2XKHCdI+OtVmpZsUYebpeVo4gbxj9R6N2Y6xo= 

4TuNoUr5x2S/yMqH6adI1VfPOi5guby1+F7PbfYXm4bCvZYvPTCRnpdl2qvbq1crmpoBh8fNAhD/VDDkeosTvAU7BJVlMve8HZ6wKwlTTVY= 

4TuNoUr5x2S/yMqH6adI1eDmUwLfLaRibVEEs6C8ELLiIKH3hVWZ8JomBGnmtwxL6WVo03VTEw0JbwdU6/73vvugqCN1ArL5onT7G1l77vM= 

4TuNoUr5x2S/yMqH6adI1RiFr9Ax2xPg3xbcyFh3tok+6l/SGW9hZdJk4HCWlHek9ZgkeCPqi2hQ3bBjNtcW6b5GnKgZYqAXALPzXm7Uirw= 

4TuNoUr5x2S/yMqH6adI1RiFr9Ax2xPg3xbcyFh3tok+6l/SGW9hZdJk4HCWlHek9ZgkeCPqi2hQ3bBjNtcW6YjW9puQnOSQhaM/6aNYXbY= 

4TuNoUr5x2S/yMqH6adI1ds2jbQ3jsdKduyuxu1k2kLTAVa9y+k4mVVHoYA3o6cbAP2VInMj0C0o5HEVFViiaJUNW7V3vsXELxvu6/1+D1g= 

4TuNoUr5x2S/yMqH6adI1VPqr5q7c/+YfBkvOcLkhwjhMRhHDYqW3x+0nK+zWu0ZF7Hl6fpbrCIRnr+i4p/wBZHeWu+tUHeMP6jfSWUDTUFWyQS3y9XgQpZfGhwV5KF2 

4TuNoUr5x2S/yMqH6adI1YbJR384XpWJd5ekQJI2eFZkaO3Crwt+XqLiek6hi6uHKxcH4k5oyS5zgw1+6ZWROeFIsDAGY8w+5OJ6l5bATRvpij73p781+o77gkhbUKxuAJciTIkWL7fyfyDSXFesGw== 

O5NxaSclBZQ8oJNn0D821ksb2biKSyU+era3M9Up9+7Nsn0qZjPMNaCWwPN1LSVi2kRC/vJ4bxhYSwzcyuGC7Uao9no6HWRSQFpnYwtG904= 

O5NxaSclBZQ8oJNn0D821vcuM+DvGX4wWPqHadIGR2fy8rFVLjAz/krXUeR0F5UHS4MH5kelmWqMYw8i8y0sTlBGqs27Z4EHku2pPcGle7c= 

O5NxaSclBZQ8oJNn0D821hqiRcsGcNRGeG6O70WAGzh3CBgGT2NHCuZ1SzsA5O56hjpkRjrerH+HLMtVKNncVUoWSVo2e2hEtYo/ApQbzbw= 

O5NxaSclBZQ8oJNn0D821hqiRcsGcNRGeG6O70WAGzh3CBgGT2NHCuZ1SzsA5O56hjpkRjrerH+HLMtVKNncVQzuWgqzwqYBnUsD+cRgm5U= 

O5NxaSclBZQ8oJNn0D821hqiRcsGcNRGeG6O70WAGzh3CBgGT2NHCuZ1SzsA5O56hjpkRjrerH+HLMtVKNncVVZnN+O3us/zaU7YSo6O3+I= 

O5NxaSclBZQ8oJNn0D821tlvxzp/L/gmPP2Uh5xm8I95cznkUFa6n8DGZ2a4H0Cdard/XOIFZfw4i5b5LhWCnAJeiGEoiCgVnNwcE16n12I= 

O5NxaSclBZQ8oJNn0D821qirwSVfWQdXqqYRrdCFcX2LdPgCsoxRezh+sQQcQnYKqzBq+jfVPRNlSdE3TdUTpZk9hT5qlqkjvekqMW9xrnt00CjJKqFfKd8AQ+LNFuHH 

O5NxaSclBZQ8oJNn0D821ik2rW4lz1lHuUq4tdtm4tltwfMpn93gJ1IgZxbiogZmNP956Za3sKdYxMzbeF6+fsO6t89KMz1Rm307aaWHWre1/5OTFjaorlVntdEqnavGkw7MZ4E92Of0CmcYkv4zyw== 

rfspxLvmZs/NLyJBIKjayd0L1Z/uD/1GbtBtuJSwYMyU1/tiUE8mPEdJEHr6svd658VnlQYpJWEMX3KG1lXlonynX0O7jPD0mfjLFFx8fNY= 

rfspxLvmZs/NLyJBIKjayZmphwfouzmuGBjiXYwrfMIS7838hsNf6jYZc7gmliqrXronv69uOip//g37Zwx2O2vV198vynbFRvvYrX1wTSs= 

rfspxLvmZs/NLyJBIKjayZuLk1mRQ4jw8rF6l5XkWI9ViO6/fSHWWZDOdmuYzAxqxqzMbwswly4oOiWmPN2Aw0ho4AoiDIJhpSZleu4WSRY= 

rfspxLvmZs/NLyJBIKjayVAXQFan3yEnnvAvZZ48qphrmD0enL5jdkN8ioK3klqJP1QHdxtQN37zHL3A2+N8X3kj/AiPNPNfXcuScyUrgHw= 

rfspxLvmZs/NLyJBIKjayVAXQFan3yEnnvAvZZ48qphrmD0enL5jdkN8ioK3klqJP1QHdxtQN37zHL3A2+N8X1acmLHK5cBqXLXkmKVcQgg= 

rfspxLvmZs/NLyJBIKjaydfvzN3L6fCO0ubQANO445HRAmNGR75Tg8WP+1K2hJGpFtDiBzkHJl4pTzzD5oyBS2qA+sEp40BAuyof/lGeQrE= 

rfspxLvmZs/NLyJBIKjaydfvzN3L6fCO0ubQANO445HRAmNGR75Tg8WP+1K2hJGpFtDiBzkHJl4pTzzD5oyBS8uVtznVemzPhYQb2bp4nOLTt+RmBBqnu4xiygre8Bqw 

rfspxLvmZs/NLyJBIKjayUcbi0N3r8ZiifuessTUD3UMN8KbRrEgZZLvfn2YphjTaGHr6kRjaRqTLdvO8BvS29Y/ZIyPmMcNadMCnF26mGOUOT20VtWWR1fYjtmwKSrhWUdtrbVTJd7vlIxZiNoiVg== 

Z4QvpbFdOgIA68QuSgr4BMvT9fPfbpBLXwnNhHhhtvu+Yz3C51OabiptE8VMNf7a53wmZ4LJkdG7JLzzMPmkO48MwT5PeXPa/BOQM+Kkp2I= 

Z4QvpbFdOgIA68QuSgr4BKrw+ukAvmNKvLdQJSwNnC8RX4nvNzchRMM8ysjAJwA16tufUZy5PeqMhcfYEDrhWrG1feErYKYUq1optifUcM4= 

Z4QvpbFdOgIA68QuSgr4BKrw+ukAvmNKvLdQJSwNnC98yUo/QBWc1QSTIO46Lo2gLJAx3IpcstgLEckO72eA5TOfmJ/o1e00bV7zhv+kUsw= 

Z4QvpbFdOgIA68QuSgr4BMDx0SwFTjb2PxdhJbJUOsUBaAhuEPqsVlzws4fsgDniGu/js1Ud6R22YR2whkF4RYhsBMJhr3Ol4BP+xPkQDgI= 

Z4QvpbFdOgIA68QuSgr4BJSi2jHd/l0h8dHa2nopyZ2+kl5lxRm30USeSb8+LAK4lA7OKxYPSLnSvhwem/h3HanKvrZGNqRfXLxS+SYpDJE= 

Z4QvpbFdOgIA68QuSgr4BHrb9jXQsQMSDcK10HBr4GQBfTmO5ziZiOlJQlksFwhjXaUcj/zU5oZN8G5SuikeI2y3FUUkN8q86dEcRub6oik= 

Z4QvpbFdOgIA68QuSgr4BHrb9jXQsQMSDcK10HBr4GQBfTmO5ziZiOlJQlksFwhjXaUcj/zU5oZN8G5SuikeI2fXpvOCETjsYoq/eRoOirSOsD9ATdEAOsmUmPtZKZbr 

Z4QvpbFdOgIA68QuSgr4BHNgRtZkQE80/9uzahYYXdsbAoLEqhEnY5fE/vhqjKKEJphKsy6flZZvEgekDrFmGESOVDSK14qZXj9h9NkFZTs7R0Vf2coJnVoQfpNCxlMGmvrJQM9muxBJMQMiDh+NXQ== 

1L16NY/uuxmapKRRw8ZVMDSxoYDxQRdTH4crlWKDh2QM668rzjkP8+Gfv/E40DowPORifSkdKNFkNYkBqq5IyKE0nPM9E6+7+fAdT+YXc6c= 

1L16NY/uuxmapKRRw8ZVMEkYgrWHqFW9W9NdiMRzDwIJp4erpMLrU1bjGd1hXfYDmedBvTaciJ2hryOISa0qSTkuRiZNDm5Nd9s4y21y0lo= 

1L16NY/uuxmapKRRw8ZVMAOtzWTfDs5uKVGgVXLrMyItMVXtn5s56SK0klOw8Md/cPxQ4MGwnI++VsTPU8Lf4LIUUlPfhex75+v3EhIE++Q= 

1L16NY/uuxmapKRRw8ZVMJnyZQeFpMc0A/tpCg4PVo+c9mIi0wWfWy/E7PTm8jxgWsuZfBh4pl4s2ZdwSO6ODLnDdhM15+P5fALQkDKijCs= 

1L16NY/uuxmapKRRw8ZVMJnyZQeFpMc0A/tpCg4PVo+c9mIi0wWfWy/E7PTm8jxgWsuZfBh4pl4s2ZdwSO6ODG1GaQFD6ptbuaG9ihfjCSo= 

1L16NY/uuxmapKRRw8ZVMGLI74j/GVu89pB74uRXrcon5XyXqsFYNYjQGn2bwbNT6LLMTUM+64LLYPVpPQnEQgAY4RgFld8axjg9rk9havA= 

1L16NY/uuxmapKRRw8ZVMGLI74j/GVu89pB74uRXrcon5XyXqsFYNYjQGn2bwbNT6LLMTUM+64LLYPVpPQnEQqt4B7AiLUcNnO2+TGKVRWlEUXr5aSNJnQa4eMSmojoO 

1L16NY/uuxmapKRRw8ZVMGpwfmUSc/yuzY/qzhabTXTiyGJgt+YcfJn6kCfEOPAO31JUIF3Yq+zL/yG0iGfQLoluvSusDA0hYYKFspx6IgKAK0no19qSKS7715QUe0MfZ8iyNW08toApvCpjddfq1A== 

zgZjP5uRqlxnKUuj5YdFI3xvQ21v+OWFad2eaVcQJGfRNuyNPIKIP1wOGyF79MTpsJhDdyCxLTSX9B3WEau0q0b80fGTcZ6T+JKM9t+s7uU= 

zgZjP5uRqlxnKUuj5YdFIxxDT0QP7R++ZvaeInSXk2IdwtK1s/IqBE5MG5q0xVmK565obiLgeWAozm0StuDTxDdAnJiMGLskxa5gaCJOb0Y= 

zgZjP5uRqlxnKUuj5YdFI0OKSImAwjzUkqVu7HVRRucPpvXwf2mt+WqS1dtaQTFiiE/Q7uKIu5daJNKJ8QpN40buhNi9KFNXDjN8tLwNTU4= 

zgZjP5uRqlxnKUuj5YdFI2ypW9dC1mCnSGIu+j84J1BPmWfYacSYLPflZpXnxZaziSikSVu30uuW8ot+K/bHG19D8a6ToGUEZ/PtKF9c2YA= 

zgZjP5uRqlxnKUuj5YdFI69aSA1TTG5RClBpQuYDfD4NdK812YfmIEs3ak7ZZ7LkKGmOisBg8XT8vy/0A6IqdoCc7YZxczOzwqNcNksUGkU= 

zgZjP5uRqlxnKUuj5YdFI++BMVV3P6CSH5g1cg6Xgjk06E900Ptx0VH7Q0+rwH7Yp2JWLEJgxLz52VCCf433iYKNNguyIC9d/4xRjba3V/Y= 

zgZjP5uRqlxnKUuj5YdFI++BMVV3P6CSH5g1cg6Xgjk06E900Ptx0VH7Q0+rwH7Yp2JWLEJgxLz52VCCf433iVe7J6nLhBl0G7oCZXuHsbsRg7rz6IDHhOgDyKagXBdn 

zgZjP5uRqlxnKUuj5YdFI+M/s8xpy0mCVmsQW0hJoybNAW8S8pz840JWW1fi7xM1RB8+0x17wCH78hC/Nv5LEfmf1BF+3fbNDzYEQLHpCkYZiPu6SPRqRyzUIfqQic8auBy9X8Y3Kvk35/+N7BTcag== 

4yWzRzCz3C1ipwr/+q+ly5/5+P3nag3pMh0kTTYJQPoCz8BjJLCXYQu3M6cnoRnUCw2kqalNsvD/KpAa62g639Z/gQsCe5oyLHSvrMalPJ4= 

4yWzRzCz3C1ipwr/+q+ly/AsXzDxm+PE6j3MxE8pDcPAjKUGNzQnB6uDMgi5/0ILtDIeGKQSgyhXwgP7rs9cjKdYccoiwkZ2eoDnzIX20Lo= 

4yWzRzCz3C1ipwr/+q+ly/AsXzDxm+PE6j3MxE8pDcNpJvQV0I1qdWsdZMImpL985LEwCbpa0gs5Vc0+kRfxXkN0+bjK3pODlRbFWi/mnDA= 

4yWzRzCz3C1ipwr/+q+ly+BjNiv++7Ttn2k61Wss9amWzooaSUdei5ub2DQ7J3JTdbUBLqJ88nVPxkGX4vWM0eLBNHkugtqmOYNy9+ob1zs= 

4yWzRzCz3C1ipwr/+q+ly+BjNiv++7Ttn2k61Wss9amWzooaSUdei5ub2DQ7J3JTdbUBLqJ88nVPxkGX4vWM0XBXVw6X83K4JXIDZFlsEyI= 

4yWzRzCz3C1ipwr/+q+lywgLY+Zn9XLH0IGFAgCtpzOMr7lKJyriEE9DP7B346R1cgVeaHqhQXXXHHrZmuOYxZsOX2tU6FXHUMqP8Scq85w= 

4yWzRzCz3C1ipwr/+q+ly/7+yFud7TR5ZChjdLroDNqCndofRsDfKu5vQWmGw/gy2AI6zFxmAIedS4T9D9caB9PO5L3qpBwVo41QqP6a//zcrKh79C2OoFJGCUfcKtCX 

4yWzRzCz3C1ipwr/+q+ly1o86QEL6maIP3A8y+g6dIzQqOBofwB4Zr12aGIzSkA7YhZtNCzxCTirlnoKyyBR08Cc2sM6hb5qRuj5uqg5L3OKdiPzx4MTh/xxS8eIk/ov7CNNKgk1rGByrJ+mdeuSzQ== 

mKgOj9PGve3K9QfEtF0GZzgKyUJ7NiQJ6WCkAZ2tapL5oFHg8FM+1zTDutq+eUvfxWtyenRLga2BWNYLRsgwRTMVnuNaof/Jou/3rD0FLwU= 

mKgOj9PGve3K9QfEtF0GZxw/jyk/2mlVo2z0CVpsgqHVuFBHAF1E/+N4L/U5tidCShzGJwM+WnPA2OsKfFm4IZIHLsgJ9S7G7sEy97zF7Z4= 

mKgOj9PGve3K9QfEtF0GZ2HA1A2ecBx92GHX9QpKyLkBntwd2EtEnfAXphxa1lcR2iXAYXwIBYl3VL8Aux9rWeO3dTAhsuEtA3BFgdypRi0= 

mKgOj9PGve3K9QfEtF0GZ2HA1A2ecBx92GHX9QpKyLkBntwd2EtEnfAXphxa1lcR2iXAYXwIBYl3VL8Aux9rWcpbQafhsMV+Hr2uTIqTCmI= 

mKgOj9PGve3K9QfEtF0GZwDIYWdGejDrmH6R873ITKordgGUSZu1VYzPn1Y808s/v0Hj2ByCR0+WQmW/u42C+woAMp3Uab4/OGhbfjJFfDg= 

mKgOj9PGve3K9QfEtF0GZwDIYWdGejDrmH6R873ITKordgGUSZu1VYzPn1Y808s/v0Hj2ByCR0+WQmW/u42C+6MxFzp274PM9nw5Kmx/ntc= 

mKgOj9PGve3K9QfEtF0GZ9wxZaR3viOwfeW0rjSeFrQzKajXm7KF2GyjeRNzb95xWZ5z7YIbcv5sBpYteI8eZQoMmTQ4Q05/wVNaMkgJbsOQQoocvhTxMPv2ADmj7v1X 

mKgOj9PGve3K9QfEtF0GZ9wxZaR3viOwfeW0rjSeFrTiov5RBT6Xfd0WHwPWQlAfLLRRHNabFbgWsCOAIotvy9dhAEK+3JDSGMZsseJ2EBL+RgM5F89sgcWZT1O7jYgwc6CIQGs4NXI/AtKIfWTO1Q== 

agmAaj6ZgFQgAYu9SyRUvcdWbIbzRASAqodH00OaE0TrkQpjwBLKogVeRgmKNMg//alBVuVJ7kroDkTZ5hWpXKyXISk92cAfLCy78Pcscek= 

agmAaj6ZgFQgAYu9SyRUvYuCFmi9LhHTt4N0Q97cC9gPRz3EZ+UXYD+y0x2Zjfdr18zIHg8QEJDcK9nK+qGWo7K2hfir3NRk4keN+skNz5g= 

agmAaj6ZgFQgAYu9SyRUvYuCFmi9LhHTt4N0Q97cC9g8/I/4iwPXex4mHoY8cSYjTCgGAOYKMG41eG02f+B9d3CPEcp+nx8zZLtTzUJ/9gc= 

agmAaj6ZgFQgAYu9SyRUvUKs50qA1JuXJXbuaNT9a8KCRxS4kw1RGmqtn+0b9hQ+Ak/bUa+xeShBpWA8TCTLId8mxsD+gE4uJAk3W8RB41w= 

agmAaj6ZgFQgAYu9SyRUvUKs50qA1JuXJXbuaNT9a8KCRxS4kw1RGmqtn+0b9hQ+Ak/bUa+xeShBpWA8TCTLIafP3yeOYaYdPFd6labDpQw= 

agmAaj6ZgFQgAYu9SyRUvSOquRfEdE72bwdewxTxn4ekYGTFVcf8kjCvYekXrPaWyZfZXOVM3xFgQTW8u4IULnafdNLqRAa8A5t+kvcp75Q= 

agmAaj6ZgFQgAYu9SyRUvSOquRfEdE72bwdewxTxn4ekYGTFVcf8kjCvYekXrPaWyZfZXOVM3xFgQTW8u4IULgyFlp08cIV+VhY9x1hNINrEzVSwoAcyYAtYNsEDgH8D 

agmAaj6ZgFQgAYu9SyRUvSP3UrqSR4ykNp/SYhKLgknigPMOjbnZjI61Ei5VmwsyvcHExDobvUqTBmzqv/lZOFNH/auAag4fkTmXaerx/gFSrwJj8CZnsBj6v+ro31daSUG7GFW7b3XDjUp8TskDVQ== 

JH/JfEm8AEK/iQiaR2mDzuvALegLifB1OQJ7INe+1pISDNIeVhmjttbVs3LK9+qzTRLCK3Mu5isOCl5zeAjvVpWRrJHlVEyPsm4VA044DsY= 

JH/JfEm8AEK/iQiaR2mDzl6UkhGbKvTDaz/fKsTAiIKpS5Nc+DU0r0z9YjKAp4c2p3QoioXwrFS+1HGX/rQQ70owOk/gYn7Rb9ozONe0xho= 

JH/JfEm8AEK/iQiaR2mDzj6UDHWGNHmZf0RJc1x2RbK1mmdhfo+Ziq1F56cjFcbPltv3mFoKPNNpac8PloVYOiBJhf4ZYgIyXzTMMxUSwG0= 

JH/JfEm8AEK/iQiaR2mDzsaNzmCrvpsRQgcKOLjAJEbvE6FocGKkL3QStDiFmT5AQxovrSTjOQ1hBAp0AOtjr8ht/MVHRuGyRGok/08G4XQ= 

JH/JfEm8AEK/iQiaR2mDzsaNzmCrvpsRQgcKOLjAJEbvE6FocGKkL3QStDiFmT5AQxovrSTjOQ1hBAp0AOtjr5yJQDWMSjEhFn9h2Piq2Mg= 

JH/JfEm8AEK/iQiaR2mDztCzU2CdPwtawWGAnz4QZ/rF0m7pWNKRt2qoy8ff5+ukkkDQsF8t5NZT9Rk3XP+CA1N4dI7zfMLux1mo0coitFA= 

JH/JfEm8AEK/iQiaR2mDztCzU2CdPwtawWGAnz4QZ/rF0m7pWNKRt2qoy8ff5+ukkkDQsF8t5NZT9Rk3XP+CA5W0xUYxTm6jjEhSp0S2RAbZKFvQpn9e+JHbbpQwg11V 

JH/JfEm8AEK/iQiaR2mDzhnuGSN2hKPV1bqxCxgKAP3mvyMsWW+5Sc6EkCUQhK1bg7eddd35SN0GcCQZr2PpqSSXl8n0C6ABtZQtOvPalTqTGVJNwSOW+mDXOXYEHVLCMtKYmff9gY51Kuzv8iMGJA== 

0vnA2quWG9m8nno9WlEVr9fGhM/XMAGce8AsdtpXOsDp46FVK72aWMk8IUDpFFisf4Bc1WK/omeIajauQI/xXSoM8sRF9hQd2H7M936DbNc= 

0vnA2quWG9m8nno9WlEVr5QDlor2I+27CvmAs70cvhAMdaA7/vBLCnwFz/8AqOss4LtsJ5o28G4ONi1fJ2CJbqFI7PzwYY/ou84SYL5S4MI= 

0vnA2quWG9m8nno9WlEVr1oSQniYNu4sDnSoco/tsaxTVNWCWfZjb3H8/mGCQl9wZY6PaCLQVhXWqn6Qe5WLfWDd/SAkNRkCFQAhXq9dSwE= 

0vnA2quWG9m8nno9WlEVr8jP3ql3wKAkc+UKLSNe9Zv7tTuKz8Pkt/AmEG6sslIoFYleVXMQIJ02cFoFbQM+CmSoY2nBxiJZjZhUzCOdbMY= 

0vnA2quWG9m8nno9WlEVr8jP3ql3wKAkc+UKLSNe9Zv7tTuKz8Pkt/AmEG6sslIoFYleVXMQIJ02cFoFbQM+CuNbHZoVAJs5Z8XalW7r++M= 

0vnA2quWG9m8nno9WlEVr06jg6MSZgiUGGnRiP9JZnXv17dMIDlh38OswhF/rtXor7y+c2CP2d82ARxnDmym3PcI7o5kalr8PjPUp/fL/To= 

0vnA2quWG9m8nno9WlEVr3np741Dy/cdfUuoTB/pfqrH9y4Vl2FGpXwJYUwNNGsriSxWMVU9uiWMsInlSyGTu3AquHlz52CL6uckx287SclE5FO4iStwMSMrOXXTixDb 

0vnA2quWG9m8nno9WlEVrwPpaqNDtgbMpB1KxYuosJHBAVCPNqxzxHkIu+S2gT43r/vR8/IqeXRszA6G92s7k39uN08OG0Y8qMqWl+xUo6CwARyQrYHxfK81EDsmz0Gvp9XNixVsiN2RiBcabacYWw== 

AnPRSc1Tt8vcrNO8d+CTtpB7WgFbXBP20ZkE7xTvEhuJ8dcJX+XYGMllVsguBzldgzJ4rqXvMXZHT0rn4RIKvelDqVjO3E1e6fqwwPLwa/I= 

AnPRSc1Tt8vcrNO8d+CTtodLxsz+fCBAZKX0jkNmZmTc4pfJSNaOb2LPfxnP2tGEW8kbCyi6qfyvyw/2wCDd31bzqm0hrQsyX/2RiL87MuU= 

AnPRSc1Tt8vcrNO8d+CTtjh2q27mTi2SknwtLXSsFz9OIlrlENVRgWKkof/VulRNi1zkpK6sCuXyPmAsUqa9jSwV5O2khROmA9MMzdZNoEI= 

AnPRSc1Tt8vcrNO8d+CTtn6CHQZqIhhb2ttgVJyeHiIIp2r5bjU/ma5YAAXetq0Xo8gX6SEEXOst/tC5Fqbo+nTeuSxjTaiUj+cNLpADSus= 

AnPRSc1Tt8vcrNO8d+CTtgDOhDFf+Op+R8somoRkadBCF7KWhtjrl9x5G7WrQ79zR/2nA/6I3V2pfhHycDIlZqWEtCSu8Heckcxbgq20ivI= 

AnPRSc1Tt8vcrNO8d+CTtgDOhDFf+Op+R8somoRkadBCF7KWhtjrl9x5G7WrQ79zR/2nA/6I3V2pfhHycDIlZr0q1j2lrD/kFSBOHuAkK6I= 

AnPRSc1Tt8vcrNO8d+CTtphasQYm1jpqWdg0rMg1hjJC/wEVTYSYiu/XMLyzOjnwNMxIouFrcik36Im0MHSKtjfGTDV+JN2gCf4MUJG7gHSva0ItaNTN+tGj9NXd0t/j 

AnPRSc1Tt8vcrNO8d+CTtnZLkP1U801QckxBxvJ2EAiDPlScY18/KW09MwdELoMVV2WBxhxvZUbtfXRHzSoeLkkL+g/EKDLrGawawBZ/PyzWZ+3rNUkWqnazQvd7MYv+18muLnvUrwbbhBE9RdvXGw== 

G+8ZPy0VbK4TF5XhUBFD/rEeg0RGB+gNWpnXJL/uMb1AFi/5wuTWgy3h5x8n/N3N2tJFmdS7dC0G+WpZf7nGdq5/iEuDbj9kCbTU7KfDxG4= 

G+8ZPy0VbK4TF5XhUBFD/tqEESuSXGwkz4SlMd8sA8LURL7kTh4kpTpYkr5hUwlW5hj0eYMmExRXTr0fVFBfD6hCKdwSuWSwUXCOD0YDAKs= 

G+8ZPy0VbK4TF5XhUBFD/oipAIz1tx0U7tuEZ6QbjaWyyG0zaf3NGmZgS9/IfGD7xLzHAXSTK06Y+clw6g80AJdXl9FYhGP3rnkzk89kl6Q= 

G+8ZPy0VbK4TF5XhUBFD/oipAIz1tx0U7tuEZ6QbjaWyyG0zaf3NGmZgS9/IfGD7xLzHAXSTK06Y+clw6g80AHh+bTFT3RDKItbAJvEnRaQ= 

G+8ZPy0VbK4TF5XhUBFD/oipAIz1tx0U7tuEZ6QbjaWyyG0zaf3NGmZgS9/IfGD7xLzHAXSTK06Y+clw6g80AIMmxpbV7i90+rh50B3myoA= 

G+8ZPy0VbK4TF5XhUBFD/nO7Dcl1kesx3yqy62p6qy6ytXD8Fl4gyO4czzIXEBiiEOL2wC9dLPwZogP/SvoUY4twghll3E+qw68BVFvxeDU= 

G+8ZPy0VbK4TF5XhUBFD/i1JbnHVhMJbm8zpaImW8qC6GXZ2SyjjSK3A4scVZ1QjcBYlUyxcomOEscESTVSi5mQYO4SSPKB5FfWa40zQvPvV0tVNYJbULChVr46nq0MQ 

G+8ZPy0VbK4TF5XhUBFD/lL70d1lmOmzryGNKeleOiDz5om5zfu7wuVwzGDlWPsw+dYjGmn2CepSw8s0nD3leOnidoPaw/p1oOQQzNgXtFgLYdi62+Jm+SBIRg0757VVnHB5/m+tcieBkjp5SPwcow== 

kNVcfE4gC7qScAeHoPR7NA/1kQZ552Wm0rTS/JPs4K/foDd1zFzKT8FMrZ1k4oXjdB44Qp1vmlVEeg8MLrkttQU2Fyh6OyNmlPflsc/EFyo= 

kNVcfE4gC7qScAeHoPR7NGiufgCcpw55HRB6jTbBuZpY67AGPMPMcfZOqZpOXMJAP7ul5W02J5GJEXBC8Y3+tDJeYIszMcjub4iD0kXSzLc= 

kNVcfE4gC7qScAeHoPR7NGiufgCcpw55HRB6jTbBuZomZTKTO6TZaC+Vn7DbiZe1XaIOEnKN/kLjGNS6omSBblZ6/xv/6EAzfrzs1Tbj1Gc= 

kNVcfE4gC7qScAeHoPR7NJVyRB7hwCWa1V3y0KpVTIJfcth7fx5AuFKtpszQIwVyPdEDOO9vuBXC8IjoDGDhZhtDfUCXbB/cjZmzqRWv3ac= 

kNVcfE4gC7qScAeHoPR7NJVyRB7hwCWa1V3y0KpVTIJfcth7fx5AuFKtpszQIwVyPdEDOO9vuBXC8IjoDGDhZlhS9V0Jq/S+BJ+vMV1M8/c= 

kNVcfE4gC7qScAeHoPR7NNK285Hocg7TmtFrPvMC7GdNUZzdFYcRn1HmHUj1I1HFQRtlc+LLfS6bQlrbkWn/8VX9osb57U5OcKla/dVY6XQ= 

kNVcfE4gC7qScAeHoPR7NNK285Hocg7TmtFrPvMC7GdNUZzdFYcRn1HmHUj1I1HFQRtlc+LLfS6bQlrbkWn/8YoBXfLpXqLXqQpH6bwlDI7OfJ5rfDcA2FamIWWvyW9t 

kNVcfE4gC7qScAeHoPR7NOKanegkWBGqk8h+OvOatYqvYEffkumVgfX+Qcez1jbuuBE2wvN6LJCOCIQK5DK6Imf5rYdtYwoW1opT15jNWYuVEIqHIrsoJhRiLr2h4W9QWHVDpnLOs8cOtncNgZJOGA== 

Q0Q7pHoEPlhz7WuVgEVC539SHWX9H3DDYB83yptimkRYzJbT9znNMGIJrxW8bRKNfrxky0xT5MCyB+6rD22TXkNGz9HhUBqeByfcFdwZ2Q4= 

Q0Q7pHoEPlhz7WuVgEVC50fOhHpE5ORy0WxdQV6pxy3g38Y5UNbUujualcKSkfY6eBeLZJSbtNaLyd0tK5W5t7b/lKk/cR2FkMUo9Q+aBl8= 

Q0Q7pHoEPlhz7WuVgEVC5wECB40YwKRdoFv7vtCCYJPilDmjRP2Mv6H2v/BjLULA/D49diaiiCd1CKyVjr+c54JV6lk1WjfUAy/6WSYF3io= 

Q0Q7pHoEPlhz7WuVgEVC5wECB40YwKRdoFv7vtCCYJPilDmjRP2Mv6H2v/BjLULA/D49diaiiCd1CKyVjr+c5xj20ula6sj8TjK6mqxgy7I= 

Q0Q7pHoEPlhz7WuVgEVC51GyYo/31QxS1wC3CYiAOPbWcvRrVN1BRv2mID0rQlagbPdXJWxum2oU5MFKNOQ1TYBTnhgInlvPJfJ2OimJwAM= 

Q0Q7pHoEPlhz7WuVgEVC51GyYo/31QxS1wC3CYiAOPbWcvRrVN1BRv2mID0rQlagbPdXJWxum2oU5MFKNOQ1TRfC+y1E9DQsU9yAQxKAcZU= 

Q0Q7pHoEPlhz7WuVgEVC51GyYo/31QxS1wC3CYiAOPbWcvRrVN1BRv2mID0rQlagbPdXJWxum2oU5MFKNOQ1TT1UTiHdq2l0dxOqaBZWRZQGWAhmS+9b4hp+s5NTCGMF 

Q0Q7pHoEPlhz7WuVgEVC52dKTCvGT/pdgxiZBGwc399Vzm8JHxXtK+K+s35/TbUeM95iCafMYYa4gFlZeqiSbVx381qw5U7gmIgK2gY5wMCYcnJYAcrnWhcZbgeyty5mhuFb4peXdhQimD6I9B+xRw== 

oDuP+1zQBbJbtwA3p6uXLvZUGJGm2X/LLMsnatTPJJ7ILk3cGxXgVrduZ7LDzqt+5ZqxI/KR/3IhO3Jv31+1IZ0+mp5oanreLGEntd59xI0= 

oDuP+1zQBbJbtwA3p6uXLtQZXNtFyi5H2zbhuK3v6/kCw2ESqcBtplZoULAsCgjOh3AeN3PWu/Lad66O4jalsJi9A4RioVpNwPJ5qphzvX8= 

oDuP+1zQBbJbtwA3p6uXLpKizJ/ecZYizE7X5gpZ7s1LmqfuNo1650mAA3CLIC88vkJ2skyNbLo9UGyH28Tomfz8h0IbiY+Qdg9p88mAg9g= 

oDuP+1zQBbJbtwA3p6uXLpKizJ/ecZYizE7X5gpZ7s1LmqfuNo1650mAA3CLIC88vkJ2skyNbLo9UGyH28TomWRt4XHL0lMoqRzi1iEJVRQ= 

oDuP+1zQBbJbtwA3p6uXLlHhxxQ7CrtPiUhNvzmzyeQRV/OPvzTBMtbLRR7AkE6yt014pdUyMt2TNZ9TJLhUOqXOeNTRQEw/ltbHSs2vjpk= 

oDuP+1zQBbJbtwA3p6uXLlHhxxQ7CrtPiUhNvzmzyeQRV/OPvzTBMtbLRR7AkE6yt014pdUyMt2TNZ9TJLhUOqzAdN+YxLzl7smUDQ75KFk= 

oDuP+1zQBbJbtwA3p6uXLls/9hqN89uB4S4l9mpS4Y3Cgc8Wg5ucInkXmooyf6jqSiPatGqsNFCrjhGmSQffLz++mc32CzuvpWls32dQzTpHmoTqyFmHQUzdrQXGluGP 

oDuP+1zQBbJbtwA3p6uXLjN2jtjQthaUwx8WyrR8/786O0pMg/x1fJIpLGFkIUgN73SToOWpU0bWjP122oYviG1RuaBJ18IDO/Sw5BMrhkReZboa2Vk7B9Qc53pyVPJqi/SSDJyCiHQPgC3UuzCoxQ== 

N10eP82lP9DA+dEYriA8MC+PXU6CvzSHMUWDMWgb0S3OyMCbZyTs5fzO0TAUZR54+5jIn+w6Hb+y/Gk13tM9pcPfLun1SUO+C4JW4eHZRXQ= 

N10eP82lP9DA+dEYriA8MKrTo6JVLiRdwoI6BgDD9ZqntMzhVBk0wFVdRWz5Q8kOa574XsD+I7gtAe6dNLKp0e/17SvBD6ajndtdaAXjNOk= 

N10eP82lP9DA+dEYriA8MC9KcZ27mdZqwF/3lzlziQQ7JiuRvrsvmTrMqeYdC3yO/BB+KJh5BeIcF3rgPbRS09GC7zy1IQ34O5ly1HYPlnc= 

N10eP82lP9DA+dEYriA8MDBWRqfkK3JNXqgPoFf2nlJ9g/zxL5uNL2mv7YUCUPsrfj3aZ5Uk0DUD13eNEtLnDTnRjekTway/UYAf88DsTos= 

N10eP82lP9DA+dEYriA8MDBWRqfkK3JNXqgPoFf2nlJ9g/zxL5uNL2mv7YUCUPsrfj3aZ5Uk0DUD13eNEtLnDatIy62q2ZvWQycNrhRH0cU= 

N10eP82lP9DA+dEYriA8MA9LG7sX7EBqXcW2jKcDFI4ft6oJy1EQQXJI3Y+q+2aCXua4x9aUyaRuPcJuQdiDApYTPhXkYNRMqkSG6se3Dq4= 

N10eP82lP9DA+dEYriA8MA9LG7sX7EBqXcW2jKcDFI4ft6oJy1EQQXJI3Y+q+2aCXua4x9aUyaRuPcJuQdiDAl9jU7+uwjIJWatcR9fhY/YCkyBnpqt2gzWyPpKFpsSW 

N10eP82lP9DA+dEYriA8MAhO+8x/YoickB/MTZ8VDRbj3IxQDGpQw9EqCVZ5l0azb9WccPYgFBXH3LiKro/jFbmCJmGyQGYVcdmJ5bTO7uEVQLm1TJgfsFXKHiEfd6a5Y52e6mNX7p4MyKzsbc/oxg== 

K/MJemmjdGcQtEIMIMMgyn2mb0ZzqV8h4lAVCl/qVKn0hJjgHiBJphzKbfEyaEV6rw1PQpsM/W1hqsva7YQ/1ing+wa5ewYEh/wQUkhj9Pc= 

K/MJemmjdGcQtEIMIMMgyscLiwZ2egaGGrpAEkQzVXCeg0mxy1vDDdvqyjTnQhaHTmDe/hdoDwxpid3ZTHCI8WAdMlz2OjrksV1rBN+Tzbg= 

K/MJemmjdGcQtEIMIMMgyi6mybD+CD58XU9RNEshujLUjjdkuzG4sv9TcS/rOt0pZdg0kgH2S7H3ehhapN7zW5KhjIrJ9SncfM++s2MVReA= 

K/MJemmjdGcQtEIMIMMgyi6mybD+CD58XU9RNEshujLUjjdkuzG4sv9TcS/rOt0pZdg0kgH2S7H3ehhapN7zW/psQLZnMAd/ygmwuG5tX3I= 

K/MJemmjdGcQtEIMIMMgylGOW3TFve2qq3pwfcDsBZPz/AEkeT5suggAlYzwTTz7dmfMOcU2AsCEW+rU2xz8iB9uDylXTMUk8ebGLqW1RDg= 

K/MJemmjdGcQtEIMIMMgyhxvp3apIKoPo3mCVmA7FnIXJUqflqr5hdVFaTEOFwUV9Pj5iBG+aaYaLZy2YgbZgI0OM/mkUW715JKFXz+Bnlo= 

K/MJemmjdGcQtEIMIMMgyhxvp3apIKoPo3mCVmA7FnIXJUqflqr5hdVFaTEOFwUV9Pj5iBG+aaYaLZy2YgbZgLQPfOCoNImIbmOtBBnNHP5fnG4ZxUmYj6C2zKxzYok1 

K/MJemmjdGcQtEIMIMMgyk03ng3m9GkbLxLFlrBT92P90jOpHiX2AsCoUZQtDD5YBqnaX5SgVDQX8wEMcB12cY+pmGo3xk0bU7gz111YI2XffSCY81TZ1Hh9BNXKYXSsZ4A026sMzVBlUANfs4FW+A== 

q54AT3oB+7iKAdRCr8sLnmsJ0lK1s+xFtDogUHiQCb1qllzACpGc2iA9mLWr1+QqVJId95NXrCotJFs9cMRPhV90ymTqTD4oZv0IpPnbUgY= 

q54AT3oB+7iKAdRCr8sLnhTzDJeBdMamNMU2e4x8G9lt1QGsszSZBKbBuj4yp/RiC1nTPf2zFHrcEzG6umFfjiUMP6vChGaN2yhi0dWygoo= 

q54AT3oB+7iKAdRCr8sLnm5qa7TWpt7v70jtHS8d3feLkifwBw0HEOnklaFX1cu15okhhAGJg5DoBVBtFDcuznucod9rlemPH/fiorGsTpg= 

q54AT3oB+7iKAdRCr8sLnkB5q17I8Pc7bbDbVdC+GURY0kblVL8AP3grcteTWmvy+Ehfecm9T+IocFlwqRM4Pb4z+UNwt+zsHioq0lRPJH4= 

q54AT3oB+7iKAdRCr8sLnkB5q17I8Pc7bbDbVdC+GURY0kblVL8AP3grcteTWmvy+Ehfecm9T+IocFlwqRM4PXDCk1QSnKo7SqTCJh4voS4= 

q54AT3oB+7iKAdRCr8sLnmyAwVlea1GbcIx9jkC2W7Zhw7JtjIwZCYTUuemOhMRozV3sL+nMaNp8rqmo5qqBE/nlcGCY88Y67Lt2cUle7wE= 

q54AT3oB+7iKAdRCr8sLngTb57TS7Bmr7gv7YuVCv8UxXA7cmTsZgRHtcNVx7cRthP5vBidGhS51Z1QnrKA6gCHBi5p2+uZsUmyrrovdpyFi3Vamy8X+3jP8yi+I6WwS 

q54AT3oB+7iKAdRCr8sLntrHWutKYZsGYkSp6FVuWvXo031JaRingdTUlScq4glz8wJ/tC+VkHRe+tLoaixOpdnbE+fyERaQhszFar49p623VYibR2PLMhXBc8LmsrWAidVmp4KBKMspJzIo5Fnfeg== 

KAYtKUBXQmdo5cTozaj9E3tArwWTuAlnQvLSdlPEi57UFljt2JXkyDe4Zr5N8eZ/lwBUQ6I1jLHGGAa7zgH38/xqDkQgSEzNmvUQi7qwrgw= 

KAYtKUBXQmdo5cTozaj9E/xHphxYtlch+s/uyAcgIweGnznn2gDoH7kgeg+epUWBDirTzjc4NY71aVBWj0MdhGgR90ahHSC6Ie9S18CJ92A= 

KAYtKUBXQmdo5cTozaj9EwrjhGVjmKA2jFp2AOaMyLoFVBfB4N07pVho75xZQ1gHkNEVtuSlLjBBF6RtPzJzjF8XMHi4tcZvjPrvOB97RWM= 

KAYtKUBXQmdo5cTozaj9EwrjhGVjmKA2jFp2AOaMyLoFVBfB4N07pVho75xZQ1gHkNEVtuSlLjBBF6RtPzJzjDjqfUBYLYUI7oNV5MWE3uE= 

KAYtKUBXQmdo5cTozaj9E1Drle4kM7DizMOw23fTMnhZ/cba30oeP2Ac173wFO+a5EkCc7pWDdNOQToLlejFGCr3FtrnB9+/4PyZq6RprAA= 

KAYtKUBXQmdo5cTozaj9E1Drle4kM7DizMOw23fTMnhZ/cba30oeP2Ac173wFO+a5EkCc7pWDdNOQToLlejFGEwBvtTyue5hvINfdlzyJ90= 

KAYtKUBXQmdo5cTozaj9E5ZdWftdGX9OrHsa0YpSHZzCuBtslXNAlKWAqEB4dKEGRNbcDUn2wbLALE6fBPze+j6WZ0zLJaDBhCd4psIuQvV4hJhQjyFthN/nMJDDz2iL 

KAYtKUBXQmdo5cTozaj9E4SbA6+4rN1jZJih8FznAIFv4iovtGd41lL+VMlcHnOqCLL+gHOPiNUjQ/b377Eu8xZM5W7VhJkCIBRV9rN2ZnxsyA0nt0bs6rcA9ypRWRU5VjEYhpeC8d3tTJGLq4/ZDw== 

pDztkVfJZKTrjVXCcvPap5Y4vW/QFuymkojyWVAfXcoOegHCV368B8UJvCw9ypX2Dq0/3vzhZ7KCpEb7jxlwYiuLzSp0T8JJcxYWCCWoupQ= 

pDztkVfJZKTrjVXCcvPap7nYmZv4tJcfkINkdM7DYJgp1Lpxmla/tplkwPnhOtn2NJOQISUvRRTIsuwLrMVnd1p+/RvsoIlBgI2cjnkas5E= 

pDztkVfJZKTrjVXCcvPap/h4tdpmNXnZlcia/Rqv3hHJgSNJ9aAHZ1y8FPtjF6HJWhjzb/64ebqZKcYsYhb55IwvXBKFaFqlxPXl8kS2lRA= 

pDztkVfJZKTrjVXCcvPapx+VeaymbEmpV/psm0W5yWSiyGMvm4bmV0JtkzUU7dvOiZj4JSmuifJANZhHGIn1hMUTnzV7eHnOBiC8r8qtJbo= 

pDztkVfJZKTrjVXCcvPapx+VeaymbEmpV/psm0W5yWSiyGMvm4bmV0JtkzUU7dvOiZj4JSmuifJANZhHGIn1hK2lqkeD1cOTmmrRiClLdSQ= 

pDztkVfJZKTrjVXCcvPap3TzT7goTIY8zIbDSS06nj5a6YQK7dQM88p/dhtdATsR3rf7OWirFjeN1czI3PRUb8nzxIMdz60/cYFUV9f6bG8= 

pDztkVfJZKTrjVXCcvPap3TzT7goTIY8zIbDSS06nj5a6YQK7dQM88p/dhtdATsR3rf7OWirFjeN1czI3PRUb4tdl/k/I8MBNcyOk+jJP7vHb5nQLlwMa39UcMfqkrKt 

pDztkVfJZKTrjVXCcvPap/FRYyzS1gSkWBbL6HoXchtAifk/xt/+7XfJyC0gH0YbYlK3FzEH0ZCAH/HHc1pz3Alxfbr7wuoldV7Tpx5p/8FaTDevqAv0OGsinFB5r9NKegHxNUSkcm+TtTy34VMEGQ== 

Hor8caY1Bs02djeiR+X+GqgxhSp+sTg7q0GABXq4pjWvRgQ7i1TJZPft+kdILdlE4ayI8fRN4vSo203YBdkcj7z0UFXe/80Sv4RwAvLV33I= 

Hor8caY1Bs02djeiR+X+Goe9zyhabtogXtSUsZkQWn32gLoRc69jWbAmGyB/iHq8XP6EE+cDUolt5ogARpnqeqW3FpEt1Smr0cRo4IhvH9Q= 

Hor8caY1Bs02djeiR+X+GnNR3GST2tlzAvBbQi1M4rjyBWvbSmVPz+WaBQtjtcNt0Q/UHpZ5Iytt7kkIEi+RNK90OjyU2qEjts5JkBzQWsI= 

Hor8caY1Bs02djeiR+X+GnNR3GST2tlzAvBbQi1M4rjyBWvbSmVPz+WaBQtjtcNt0Q/UHpZ5Iytt7kkIEi+RNBZ9wcKlSU7OQnwfB2pi3f0= 

Hor8caY1Bs02djeiR+X+GnNR3GST2tlzAvBbQi1M4rjyBWvbSmVPz+WaBQtjtcNt0Q/UHpZ5Iytt7kkIEi+RNNus4jYeVl1laOKntkLHfZM= 

Hor8caY1Bs02djeiR+X+GgD4Aw/T/uThpcL2mUZADTHbzkEbTp4hcPTwlmY+X32V803S34BGp9jRtM/PEMDutx+jRbdNBaGCS5nVl5OHmM8= 

Hor8caY1Bs02djeiR+X+GgD4Aw/T/uThpcL2mUZADTHbzkEbTp4hcPTwlmY+X32V803S34BGp9jRtM/PEMDut0dPgPEOVg5lETLk17iI2av0CF7SDztGRgOsD+8zVExF 

Hor8caY1Bs02djeiR+X+Gi5Mt28qP0jWy8nIFHhNQA1tBkk2kprCDEp2JjOb6F6Qihp55+nrkDYTeS+dTKxHAui6Beq3hHUkbz3u+bGtZ7n2qpV6MsqZOcwIPEzC/Ol2zfDtIvTLKhzZwvzRuIEoZQ== 

/Os3LqGnfZiSTrIUIruWBNrS8KVXtYFXSRRw/TI7j0CaRocAvugcScwel/RFd9kX+lH1K/Gz7pdkfC6W3D8ubu8TEquOZO0pU9exPM2w5RA= 

/Os3LqGnfZiSTrIUIruWBN2+Rm+Sks3MKqkpSOFVghj+e7LJ33uednbEOZun+k9ObXoKrOiShgER5srCXqI5wluD8XiFc5+9PwS6UcZliWY= 

/Os3LqGnfZiSTrIUIruWBC2n24DhX20FvVdXW9Gc3ndpU6sTCk+6bvHlBPQDXTh0q6aFhr4Tqd1fV7gJ8oPLXRySjhurFbjAYi89JZPuFAo= 

/Os3LqGnfZiSTrIUIruWBL1vmMEBs33aQw/FMR2PlORfQaRLWCaPY/tHqabfWwVr1YeH6k/xOGtCGOXezgj2LavFam96PU9YP2Z/DU0DDlA= 

/Os3LqGnfZiSTrIUIruWBL1vmMEBs33aQw/FMR2PlORfQaRLWCaPY/tHqabfWwVr1YeH6k/xOGtCGOXezgj2LdvOyMdQExSRr6dcTbDODWo= 

/Os3LqGnfZiSTrIUIruWBKFOcilKxj42Seb9SsbRHo2M01+JC+zLqPRlv4KVIFqvpr/zadVnQU437bc6pF53r+2+LDtgTCWFxjhQvcsK2WI= 

/Os3LqGnfZiSTrIUIruWBBWsZRKYi3t+ILPeBq9sJfsvIVFV9ZtMOX9ilPV8r8lznifamz1CVNT5vC9U5ho26lOtkddsBEA5GV4pCJazmudQSy9NfaX1OtiXHDvzDiQR 

/Os3LqGnfZiSTrIUIruWBGrmdc2AwAl6AOiNyULhkooQT8MsGOJYxOgRWWPGJQfxvfuhJ4e0sybIIRQ7LN1hyN4ql7Ldztx0X9fOOI7mt0UjQUnBKPqv2/06UZbNhFzG4rk3hXoXJzZ+GmBKCrdYxg== 

AoJ3xI9XeU+SNgCHqZEZWQNtBp25RR/rq5oL+fa7JrLOKpoAJ63sOD7l8R7J3CJJ5fSpajgAkMPSwNyMzVT8/5lLzvJITotY9H9KGIn3xSg= 

AoJ3xI9XeU+SNgCHqZEZWbCtFbmjo8hzxPpIF2m5pdY22whGOeCe0V6Rqxv9dfHgxQKNUZowWdsejR6ACLZyLsloffDgGN4yZQz2H2mn9ws= 

AoJ3xI9XeU+SNgCHqZEZWSB1+GUcqHwgUpnqLGbhU/kcvhBsc+wZVf3mYUcUZDNdZjWKDWapZok75diSTlMP+vXs4b8r6d4bO5Tw4BpBzg4= 

AoJ3xI9XeU+SNgCHqZEZWSQg33+d8kGcO4o2EcrmDUtWM2XCS3SLFq2GqXXqgmrYXzfogxsLm7EIl6I6zdxITpaQQuIQrqE2t6mRw7ctxnM= 

AoJ3xI9XeU+SNgCHqZEZWRny2eLtfYQRwwzHpc7RO7SvWCuMUo9W9GoyK+atqgPrjcSuAxVS1qMjNdqUkeOD4XxdPOv0et08laRPNS2imcc= 

AoJ3xI9XeU+SNgCHqZEZWRny2eLtfYQRwwzHpc7RO7SvWCuMUo9W9GoyK+atqgPrjcSuAxVS1qMjNdqUkeOD4SDhU7P1AFLOCZXqOEbUv6E= 

AoJ3xI9XeU+SNgCHqZEZWSqKqdmYVBBH9XNHhKjwU/o/BT3X6v1RsiLWxJUd6qb3Z0UvD6Nf/mvv59cqkGeCRbIx8VV8YNFG4rLFzUNAL90AmYLIrQQvUoRe3sLdCqP9 

AoJ3xI9XeU+SNgCHqZEZWTD+xcgNTfjUgxuW4FjHxIjJOW+4oW4LqVXH04Yow/VfmG4VBJkruhXm3YXQXSaNj2RjhtoPWxOIyMcx3X80Z7I9IW6k1nabmim9bbrPuqA+LGjUKzX0JKHBXqvZwJ2hJQ== 

qezGG1+gMVMkH3wzRT1u1I6pIegyBbHrh819DPgHH8N2FlpBiKcXVfjVE4ZQAzwx6Et8GA91cvNMQr9f1PRktgA8S72AhveCURSHCntnjkQ= 

qezGG1+gMVMkH3wzRT1u1BT5qV90BYCPoHh1brB0eXx/1154Qu/6bytALLMfPo3/QWiVvanwmJzp/s4yHSuOVGi2+UodOwSSfECQG1/MsAQ= 

qezGG1+gMVMkH3wzRT1u1P656WEoTp8H8qJMeUmv8PjXcdKx0JBAncT6IPSdBb+2vuTWjZzZ1XRdJN0l1GRG/hzpAeilp6O6cAhEt56RKO4= 

qezGG1+gMVMkH3wzRT1u1P656WEoTp8H8qJMeUmv8PjXcdKx0JBAncT6IPSdBb+2vuTWjZzZ1XRdJN0l1GRG/lIU2jM9nACtmb6uUp8IXn8= 

qezGG1+gMVMkH3wzRT1u1NSelCLsu8d0O0jNae0vPAP08tayzoLHIgFeS42hgCZ0XJ9kwehqhRvrmtF2v6Vt0yAEXTRvmOyxAbHNvqwTcqI= 

qezGG1+gMVMkH3wzRT1u1NSelCLsu8d0O0jNae0vPAP08tayzoLHIgFeS42hgCZ0XJ9kwehqhRvrmtF2v6Vt08Rk7WgH4YmZb6kATr+GSSk= 

qezGG1+gMVMkH3wzRT1u1NZAPNrn9shQ02c6/hoVv3fOrys4ygM+yiOCqMkc/4E6hlUybbsrc6OMWquA2vrEpinA7hcX0uD92lpMvw+aHBh3i6o54mN12CBD2BB61KJe 

qezGG1+gMVMkH3wzRT1u1GADKeAablNzVP6yGiu0GBO8qrsQdkxxaiRbEu/qIdMFvl+4+46YLqD6K9CELBLuwQfD8XPhYumVekF/FbqKeAnI93GU6Zs1Hrf3n1li+pdPa9nSlJOxIQNMdAHf+aB6KA== 

eFUyuxLDJ9z9oeh15noGokt0l3/Pr1NBPMeIRYa/8MRcOq+D06QDWi9WeKQmyuEB1ab5HQMpM3AcuTd6+RbKO1NIEgKlNn4K+McFnE0HY0o= 

eFUyuxLDJ9z9oeh15noGoq/b2BzNei56Gn2HA/+4JaNIiCL1b3Gwn5kUYoK7Jt40NAeC6IL82Ed1vRCAT/buS2emmYrnThU893EBncDtYhg= 

eFUyuxLDJ9z9oeh15noGospStb9P+1IbKPvu+973+p+CkjJNdoCwa+3SWuj9OoxUvynCtm5QN2tIttSSV9OIanVBrDQRzm732VMjxGvesVY= 

eFUyuxLDJ9z9oeh15noGoj0NRGEf2qaeEq7sm0IoiUeR5RPgKMN7P+8KFAZ4GWnsF4mmgh1GE4WLxKwm57X3Ea66uOY4kA95TRPbeUqKjlg= 

eFUyuxLDJ9z9oeh15noGoj0NRGEf2qaeEq7sm0IoiUeR5RPgKMN7P+8KFAZ4GWnsF4mmgh1GE4WLxKwm57X3EdWlkDGfKTpZbvbZkEsLwvI= 

eFUyuxLDJ9z9oeh15noGoszQO5ZMeHgbL1IVkMVQuQ/wHBBTBjBgp806CrYDoMloiHgFtBDE6Ttsaj15Ww74ezBjlfdZ7k/iYsPaV3uMJXc= 

eFUyuxLDJ9z9oeh15noGoszQO5ZMeHgbL1IVkMVQuQ/wHBBTBjBgp806CrYDoMloiHgFtBDE6Ttsaj15Ww74exkWz+6q/BOE4OhpQys+ZIXoRF4VetbdjMppyd87dpv9 

eFUyuxLDJ9z9oeh15noGokN0V3amDZUTH5CZ2zqGmDAzJYFCAXcevkldUbzsni5MbklC41L9DZH3RAv8MiOTesrVm05jTBQM3AaIyKo0EytFdCx5GsFwuvU3FXKVSX3TrXU0gZnoide5KUE8JHKluA== 

5OreI0gVDltiVuzdSGp0ll3HVeG9ZmIgYNRZUh9vDePSWPFWJv0bcgVWIpvII6qOIgozwt2Gegt0ICfh0ifWP3ix6R4f2EnzKebqLkPKIVw= 

5OreI0gVDltiVuzdSGp0ljSBySogL/uG5aP1UzcMRGvHFP/Sth1n07/bEmJ2K5j8hJrEDL6vVWeWO4L7WaR5CeSPAtDuDpBhDsAR8+tjwN0= 

5OreI0gVDltiVuzdSGp0lrFS3PUuewDaFiZPJoFOkTB9kV7f4UqJveZh9tlzR3Tg1sDrMffRcdMksrBqtBBVQP8+gcukBvRcbSWd+vUUcQ0= 

5OreI0gVDltiVuzdSGp0lhSLuCZKyZuNlT/2RhBFMA4co9UY12R8CM5V4W9TXi4LFepNDKeBVtySPnHIefJieGGTzgLhoqPy3/DZm+NiPsM= 

5OreI0gVDltiVuzdSGp0lhSLuCZKyZuNlT/2RhBFMA4co9UY12R8CM5V4W9TXi4LFepNDKeBVtySPnHIefJieEAjxAIbC4iJ4BkNCQbwEAY= 

5OreI0gVDltiVuzdSGp0lnL2uREIJKUPx+CuMHA33zJw4y2O/w4OmZ0y/D54puLmW1DMvgX0uFF+++Xe2uCNMbPimdQxYdyYFU4hYmItsZU= 

5OreI0gVDltiVuzdSGp0lnL2uREIJKUPx+CuMHA33zJw4y2O/w4OmZ0y/D54puLmW1DMvgX0uFF+++Xe2uCNMRZ9m5mPsA5zx9JSG8Ko7t3RXluTR/mZunjDaUpdsQsK 

5OreI0gVDltiVuzdSGp0lroI20ArWz7KL+zFrxFF2fI0gByzXvVPUbyW9vFkhe0qJX4vyoUBeO/ldCs3oBRDAj0VTVKSbZI4gzibKcsKm5lyF94d4wLpF3QVctUZ19qkc+BnKSFX2Qwk0QlA7VMBWQ== 

5i4xBIAoBaHVLpI7FcMzz8iCYKUtxIS8xJzcpDYWmP521vXdbLm8eGUi83aq0GVj2xcjUgeiFw14Cjv4Y/qblawdeuD1LLGZ93Sa2aDPODY= 

5i4xBIAoBaHVLpI7FcMzzwSngKIT8czFlDPbNa+pj9FtgUFMpB+RpD1MPRWq+zDzd8mp2lAyF0/RqUdYSdF2dV2LchRySEdPBZoUDHPlWxE= 

5i4xBIAoBaHVLpI7FcMzz8nEcry3ewmXZbQeKHY6z0s4p9MSJgqL+Wf2MOpaEhEtRo8XSPce9hbZZTl/plc72gVGzRQ0NHLDBhUT94vZmhU= 

5i4xBIAoBaHVLpI7FcMzzzzaQgWb8g8KEwZ6ZCqVaTByUPnIjlj60VKrwZf8LUvX8Q3RTFwa0f0sqO9quH5PPpChbYomutsqrO9F2i29oic= 

5i4xBIAoBaHVLpI7FcMzzwtub69ozcCCpwPMlMNsPvdZfjEa2N0Y4kN5+D1QMYzg+4klT70ZcW2Zr08IgNB61+jHi4PE9hCY7WKeaYzAzro= 

5i4xBIAoBaHVLpI7FcMzzwtub69ozcCCpwPMlMNsPvdZfjEa2N0Y4kN5+D1QMYzg+4klT70ZcW2Zr08IgNB6141T/OjWatRguAi4UgvmL/g= 

5i4xBIAoBaHVLpI7FcMzz72J9MlaDxywuGebaCGDNlyp+V6z0EsbAiiCQfQOyAyFvpZf+BfHbNFN0UQVTT7H670a0/FZsWApHJ1SvT/Z7SIL+kO51Z9p2ul2f4124HIg 

5i4xBIAoBaHVLpI7FcMzzwrqlIibBe1eG91OGfFf71+7fMqOoJMv6SyevagpV7Ofqt17TeyFFCAHHEmv6vgF7qMPgHy48u/g8Ht2m1oU7py+yVPOjEYPgv7yVATiq7jiCLcHhvpXQ5Xf8/pxy/49WQ== 

mEc2OzK9V89BlPKO2s5TbsZc0MY0v+R2PenI/4PGI1tzSAtVmlUA8TmTqd3dJrlbn1/A6Tp1mjaO6u0x++kDq+tMBz7HedTdwP/mGHas7RU= 

mEc2OzK9V89BlPKO2s5TblUwW99A9itUx5tpg8e5s/goUPFMqbu6ORyMtMEF2wnUu4ZQsonkbFAYkaQhPI0f9xUC64dNMVye/D73WedK2wA= 

mEc2OzK9V89BlPKO2s5TblDBNlLzHX6OqRmI9C8qXmPAhscwJj0NVoJVIVeVlTmfPxrPoxJC4SeXu3NCUKKzk0pMYqwngcjlGBnhcsE4jds= 

mEc2OzK9V89BlPKO2s5TblDBNlLzHX6OqRmI9C8qXmPAhscwJj0NVoJVIVeVlTmfPxrPoxJC4SeXu3NCUKKzk5o6bJeUltbHBrvkfAn1/Kk= 

mEc2OzK9V89BlPKO2s5TbsMt0mruJGVi9Rs9BPpX2ZJx1MnRvxcaLLTbonJe7ZoZVrg4ZH9pAKDRI+Euy6mGqgTJopRcWQ+NcUiBMxmV2SE= 

mEc2OzK9V89BlPKO2s5TbsMt0mruJGVi9Rs9BPpX2ZJx1MnRvxcaLLTbonJe7ZoZVrg4ZH9pAKDRI+Euy6mGqoxG2+Sx3AKA21BWwBvVW58= 

mEc2OzK9V89BlPKO2s5TbsMt0mruJGVi9Rs9BPpX2ZJx1MnRvxcaLLTbonJe7ZoZVrg4ZH9pAKDRI+Euy6mGqrMPnDG+qc7d+2vv+nZGmuOdhVzsY1EjpUu2WMRinCsp 

mEc2OzK9V89BlPKO2s5Tbq2M0E3fPxwWbT2swOjLR+bH7BVpbyopyU4Juu0QnOQ6Fs/8s6P0AZ0CVvpVfpZc1SXKclBqDLU02N6impYqddogsFryBvtg7UQzbsJkCz3n2E56X4LjPpT26irlhiqCwQ== 

F8XJVtmbC7+kRGDXqGRGiHHkFA5gQEnfyQfcySESqJvQ1JSzU1eFzYD2Esi8L/L7ycUe3IS5qmEgC/exEDPbksSsn6VqUlkODz0/P206oDg= 

F8XJVtmbC7+kRGDXqGRGiK59LIeyVnPQ/AAQdlb8mLOUpA/c+Nww2ybpbcKVT36HtLnRrh2YM/ETk4UCXmsq209NCEMrVG44zbSWnygSnLo= 

F8XJVtmbC7+kRGDXqGRGiCiPP5pafPwgGVhEQSEC42roXDtC9TduOJGtChLGYTRmwHNPqFphrLRyeKkB+cOMOIxBqfM4mMQJG79pXi1zGAQ= 

F8XJVtmbC7+kRGDXqGRGiFbODEU6JoUyivFlwZSy3OOxHoIU3oaegRC8fU4he8FXNfkhR1ZhCNiqvEmIs+kCry1wSJFQC8mS6IM2fZDa6qg= 

F8XJVtmbC7+kRGDXqGRGiF9JLJ5AWMX6htjSy2p41/HE+HcnE1UE95XkAOxnu2DVPEOb7S0/WkvIYOIcerrSlee5dffUnC/WxFsp8qlqxKU= 

F8XJVtmbC7+kRGDXqGRGiF9JLJ5AWMX6htjSy2p41/HE+HcnE1UE95XkAOxnu2DVPEOb7S0/WkvIYOIcerrSlXtgzMvu3TlUI70LX4WL4Pc= 

F8XJVtmbC7+kRGDXqGRGiECNy+Bnb5bBvVSq772KkS6kBOXIJyTaOlmXGtGmYYBybVjGHhy50rqSLlEfQv3CODQ6/mwHgsh1YGUvg5yJ3tFSLZAoOC3GcqsGzCaWhrdn 

F8XJVtmbC7+kRGDXqGRGiDXzxTH5VN/kDM57APo2y8tB3s2c6TcA+ASYvcHRksl7HIN2jalJsKGCh7U8GPSAb2f111bM78kGaotkd+6sbH6xHhd3FDNgChEaPvDCmSViaw5hBoH9EFX8JOwpAEMaGw== 

Rpbc/PJ6P2oHkhnAAdBjB8fguonXISVXB04FbeyUizeltnsk+pXGFjBLy6frQWsPGjXkFaNBgN/toWuVgrrqSlsAxrD3RF55nRhMi0/urcQ= 

Rpbc/PJ6P2oHkhnAAdBjBytLZ89FaK5IGDrhaiOiZW0wkrN5Mj00xCwgwAPfZgD2Hre+ZnV1s1eLuyfc8bxXHNa6ju5JdPmSutqAlyUHHvA= 

Rpbc/PJ6P2oHkhnAAdBjB0fBaVtpqWl7Aav+3ybhcj4z65EcBWnGxju/f+TCrp4ntIDRmMr/kJhyibUy+XG+IFx4xpBXzoLIhUX4fDqDT1Y= 

Rpbc/PJ6P2oHkhnAAdBjB0fBaVtpqWl7Aav+3ybhcj4z65EcBWnGxju/f+TCrp4ntIDRmMr/kJhyibUy+XG+IHWikmT0lGVrQevQwLmR4hg= 

Rpbc/PJ6P2oHkhnAAdBjByLt8yrasH87zGVoeHloIo10GRZ2Kfv5EnsD4hMQAPlwbPSWEvVC2y3luqudqaNauDiK14Dsvx23x2h02jm72tY= 

Rpbc/PJ6P2oHkhnAAdBjByLt8yrasH87zGVoeHloIo10GRZ2Kfv5EnsD4hMQAPlwbPSWEvVC2y3luqudqaNauMqvb12Cw7z6MkuHDfLJsXw= 

Rpbc/PJ6P2oHkhnAAdBjBwhP/IFEjBqMJ+UPb1xqIP9/tRpmJuO4wStAeuNbdlgN/gxhAIzwy1j74eaYHyoulVk6SelunZoOONaIEhOtEQD8ZOOLOZcve8PAXCVQQSkQ 

Rpbc/PJ6P2oHkhnAAdBjB1eVpHX+vfkZUEQlxR+mdr3myQ5Sgv8cV39hYF6tApasH/t3A0S4eErziqPgclsIgmOP/HxJtP46DBKgarnpii7/g20PHKzwO+3IQf47H9PykUBTvJ1ERZ2HVsQl79ejJg== 

huKhxGMAvG7oL18TTjNYrSBY2TmYgyL2L6mYZleyXhxINjOWuKYTjRQGfpkDYJgqWtnVZZyx15jWlfRFVixiZNRNZE1TKs9HA7apbd1um4Y= 

huKhxGMAvG7oL18TTjNYreUwFDLrcGAdB4d52b48eXH6Iv8UvWN8+DbK/o/a3q2RvMTN8TTrsnnFASKFDAxIIICBT5fZsUOv4Tg672r52X8= 

huKhxGMAvG7oL18TTjNYrQA6SaoO9nQX4jGLqN9qY/r8lAMYGjbf4aFjuZQX4t+7N8/keQWDgxWQPcrV6nVANInxyzvl+MsDdPxZeVm0Sjw= 

huKhxGMAvG7oL18TTjNYrSUa2GfSLLbLqbKyI+6L8E1IX+p8tZYrN6bEZjKfkNMbTYxIAgySEdjS4JHZ3AbQF0Y+pHqkkFUU5A5j1ZJZ6/Y= 

huKhxGMAvG7oL18TTjNYrfllegKraSe7omB83GAfFixxxVn5Z7+YEZK6hlsJ1XLoZXKKBntGUwt0nV8ap1xuOHgI2xemNmBqH0Bf+3JVxO0= 

huKhxGMAvG7oL18TTjNYrfllegKraSe7omB83GAfFixxxVn5Z7+YEZK6hlsJ1XLoZXKKBntGUwt0nV8ap1xuOGvqhC8VU/zDq5YRMUHXtY0= 

huKhxGMAvG7oL18TTjNYrT0TDtfvpfcHNwnw69SIvVtm97mt+T/ZoIYM+19vdm5z5EYEZcC40w18AVAE52IsynTG5z6dgDKzHtSbaVaLGVttKLwQPMrKXBS4pWaqSFw6 

huKhxGMAvG7oL18TTjNYrRYKVK2GPPxgY3m2QRVt1tXf3odlPsbHVhbjOXoYac0jA+wQt+N1QYZ9IASblXqgUYzf2qy0ED0V92h/pZ1EkUh9EqTR7b4UEFOMqFCjaF4fLJuNT9LASmckCpFhqh5/og== 

5Rj+deFfzh4MKXBtDscOJgt8bsUj75dLYy07VyznrvU6dyjkohnx3LbwafodNhwOrNKfypU6xp4BqjzYmIqvA2f4x8pCeogL5hHeeEwlWWY= 

5Rj+deFfzh4MKXBtDscOJm1zYs6pNwh7K2+JbsKZS0Gkkqf9kqGgQrlZmBaKLcgCThEdm7JAN+dE4rQ8z4gcKwMnKC/FMWPxl69yS5cnF5A= 

5Rj+deFfzh4MKXBtDscOJgW9GCiPb+bVfI8oP5RR3MGVTa7t/SBtz7XtLPwnL37v++GRd0+PCW4uCsUX8D4gMJkwUqxtfZj4vuGT2FQhP+A= 

5Rj+deFfzh4MKXBtDscOJlLHmrHU98I8r4vjCDMyp51Jcnn8sS/IPQfzw41nviro7/frpMyEe4Vkd2KJcfUiIjAeL7+dAmLlgVthOCoNGqc= 

5Rj+deFfzh4MKXBtDscOJlLHmrHU98I8r4vjCDMyp51Jcnn8sS/IPQfzw41nviro7/frpMyEe4Vkd2KJcfUiIjYMxplJdSSb78h07q32C0M= 

5Rj+deFfzh4MKXBtDscOJnExyXrQ+aigOORcSJAenlBzR3GnH9f9GJNtUOCd98AeRXRmc11Wtx0H1AJ6yCnvVML1WI5ehk+JjYFgPovS3mU= 

5Rj+deFfzh4MKXBtDscOJnExyXrQ+aigOORcSJAenlBzR3GnH9f9GJNtUOCd98AeRXRmc11Wtx0H1AJ6yCnvVGX2j/E5iJrKpWIGOGyDcLNBCZCZf5SAH3AwNiCcreB1 

5Rj+deFfzh4MKXBtDscOJkXLrCDcu0lC3kDFNRlK4q+Y9noRRpsgo40WNGPGAv3vc2vZumN+A9EypME6bgxra3YVYYqIFb1C2PvZtWfFYschsHLwMq3MmOAXfSWMJ/bGcjZwF9HvkCcuIZUsBLA+0w== 

whzkvI7qKhlF/aZufsst+dSf7jfx06HvCVeA1HlEXH8ddIWyvPyXO9PBt4h1WzvuczNtqW0urqOoS6yqwriHOxxwMpRA1JoDYwvSwMIvx3c= 

whzkvI7qKhlF/aZufsst+Vi7dezSyXrBMHVKY9IxkNlRUfw6Jd5u9lhOKH1VHrKDzUetRCTc2gPAOJcrTH9WGx1MQJQexeG0x9LXz+WTwt8= 

whzkvI7qKhlF/aZufsst+dLpUiKEs/iZo+zlMLvtjjjN9M2basik70m8AgrVWXTLXfaGGItNM63YoeakSr9dM9jol+XzaK3eJ9JdAjoCnTc= 

whzkvI7qKhlF/aZufsst+dLpUiKEs/iZo+zlMLvtjjjN9M2basik70m8AgrVWXTLXfaGGItNM63YoeakSr9dM5SQbVG3SnGf2Q9w5+bpiSY= 

whzkvI7qKhlF/aZufsst+dLpUiKEs/iZo+zlMLvtjjjN9M2basik70m8AgrVWXTLXfaGGItNM63YoeakSr9dM2U8cAU+hAdP0f5/PecgYVM= 

whzkvI7qKhlF/aZufsst+aaZCEvsNIhYrBvSbRJ5RWzQNQ4DBjhWRsSPtrNWuKbB48j0KiYuyrDqVAjVEFS7Ydv4e1u4FtjoxnEsXsYFKbA= 

whzkvI7qKhlF/aZufsst+YWqZdAfIBXIGAeudnLrCxjd8niH4SoEtmvJ3BzXm7Dyo+a+lwS2CNk+PpU7/4hOyAibfFeMe6ORpuHNMtspRDHFHqEAr0+3DLVq9Gzi0YW/ 

whzkvI7qKhlF/aZufsst+eT5mbZ6dchFqzSHpV27ERPh8Ke3FdWzRK2JChs60Pg32jEhrSBKDIr2mQLOTn5ZzZwzT+TCzDjnEbkPeC6RevB1g83FQw0LBFxWM8wzopUlJnxYQ/gDA4lPR0hSvp4y0w== 

ZUt+0pPrOiHKCJP39s1crfVEbSbXjnmhQYzK70tLvWMIOlPqtsTs2Sq3yBcKh6b3rBz8OEp6SNvP85K7ylPKp20p5FDVG6L+kbAcU8BrdDA= 

ZUt+0pPrOiHKCJP39s1crWqCbN0b/42CBHerXCtYldahhxNEt/PW1hqQ83QrL0pIViO9X4J2Lo7+TyeZ//Vl/5XtD2LXLRSElXeAmXNza0E= 

ZUt+0pPrOiHKCJP39s1crTGFC51IHD+QoVLld2r27uuN0LDu/MdpIEm2bX9bUNF8nCiCg3irWjy+l7KZMGPVg42zF8POSwWsIrVMHBmQaMM= 

ZUt+0pPrOiHKCJP39s1crXbc0Nn4vo0uFUtmkfRDq1j43ZAzaQcDQurzRFmFnl4I+ecpMZ6XJlHFFpxstIAvFxaKs9WSqChjWp67sIfi5PA= 

ZUt+0pPrOiHKCJP39s1crXbc0Nn4vo0uFUtmkfRDq1j43ZAzaQcDQurzRFmFnl4I+ecpMZ6XJlHFFpxstIAvF1zIo7XOrU+EfEzTbX2GUiY= 

ZUt+0pPrOiHKCJP39s1crXbc0Nn4vo0uFUtmkfRDq1j43ZAzaQcDQurzRFmFnl4I+ecpMZ6XJlHFFpxstIAvF36kD4PSVLRRtDn1nFX8FYs= 

ZUt+0pPrOiHKCJP39s1crYcLq8VZykUK3yUVcCAN9IhV1ZiuxmeZfnbHgejOZ9KshnIApTWBZ2UuF99im6o2yACrpnIqQWRIQ//GBdrGhuRYmKyG95kHgIVv3U+iqRZc 

ZUt+0pPrOiHKCJP39s1crRb/OESHo/TDl1zA1umSfVxaHtI5TCHdTvi/dkq8wN1D3KhF0wd0xuNmEysX7bu7pOKsbsU4y5Z7Rtyg4aTmgH9CEKCCyPlHCF3KzjHZWnGNRn2r8yFXYdz+EmMN0TH/ig== 

g7HiBhapxyCZdB0J91i71hRZ5gpldl/tEwwjqJtDG0jBQFmy/oiuc3LzcZoRJlxUyIkuZyrPuIzcbo3QuqomiS1pNlURV+uBj3idWoss+V0= 

g7HiBhapxyCZdB0J91i71gH91iUaHTa5SMlXjAJF9wFbfj4eWu5uvyFdgVfZqEPvIwSuEbF+y2oK8Y2Leyeb8GbD4O41HyO+mz7i/HY6HO0= 

g7HiBhapxyCZdB0J91i71oE1eyt9Lb3yNG6j+MHIU5jb09iVQBVTpGlf0tH6KuPWuskhTpgczuUCn0Z+zRCIyBZpUb2E5ZvKok+RyIVKzbI= 

g7HiBhapxyCZdB0J91i71pPjblh0tHByHVJkqi7Qpp+6HYGPPP0AL7mIOl2WoHAaTxlF2I4y3/pzmhywdyabLEuEMkZjti3Wq5W21sJUZCw= 

g7HiBhapxyCZdB0J91i71pPjblh0tHByHVJkqi7Qpp+6HYGPPP0AL7mIOl2WoHAaTxlF2I4y3/pzmhywdyabLIENO7qNLFNTXSJtBsQnE68= 

g7HiBhapxyCZdB0J91i71gWwiao+6W5YxGPjsd3tCcOO3ZAAYs3oYHpAokY81werdGDi1RUFymNnP8orhRu8/q+nSQpYxr3WbAejmXKJEfU= 

g7HiBhapxyCZdB0J91i71v0bjrRaHootOX7PXdlEQyfG69iKESuYacZb2mOuCDbXZV+6AxQztD5ryGRmhL61CX88izbNc/ksQRjkiujY8t+6buIFx1jiYqcu/ie/OxoL 

g7HiBhapxyCZdB0J91i71rAqXDzlxvCeZJsodPnoc+y+yTxY5Bepf2WNz0/+dZcGKqA8JCXt7uYW007OsFIwjaqa2Z5yMnp3OpOUrmwBusso80LFBrrbCdl8N1PIl9VUKy5QCYIS7oysJwOkHSzncQ== 

brOYhRCfRXsmVPRl2I3Tcb/hbn5LHDvIYhNX73KXI06Bi34co5WXV4wGfW9+j1byM9JCg4S3Px988aFj19d21PLnIMuCIQX54++TQi+EYB8= 

brOYhRCfRXsmVPRl2I3TcQt3qC31VQnJu5ujtU+eWiABSIsjnOM9mx1DwiU+FJhxaagJCHbYJchLzalMKa+aEs1wisCWAEWEjpjCrqOODpk= 

brOYhRCfRXsmVPRl2I3TcQt3qC31VQnJu5ujtU+eWiAIkrKFdjejAU36eYw7BbTwnAuyuFn+u2uiFtr5hM546A2AvOBBRdzNJSwqtGURctE= 

brOYhRCfRXsmVPRl2I3TcXpv8/sNvwoEwgCMSwBK8jPEFQaklaITmAX63GokM4VXsNxwkWZrWETZGbvbn4+Y2cvj0GxEu8vvG48K1DFQ2rk= 

brOYhRCfRXsmVPRl2I3TcXpv8/sNvwoEwgCMSwBK8jPEFQaklaITmAX63GokM4VXsNxwkWZrWETZGbvbn4+Y2eijungd3/K/PFYIfU+SPKY= 

brOYhRCfRXsmVPRl2I3TcbJ+FfpevRFSVZtw01FRUo2T5WLHr4sfz7dfRFeYoSjKD++wwmeMGtDGBgKJDf6MB6U1W1ES+TDHTW+9BOu/0uo= 

brOYhRCfRXsmVPRl2I3TcbJ+FfpevRFSVZtw01FRUo2T5WLHr4sfz7dfRFeYoSjKD++wwmeMGtDGBgKJDf6MB+e19TRlrgS6slxg3Spj7cucTm5fu3kCATZ+KsVodCO9 

brOYhRCfRXsmVPRl2I3TcYo3KT83CMjVTwtrI58CsX7p9J35CICUyy+akmq8WfTKoZWpgp8ZtQNRax8sq58qEqCMkgJf/wT3k9ADBoDo8YBEW6E0HGUcAct1+fbqn/J6zxIuewaujmihACgmCYlr4Q== 

HGmQbWLijiVH3shz21RDCTIWxWkAMVTSOA1k4hXd15C5F04AbdC87bLyfAtrCSGH6JgENGUvf1eI/LP3oBjXEJYGX2hQY0oLgZbuSCL10CI= 

HGmQbWLijiVH3shz21RDCaEPMBo6nMnUWIZDBW973ohpLLEesVMHd16KgKGcQOsewUWoVIxxzoW9EjXzNUPKwNKSdQVoPGZNaQvY/7lDXLM= 

HGmQbWLijiVH3shz21RDCaEPMBo6nMnUWIZDBW973oi9ECOvENXu7Wl0Ma5PyEKVCKr5HR/CGIov6SH02zrV617HGt/nUq9XsdUkalXRUkI= 

HGmQbWLijiVH3shz21RDCc7B7QQBZlNoBoJqgbFuljkEgPqbLoaWTDGmWfLP/ApU0C41QMUl1wFyCtJyRItFo9bvcCp7YHFEyES1oibQ2xU= 

HGmQbWLijiVH3shz21RDCc7B7QQBZlNoBoJqgbFuljkEgPqbLoaWTDGmWfLP/ApU0C41QMUl1wFyCtJyRItFo2andOeDMVCUOqPQmKjFpeE= 

HGmQbWLijiVH3shz21RDCc7wabqsxL3AFNsFss+JF3XslWIS7vYS0SUxR5NFV+Hpf5jf+WGEBbggvH2ig8LZQ5ezuca7ns549PcMvIaOVPs= 

HGmQbWLijiVH3shz21RDCbYjAsVaiEvJEzlemqWViMHOX3v2e4bB24DYB3TQybLxCLcmZ8/Wr24m/oFEkFpEmo9fL/RoolxY1f2bbY7jYezp8e2D2M97FlPfXb79mlTi 

HGmQbWLijiVH3shz21RDCXK6fzOlw899scYf0RHuV+M9PyfA94QhO2s7EeWGRYwC2J3Cgcjs1Fem6QZe7P0VjMDYcd/5wk2Jfveqclfkd4WEJ7KDvhpLcYDLooifNQ/KQ2Z0G6g4mwATz8Td3IlRnA== 

nKiph2aQRCTMyVXg/1Vd7EfwLaZgDVTdLP5BI9ow+PyxMlusSPDIwyY8uesu552HY5HK7EFFciwth6fw92+EMrFp1d0FVi9G0y/wzKod+BI= 

nKiph2aQRCTMyVXg/1Vd7G6eqvkd5j9Zq6WBD9mv3mYQ3b8KyEM2fnwU7OtqanRre55DknRk1JFErMhZJCzvdvbRTYGWyK8uffpC8YGgCMc= 

nKiph2aQRCTMyVXg/1Vd7Msyf1ZqHemKsrRzXG4VabRqWmnl4P6rwuWu9ofVCR/bjajOwlQQ1pxPV4Yj7h7tgD2SQkwx2jJfGhZvd1QGiIw= 

nKiph2aQRCTMyVXg/1Vd7Msyf1ZqHemKsrRzXG4VabRqWmnl4P6rwuWu9ofVCR/bjajOwlQQ1pxPV4Yj7h7tgPk/wpV0sEYGhGo9MGcAIRg= 

nKiph2aQRCTMyVXg/1Vd7CVxyRGVQZwq+ZZvR9ddxY4yoDakPlvv2VkHnmEJ61h9iUwuxEvnEyzf3YfpAo+aYXDw+cG5SMoisStgg9yoEIM= 

nKiph2aQRCTMyVXg/1Vd7CVxyRGVQZwq+ZZvR9ddxY4yoDakPlvv2VkHnmEJ61h9iUwuxEvnEyzf3YfpAo+aYSid3o/zmlY8mwtR8t+yKHA= 

nKiph2aQRCTMyVXg/1Vd7NJGNLXjGHR/1sYC7l6wEa/fNU0n4SVbWDZIRigzCbuk5+vv6xo4dTa6wdrzCIhTZ4P9gwZEK7fX28hMzNie2Sr2HMR9TCMQ9wDstnDA9wIq 

nKiph2aQRCTMyVXg/1Vd7G7NrwvuI6MALXC4jkqsH9Wj6ssDOPDBdrcIebO7PWM20TgHAV8pzyTpkJZjugDBpPU4fswZLZwDnehvpbXRhcQhXQCAqv4drLhSCksq5xL94E6Ac/l/bfuKj74mEkvA6w== 

h1+zrIbT+3IjAmAqLqP+zCAemtOmWV1oFblrl28ZDf47pKHUp6Ri5S1+y3hP0+COwsY/ZgLeSWLGdGoxTS9H1larTjrY2jsKMGWDuvs4jvU= 

h1+zrIbT+3IjAmAqLqP+zOh4yB+CrC7vMh0GGx8ghuO58pKNPRWogAWMyHPzAvIIvi2xr5/be6SfuvshDEejn38vvVZugSgdi6PQ3koYAAo= 

h1+zrIbT+3IjAmAqLqP+zENaxdC7NkUdTBsHDYF4p87LZsSwhIF/GOaW5Fy73olqlE9zk3wysz+jHP2KtrCBEV7rjSnZqqKzg2UYHMayCLQ= 

h1+zrIbT+3IjAmAqLqP+zDLIB19hJhMSESaMBOE1tJpA8/hbFa8yF+T0pO8FMcQJTTV68KOwY+cJrv7jC7Bwra3p6NiPjwJMDV7grv67z3E= 

h1+zrIbT+3IjAmAqLqP+zDLIB19hJhMSESaMBOE1tJpA8/hbFa8yF+T0pO8FMcQJTTV68KOwY+cJrv7jC7BwrU3dVdeCta7LsZJLHcpYCik= 

h1+zrIbT+3IjAmAqLqP+zMuPsWdzZ9vKL+b8M3AyrCIvSUmox8Z77GRwMIkYubzn5FDNn7P1SySXlAggtXTpS2rrGxVfCux+S9GPd7BM2KM= 

h1+zrIbT+3IjAmAqLqP+zMuPsWdzZ9vKL+b8M3AyrCIvSUmox8Z77GRwMIkYubzn5FDNn7P1SySXlAggtXTpS8P3Z3xxkhkL9lTnRw/bT2WrmD3bHon62cHkDkYzzqgo 

h1+zrIbT+3IjAmAqLqP+zF3bTPJDi4pysmkO7MXZ6hEAWsyXTZKiU0dYFQrGpMTvU/xXkxjE80n1IaSVVVkR+uk6r7PO2qkQ/PVK/pjGthHSywDSxvYZk+ikd7wD/YNfuegPC4mV5oFzrTztxfy+0Q== 

